timestamp,vehicle_id,engine_rpm,coolant_temp_c,fault_code
2026-07-31 02:38:25.238981,VIN-851200,2290,105,NONE
2026-07-31 02:38:26.238981,VIN-153153,2147,87,NONE
2026-07-31 02:38:27.238981,VIN-531306,2415,87,P0420
2026-07-31 02:38:28.238981,VIN-629757,0,103,NONE
2026-07-31 02:38:29.238981,VIN-370448,2056,99,P0420
2026-07-31 02:38:30.238981,VIN-253930,2435,96,P0300
2026-07-31 02:38:31.238981,VIN-010221,2645,87,P0300
2026-07-31 02:38:32.238981,VIN-464059,2983,85,P0420
2026-07-31 02:38:33.238981,VIN-798324,3055,100,NONE
2026-07-31 02:38:34.238981,VIN-678915,3157,87,P0420
2026-07-31 02:38:35.238981,VIN-109550,2219,103,P0300
2026-07-31 02:38:36.238981,VIN-552008,0,105,P0171
2026-07-31 02:38:37.238981,VIN-359691,1965,102,NONE
2026-07-31 02:38:38.238981,VIN-167218,2072,105,P0300
2026-07-31 02:38:39.238981,VIN-271076,2546,91,P0300
2026-07-31 02:38:40.238981,VIN-975031,2778,101,P0420
2026-07-31 02:38:41.238981,VIN-499178,3352,96,P0420
2026-07-31 02:38:42.238981,VIN-710114,2412,94,P0171
2026-07-31 02:38:43.238981,VIN-731344,2111,87,P0300
2026-07-31 02:38:44.238981,VIN-410360,2593,90,NONE
2026-07-31 02:38:45.238981,VIN-033725,3217,93,NONE
2026-07-31 02:38:46.238981,VIN-323315,2946,98,P0420
2026-07-31 02:38:47.238981,VIN-147904,3205,87,NONE
2026-07-31 02:38:48.238981,VIN-380594,2151,105,P0171
2026-07-31 02:38:49.238981,VIN-725539,2679,102,NONE
2026-07-31 02:38:50.238981,VIN-400528,2972,100,NONE
2026-07-31 02:38:51.238981,VIN-076126,2715,90,P0420
2026-07-31 02:38:52.238981,VIN-383458,3035,102,NONE
2026-07-31 02:38:53.238981,VIN-376374,3079,92,P0420
2026-07-31 02:38:54.238981,VIN-362732,1904,89,P0300
2026-07-31 02:38:55.238981,VIN-179618,1852,101,P0300
2026-07-31 02:38:56.238981,VIN-784325,0,87,NONE
2026-07-31 02:38:57.238981,VIN-836098,3001,102,NONE
2026-07-31 02:38:58.238981,VIN-161264,2816,102,P0300
2026-07-31 02:38:59.238981,VIN-534741,2408,92,NONE
2026-07-31 02:39:00.238981,VIN-439578,2891,98,NONE
2026-07-31 02:39:01.238981,VIN-352443,2355,96,NONE
2026-07-31 02:39:02.238981,VIN-632452,1829,89,P0420
2026-07-31 02:39:03.238981,VIN-041876,1950,102,P0300
2026-07-31 02:39:04.238981,VIN-078199,1803,97,P0300
2026-07-31 02:39:05.238981,VIN-055806,2778,93,NONE
2026-07-31 02:39:06.238981,VIN-335611,2961,98,P0300
2026-07-31 02:39:07.238981,VIN-547529,3488,87,NONE
2026-07-31 02:39:08.238981,VIN-084441,2518,87,NONE
2026-07-31 02:39:09.238981,VIN-189267,2678,100,NONE
2026-07-31 02:39:10.238981,VIN-405260,3255,85,NONE
2026-07-31 02:39:11.238981,VIN-874111,1697,85,P0420
2026-07-31 02:39:12.238981,VIN-476436,2662,104,P0420
2026-07-31 02:39:13.238981,VIN-281575,2744,100,P0171
2026-07-31 02:39:14.238981,VIN-528538,2078,93,NONE
2026-07-31 02:39:15.238981,VIN-037536,2476,88,NONE
2026-07-31 02:39:16.238981,VIN-799304,2935,103,NONE
2026-07-31 02:39:17.238981,VIN-413235,3427,89,NONE
2026-07-31 02:39:18.238981,VIN-908909,0,91,P0300
2026-07-31 02:39:19.238981,VIN-822136,3342,91,P0171
2026-07-31 02:39:20.238981,VIN-932508,2768,86,NONE
2026-07-31 02:39:21.238981,VIN-012391,3336,105,NONE
2026-07-31 02:39:22.238981,VIN-455316,2680,97,NONE
2026-07-31 02:39:23.238981,VIN-301323,2243,91,NONE
2026-07-31 02:39:24.238981,VIN-655238,3392,94,NONE
2026-07-31 02:39:25.238981,VIN-900036,1832,89,P0300
2026-07-31 02:39:26.238981,VIN-575575,2570,92,NONE
2026-07-31 02:39:27.238981,VIN-064438,3031,96,NONE
2026-07-31 02:39:28.238981,VIN-450243,2233,99,NONE
2026-07-31 02:39:29.238981,VIN-831013,3208,93,NONE
2026-07-31 02:39:30.238981,VIN-602672,1972,85,P0300
2026-07-31 02:39:31.238981,VIN-924389,3084,96,NONE
2026-07-31 02:39:32.238981,VIN-583857,1952,102,NONE
2026-07-31 02:39:33.238981,VIN-278876,1658,87,NONE
2026-07-31 02:39:34.238981,VIN-076627,1736,99,NONE
2026-07-31 02:39:35.238981,VIN-592801,0,93,P0171
2026-07-31 02:39:36.238981,VIN-128173,3011,86,P0420
2026-07-31 02:39:37.238981,VIN-971159,3035,92,NONE
2026-07-31 02:39:38.238981,VIN-711276,1879,88,P0420
2026-07-31 02:39:39.238981,VIN-286942,2070,90,NONE
2026-07-31 02:39:40.238981,VIN-500371,3244,94,P0171
2026-07-31 02:39:41.238981,VIN-856302,1560,86,NONE
2026-07-31 02:39:42.238981,VIN-362556,3053,97,P0300
2026-07-31 02:39:43.238981,VIN-552441,0,86,NONE
2026-07-31 02:39:44.238981,VIN-160483,1896,102,P0171
2026-07-31 02:39:45.238981,VIN-978768,3238,99,NONE
2026-07-31 02:39:46.238981,VIN-285001,2902,85,P0171
2026-07-31 02:39:47.238981,VIN-257916,2464,102,NONE
2026-07-31 02:39:48.238981,VIN-434650,1890,104,NONE
2026-07-31 02:39:49.238981,VIN-057355,1630,101,NONE
2026-07-31 02:39:50.238981,VIN-281422,3427,102,P0420
2026-07-31 02:39:51.238981,VIN-387606,2437,92,NONE
2026-07-31 02:39:52.238981,VIN-805295,2461,101,P0420
2026-07-31 02:39:53.238981,VIN-553190,3102,101,P0300
2026-07-31 02:39:54.238981,VIN-346415,2531,101,NONE
2026-07-31 02:39:55.238981,VIN-698936,3319,104,P0171
2026-07-31 02:39:56.238981,VIN-372190,1575,95,NONE
2026-07-31 02:39:57.238981,VIN-464341,2080,85,NONE
2026-07-31 02:39:58.238981,VIN-296487,2721,100,NONE
2026-07-31 02:39:59.238981,VIN-923270,2555,86,NONE
2026-07-31 02:40:00.238981,VIN-170482,3463,89,NONE
2026-07-31 02:40:01.238981,VIN-956938,1952,97,NONE
2026-07-31 02:40:02.238981,VIN-953446,3064,97,P0171
2026-07-31 02:40:03.238981,VIN-566356,0,105,P0300
2026-07-31 02:40:04.238981,VIN-018433,3444,104,NONE
2026-07-31 02:40:05.238981,VIN-761590,1504,100,P0420
2026-07-31 02:40:06.238981,VIN-265729,1770,95,NONE
2026-07-31 02:40:07.238981,VIN-489936,2327,88,P0300
2026-07-31 02:40:08.238981,VIN-744902,2888,97,NONE
2026-07-31 02:40:09.238981,VIN-029383,3011,86,NONE
2026-07-31 02:40:10.238981,VIN-610092,2826,101,NONE
2026-07-31 02:40:11.238981,VIN-369883,2888,100,P0300
2026-07-31 02:40:12.238981,VIN-193167,1651,103,P0171
2026-07-31 02:40:13.238981,VIN-156740,2953,85,NONE
2026-07-31 02:40:14.238981,VIN-491273,2884,101,NONE
2026-07-31 02:40:15.238981,VIN-799160,3344,104,NONE
2026-07-31 02:40:16.238981,VIN-396139,2094,94,NONE
2026-07-31 02:40:17.238981,VIN-389394,1540,93,NONE
2026-07-31 02:40:18.238981,VIN-427773,3117,105,P0171
2026-07-31 02:40:19.238981,VIN-272971,2806,95,P0300
2026-07-31 02:40:20.238981,VIN-394163,1599,105,NONE
2026-07-31 02:40:21.238981,VIN-437412,2505,101,P0300
2026-07-31 02:40:22.238981,VIN-920788,0,102,NONE
2026-07-31 02:40:23.238981,VIN-786106,2106,94,NONE
2026-07-31 02:40:24.238981,VIN-027821,2086,86,P0171
2026-07-31 02:40:25.238981,VIN-533340,1867,87,NONE
2026-07-31 02:40:26.238981,VIN-247690,2323,91,NONE
2026-07-31 02:40:27.238981,VIN-197705,1900,104,P0171
2026-07-31 02:40:28.238981,VIN-555459,3240,87,P0420
2026-07-31 02:40:29.238981,VIN-021080,2316,88,P0300
2026-07-31 02:40:30.238981,VIN-470775,2343,93,NONE
2026-07-31 02:40:31.238981,VIN-183402,1830,88,NONE
2026-07-31 02:40:32.238981,VIN-034347,1559,93,P0300
2026-07-31 02:40:33.238981,VIN-677300,2653,103,NONE
2026-07-31 02:40:34.238981,VIN-613124,2772,91,NONE
2026-07-31 02:40:35.238981,VIN-850658,2739,103,P0171
2026-07-31 02:40:36.238981,VIN-847779,2951,99,P0300
2026-07-31 02:40:37.238981,VIN-741187,3106,99,P0171
2026-07-31 02:40:38.238981,VIN-645502,2219,88,P0300
2026-07-31 02:40:39.238981,VIN-707666,3274,102,NONE
2026-07-31 02:40:40.238981,VIN-581798,2882,87,NONE
2026-07-31 02:40:41.238981,VIN-250169,3500,86,P0420
2026-07-31 02:40:42.238981,VIN-483372,1645,99,NONE
2026-07-31 02:40:43.238981,VIN-279345,2320,91,NONE
2026-07-31 02:40:44.238981,VIN-290353,2929,100,NONE
2026-07-31 02:40:45.238981,VIN-831413,2915,91,NONE
2026-07-31 02:40:46.238981,VIN-957432,2699,99,P0171
2026-07-31 02:40:47.238981,VIN-283906,1717,85,P0300
2026-07-31 02:40:48.238981,VIN-423064,2439,95,NONE
2026-07-31 02:40:49.238981,VIN-517809,2492,91,NONE
2026-07-31 02:40:50.238981,VIN-234347,1639,85,NONE
2026-07-31 02:40:51.238981,VIN-256715,2293,97,NONE
2026-07-31 02:40:52.238981,VIN-799369,1520,87,NONE
2026-07-31 02:40:53.238981,VIN-978055,2228,91,P0171
2026-07-31 02:40:54.238981,VIN-268626,1886,88,P0171
2026-07-31 02:40:55.238981,VIN-316992,2612,98,NONE
2026-07-31 02:40:56.238981,VIN-927123,2153,91,P0300
2026-07-31 02:40:57.238981,VIN-281625,2323,85,NONE
2026-07-31 02:40:58.238981,VIN-056557,3070,91,P0420
2026-07-31 02:40:59.238981,VIN-830298,1755,94,P0420
2026-07-31 02:41:00.238981,VIN-174449,2164,98,NONE
2026-07-31 02:41:01.238981,VIN-375686,1769,99,NONE
2026-07-31 02:41:02.238981,VIN-868594,1590,100,P0420
2026-07-31 02:41:03.238981,VIN-520166,1938,105,P0420
2026-07-31 02:41:04.238981,VIN-612691,1572,96,NONE
2026-07-31 02:41:05.238981,VIN-107167,2695,104,NONE
2026-07-31 02:41:06.238981,VIN-724236,3062,89,NONE
2026-07-31 02:41:07.238981,VIN-063734,3086,96,P0300
2026-07-31 02:41:08.238981,VIN-525017,2746,88,P0420
2026-07-31 02:41:09.238981,VIN-984985,2092,101,P0171
2026-07-31 02:41:10.238981,VIN-469702,2262,85,P0420
2026-07-31 02:41:11.238981,VIN-280543,1806,87,NONE
2026-07-31 02:41:12.238981,VIN-066943,2644,90,P0420
2026-07-31 02:41:13.238981,VIN-590846,1520,101,NONE
2026-07-31 02:41:14.238981,VIN-948238,2491,99,NONE
2026-07-31 02:41:15.238981,VIN-282625,2979,85,P0300
2026-07-31 02:41:16.238981,VIN-450688,3168,94,NONE
2026-07-31 02:41:17.238981,VIN-474397,1732,89,P0300
2026-07-31 02:41:18.238981,VIN-865940,1609,105,NONE
2026-07-31 02:41:19.238981,VIN-188444,2007,92,NONE
2026-07-31 02:41:20.238981,VIN-437164,1653,95,NONE
2026-07-31 02:41:21.238981,VIN-188357,2471,99,P0300
2026-07-31 02:41:22.238981,VIN-076949,2277,105,P0420
2026-07-31 02:41:23.238981,VIN-341751,2993,90,P0171
2026-07-31 02:41:24.238981,VIN-113279,2794,89,P0420
2026-07-31 02:41:25.238981,VIN-458851,2235,89,NONE
2026-07-31 02:41:26.238981,VIN-315099,2021,102,P0300
2026-07-31 02:41:27.238981,VIN-529133,3000,92,P0420
2026-07-31 02:41:28.238981,VIN-528837,0,90,NONE
2026-07-31 02:41:29.238981,VIN-942884,0,87,NONE
2026-07-31 02:41:30.238981,VIN-375013,2533,89,NONE
2026-07-31 02:41:31.238981,VIN-999098,2159,95,P0420
2026-07-31 02:41:32.238981,VIN-516260,1965,98,NONE
2026-07-31 02:41:33.238981,VIN-668507,2339,105,NONE
2026-07-31 02:41:34.238981,VIN-349143,1903,86,P0171
2026-07-31 02:41:35.238981,VIN-563472,2557,98,NONE
2026-07-31 02:41:36.238981,VIN-872752,1687,91,NONE
2026-07-31 02:41:37.238981,VIN-854940,1780,95,NONE
2026-07-31 02:41:38.238981,VIN-549123,2213,93,P0171
2026-07-31 02:41:39.238981,VIN-354237,2764,90,P0171
2026-07-31 02:41:40.238981,VIN-182500,3162,92,NONE
2026-07-31 02:41:41.238981,VIN-058812,3141,97,NONE
2026-07-31 02:41:42.238981,VIN-435723,3025,103,P0300
2026-07-31 02:41:43.238981,VIN-260546,1510,87,P0171
2026-07-31 02:41:44.238981,VIN-416769,1774,105,P0420
2026-07-31 02:41:45.238981,VIN-088573,0,88,NONE
2026-07-31 02:41:46.238981,VIN-440630,3158,86,P0420
2026-07-31 02:41:47.238981,VIN-825932,1701,91,P0420
2026-07-31 02:41:48.238981,VIN-981389,1662,95,NONE
2026-07-31 02:41:49.238981,VIN-596735,2633,102,P0171
2026-07-31 02:41:50.238981,VIN-626497,2962,94,P0171
2026-07-31 02:41:51.238981,VIN-155666,3400,90,P0420
2026-07-31 02:41:52.238981,VIN-585767,1624,87,P0300
2026-07-31 02:41:53.238981,VIN-798143,3303,97,NONE
2026-07-31 02:41:54.238981,VIN-704716,1974,91,NONE
2026-07-31 02:41:55.238981,VIN-600462,2018,99,NONE
2026-07-31 02:41:56.238981,VIN-943892,2741,98,P0420
2026-07-31 02:41:57.238981,VIN-462272,2162,101,P0300
2026-07-31 02:41:58.238981,VIN-398495,3446,86,P0171
2026-07-31 02:41:59.238981,VIN-888498,3123,93,P0420
2026-07-31 02:42:00.238981,VIN-093228,3153,91,P0171
2026-07-31 02:42:01.238981,VIN-758033,2240,94,NONE
2026-07-31 02:42:02.238981,VIN-057042,2596,90,P0171
2026-07-31 02:42:03.238981,VIN-430317,1704,86,P0300
2026-07-31 02:42:04.238981,VIN-890413,2315,100,NONE
2026-07-31 02:42:05.238981,VIN-830286,3339,88,NONE
2026-07-31 02:42:06.238981,VIN-201939,3191,97,NONE
2026-07-31 02:42:07.238981,VIN-836475,2109,97,P0420
2026-07-31 02:42:08.238981,VIN-472733,1699,88,P0300
2026-07-31 02:42:09.238981,VIN-794704,2753,97,NONE
2026-07-31 02:42:10.238981,VIN-040185,2190,90,P0300
2026-07-31 02:42:11.238981,VIN-868874,2968,90,NONE
2026-07-31 02:42:12.238981,VIN-893657,2455,85,NONE
2026-07-31 02:42:13.238981,VIN-535523,3320,87,P0171
2026-07-31 02:42:14.238981,VIN-198982,3142,98,NONE
2026-07-31 02:42:15.238981,VIN-945607,3192,95,NONE
2026-07-31 02:42:16.238981,VIN-346721,2154,90,NONE
2026-07-31 02:42:17.238981,VIN-795575,2629,89,NONE
2026-07-31 02:42:18.238981,VIN-943341,3107,94,NONE
2026-07-31 02:42:19.238981,VIN-069038,1534,92,NONE
2026-07-31 02:42:20.238981,VIN-740413,2900,96,NONE
2026-07-31 02:42:21.238981,VIN-012619,2106,90,NONE
2026-07-31 02:42:22.238981,VIN-945527,2262,94,P0420
2026-07-31 02:42:23.238981,VIN-455530,0,95,NONE
2026-07-31 02:42:24.238981,VIN-861137,2067,101,P0171
2026-07-31 02:42:25.238981,VIN-186749,1617,103,P0300
2026-07-31 02:42:26.238981,VIN-742748,2557,90,P0420
2026-07-31 02:42:27.238981,VIN-055162,2784,88,NONE
2026-07-31 02:42:28.238981,VIN-121965,2099,101,P0300
2026-07-31 02:42:29.238981,VIN-540070,2206,98,NONE
2026-07-31 02:42:30.238981,VIN-436042,0,104,NONE
2026-07-31 02:42:31.238981,VIN-333391,2181,92,NONE
2026-07-31 02:42:32.238981,VIN-602725,2900,104,NONE
2026-07-31 02:42:33.238981,VIN-305056,2211,97,NONE
2026-07-31 02:42:34.238981,VIN-723458,1647,87,NONE
2026-07-31 02:42:35.238981,VIN-240901,2824,85,NONE
2026-07-31 02:42:36.238981,VIN-690321,2174,87,NONE
2026-07-31 02:42:37.238981,VIN-873270,2903,103,P0300
2026-07-31 02:42:38.238981,VIN-002309,2001,102,P0420
2026-07-31 02:42:39.238981,VIN-035217,1691,95,P0300
2026-07-31 02:42:40.238981,VIN-565465,2171,91,NONE
2026-07-31 02:42:41.238981,VIN-110415,3229,104,NONE
2026-07-31 02:42:42.238981,VIN-756933,1588,104,NONE
2026-07-31 02:42:43.238981,VIN-941362,3384,85,P0420
2026-07-31 02:42:44.238981,VIN-866463,1541,100,P0300
2026-07-31 02:42:45.238981,VIN-390911,1791,100,P0420
2026-07-31 02:42:46.238981,VIN-108287,2023,93,P0420
2026-07-31 02:42:47.238981,VIN-463871,3193,93,NONE
2026-07-31 02:42:48.238981,VIN-171873,2919,88,NONE
2026-07-31 02:42:49.238981,VIN-194336,1662,92,NONE
2026-07-31 02:42:50.238981,VIN-393803,1851,103,NONE
2026-07-31 02:42:51.238981,VIN-194110,1697,101,NONE
2026-07-31 02:42:52.238981,VIN-904308,2605,89,NONE
2026-07-31 02:42:53.238981,VIN-878500,2870,104,NONE
2026-07-31 02:42:54.238981,VIN-142609,2550,88,NONE
2026-07-31 02:42:55.238981,VIN-138777,2644,102,NONE
2026-07-31 02:42:56.238981,VIN-208906,3444,94,P0171
2026-07-31 02:42:57.238981,VIN-879556,3071,97,NONE
2026-07-31 02:42:58.238981,VIN-891508,2096,88,NONE
2026-07-31 02:42:59.238981,VIN-091180,2176,86,P0300
2026-07-31 02:43:00.238981,VIN-031063,3348,87,NONE
2026-07-31 02:43:01.238981,VIN-795669,1677,87,NONE
2026-07-31 02:43:02.238981,VIN-410154,1873,102,P0300
2026-07-31 02:43:03.238981,VIN-097144,3417,103,NONE
2026-07-31 02:43:04.238981,VIN-788930,2079,94,P0420
2026-07-31 02:43:05.238981,VIN-838668,1960,105,NONE
2026-07-31 02:43:06.238981,VIN-025926,2724,101,NONE
2026-07-31 02:43:07.238981,VIN-072915,2951,99,P0171
2026-07-31 02:43:08.238981,VIN-827721,1849,98,P0171
2026-07-31 02:43:09.238981,VIN-867042,2562,98,NONE
2026-07-31 02:43:10.238981,VIN-517025,2942,103,P0420
2026-07-31 02:43:11.238981,VIN-101777,1604,98,P0420
2026-07-31 02:43:12.238981,VIN-145140,2340,87,NONE
2026-07-31 02:43:13.238981,VIN-298278,3096,100,P0300
2026-07-31 02:43:14.238981,VIN-075883,2436,85,NONE
2026-07-31 02:43:15.238981,VIN-843119,1981,94,NONE
2026-07-31 02:43:16.238981,VIN-097816,3060,98,NONE
2026-07-31 02:43:17.238981,VIN-193153,1981,101,P0300
2026-07-31 02:43:18.238981,VIN-189577,2226,105,P0420
2026-07-31 02:43:19.238981,VIN-213531,0,100,P0420
2026-07-31 02:43:20.238981,VIN-026449,3372,89,NONE
2026-07-31 02:43:21.238981,VIN-743842,2433,101,P0171
2026-07-31 02:43:22.238981,VIN-827973,2767,104,P0300
2026-07-31 02:43:23.238981,VIN-026578,2894,85,P0171
2026-07-31 02:43:24.238981,VIN-376099,3243,92,NONE
2026-07-31 02:43:25.238981,VIN-416402,1868,100,P0420
2026-07-31 02:43:26.238981,VIN-484111,2479,97,P0420
2026-07-31 02:43:27.238981,VIN-289107,1602,92,NONE
2026-07-31 02:43:28.238981,VIN-057085,2805,103,NONE
2026-07-31 02:43:29.238981,VIN-078046,1859,105,NONE
2026-07-31 02:43:30.238981,VIN-382790,3453,89,P0420
2026-07-31 02:43:31.238981,VIN-249509,2875,99,NONE
2026-07-31 02:43:32.238981,VIN-952736,2428,94,P0300
2026-07-31 02:43:33.238981,VIN-511934,3416,98,NONE
2026-07-31 02:43:34.238981,VIN-996139,0,93,NONE
2026-07-31 02:43:35.238981,VIN-798091,3045,91,NONE
2026-07-31 02:43:36.238981,VIN-297409,1511,87,P0171
2026-07-31 02:43:37.238981,VIN-080749,2135,101,P0300
2026-07-31 02:43:38.238981,VIN-780695,1578,105,P0420
2026-07-31 02:43:39.238981,VIN-043430,3195,85,P0171
2026-07-31 02:43:40.238981,VIN-966832,2875,87,P0420
2026-07-31 02:43:41.238981,VIN-078061,2031,98,NONE
2026-07-31 02:43:42.238981,VIN-240424,2099,104,P0420
2026-07-31 02:43:43.238981,VIN-807339,3453,104,NONE
2026-07-31 02:43:44.238981,VIN-321742,3218,105,P0300
2026-07-31 02:43:45.238981,VIN-551094,2101,100,P0420
2026-07-31 02:43:46.238981,VIN-504753,2788,97,NONE
2026-07-31 02:43:47.238981,VIN-083543,1613,104,P0171
2026-07-31 02:43:48.238981,VIN-547719,2659,96,NONE
2026-07-31 02:43:49.238981,VIN-732369,2522,92,NONE
2026-07-31 02:43:50.238981,VIN-407727,2712,103,NONE
2026-07-31 02:43:51.238981,VIN-519544,2898,88,NONE
2026-07-31 02:43:52.238981,VIN-265648,1561,92,NONE
2026-07-31 02:43:53.238981,VIN-804335,0,86,P0300
2026-07-31 02:43:54.238981,VIN-967739,2026,104,NONE
2026-07-31 02:43:55.238981,VIN-844434,1813,101,P0300
2026-07-31 02:43:56.238981,VIN-309201,1876,104,NONE
2026-07-31 02:43:57.238981,VIN-833976,3195,85,NONE
2026-07-31 02:43:58.238981,VIN-587893,3453,101,NONE
2026-07-31 02:43:59.238981,VIN-424691,3285,97,NONE
2026-07-31 02:44:00.238981,VIN-767322,3396,90,P0300
2026-07-31 02:44:01.238981,VIN-010514,1861,94,NONE
2026-07-31 02:44:02.238981,VIN-215983,2686,90,NONE
2026-07-31 02:44:03.238981,VIN-190878,2728,94,NONE
2026-07-31 02:44:04.238981,VIN-383637,2107,95,P0420
2026-07-31 02:44:05.238981,VIN-461722,2630,103,P0420
2026-07-31 02:44:06.238981,VIN-425581,1937,90,P0300
2026-07-31 02:44:07.238981,VIN-679388,2877,91,NONE
2026-07-31 02:44:08.238981,VIN-610832,2325,89,P0420
2026-07-31 02:44:09.238981,VIN-866405,0,97,NONE
2026-07-31 02:44:10.238981,VIN-202983,1988,101,NONE
2026-07-31 02:44:11.238981,VIN-393293,2569,85,NONE
2026-07-31 02:44:12.238981,VIN-451977,1895,85,NONE
2026-07-31 02:44:13.238981,VIN-364947,2964,91,P0420
2026-07-31 02:44:14.238981,VIN-566673,1561,89,NONE
2026-07-31 02:44:15.238981,VIN-003619,2824,90,P0171
2026-07-31 02:44:16.238981,VIN-888263,3163,101,P0420
2026-07-31 02:44:17.238981,VIN-366107,2846,87,P0171
2026-07-31 02:44:18.238981,VIN-809341,1723,95,P0171
2026-07-31 02:44:19.238981,VIN-305043,2822,86,NONE
2026-07-31 02:44:20.238981,VIN-671907,3368,88,P0300
2026-07-31 02:44:21.238981,VIN-478546,1645,85,NONE
2026-07-31 02:44:22.238981,VIN-060935,2164,90,NONE
2026-07-31 02:44:23.238981,VIN-582337,2782,103,P0420
2026-07-31 02:44:24.238981,VIN-940116,2952,91,NONE
2026-07-31 02:44:25.238981,VIN-941069,2407,91,P0171
2026-07-31 02:44:26.238981,VIN-775358,3386,92,NONE
2026-07-31 02:44:27.238981,VIN-543284,2721,103,P0300
2026-07-31 02:44:28.238981,VIN-928145,2888,105,NONE
2026-07-31 02:44:29.238981,VIN-852955,2595,87,P0420
2026-07-31 02:44:30.238981,VIN-785362,2275,100,P0420
2026-07-31 02:44:31.238981,VIN-221755,2583,98,NONE
2026-07-31 02:44:32.238981,VIN-886081,3131,91,P0171
2026-07-31 02:44:33.238981,VIN-614924,1622,88,NONE
2026-07-31 02:44:34.238981,VIN-807392,3199,97,NONE
2026-07-31 02:44:35.238981,VIN-790335,2620,103,P0171
2026-07-31 02:44:36.238981,VIN-358532,2260,98,NONE
2026-07-31 02:44:37.238981,VIN-129584,2023,99,P0300
2026-07-31 02:44:38.238981,VIN-189466,1688,101,NONE
2026-07-31 02:44:39.238981,VIN-170837,3390,105,NONE
2026-07-31 02:44:40.238981,VIN-963885,1572,93,NONE
2026-07-31 02:44:41.238981,VIN-797191,2032,85,NONE
2026-07-31 02:44:42.238981,VIN-920549,1994,89,NONE
2026-07-31 02:44:43.238981,VIN-562236,2820,93,NONE
2026-07-31 02:44:44.238981,VIN-458803,1805,90,NONE
2026-07-31 02:44:45.238981,VIN-545472,1588,94,P0171
2026-07-31 02:44:46.238981,VIN-210869,2736,89,NONE
2026-07-31 02:44:47.238981,VIN-675496,2248,88,NONE
2026-07-31 02:44:48.238981,VIN-458224,2286,94,NONE
2026-07-31 02:44:49.238981,VIN-241997,1518,89,P0171
2026-07-31 02:44:50.238981,VIN-228814,3169,87,NONE
2026-07-31 02:44:51.238981,VIN-356915,1618,85,P0420
2026-07-31 02:44:52.238981,VIN-774002,1926,98,NONE
2026-07-31 02:44:53.238981,VIN-156840,2272,90,P0300
2026-07-31 02:44:54.238981,VIN-632853,3059,95,P0420
2026-07-31 02:44:55.238981,VIN-339686,2418,88,NONE
2026-07-31 02:44:56.238981,VIN-619210,2016,93,P0300
2026-07-31 02:44:57.238981,VIN-990496,2088,87,NONE
2026-07-31 02:44:58.238981,VIN-156530,1790,92,NONE
2026-07-31 02:44:59.238981,VIN-092255,1608,85,P0171
2026-07-31 02:45:00.238981,VIN-700571,2297,86,NONE
2026-07-31 02:45:01.238981,VIN-028445,2022,88,NONE
2026-07-31 02:45:02.238981,VIN-229647,3327,96,NONE
2026-07-31 02:45:03.238981,VIN-236355,1857,94,P0171
2026-07-31 02:45:04.238981,VIN-022562,2948,92,NONE
2026-07-31 02:45:05.238981,VIN-529699,3341,97,P0300
2026-07-31 02:45:06.238981,VIN-722645,1591,94,P0171
2026-07-31 02:45:07.238981,VIN-015202,2515,90,P0171
2026-07-31 02:45:08.238981,VIN-123258,2148,96,P0300
2026-07-31 02:45:09.238981,VIN-597706,2283,103,P0420
2026-07-31 02:45:10.238981,VIN-636585,1626,97,P0420
2026-07-31 02:45:11.238981,VIN-649273,0,105,NONE
2026-07-31 02:45:12.238981,VIN-345419,2823,102,NONE
2026-07-31 02:45:13.238981,VIN-009483,2781,93,P0300
2026-07-31 02:45:14.238981,VIN-821473,2204,93,NONE
2026-07-31 02:45:15.238981,VIN-979124,2188,93,P0300
2026-07-31 02:45:16.238981,VIN-840805,2774,96,P0171
2026-07-31 02:45:17.238981,VIN-446436,2478,100,P0300
2026-07-31 02:45:18.238981,VIN-477431,2541,90,NONE
2026-07-31 02:45:19.238981,VIN-744979,3005,91,NONE
2026-07-31 02:45:20.238981,VIN-813224,2404,86,NONE
2026-07-31 02:45:21.238981,VIN-026595,2408,89,NONE
2026-07-31 02:45:22.238981,VIN-654601,2542,101,P0171
2026-07-31 02:45:23.238981,VIN-135226,2066,92,NONE
2026-07-31 02:45:24.238981,VIN-496920,3139,104,NONE
2026-07-31 02:45:25.238981,VIN-973137,2862,93,P0171
2026-07-31 02:45:26.238981,VIN-005301,3444,96,NONE
2026-07-31 02:45:27.238981,VIN-975294,3164,87,NONE
2026-07-31 02:45:28.238981,VIN-315438,3054,96,NONE
2026-07-31 02:45:29.238981,VIN-613905,3394,85,NONE
2026-07-31 02:45:30.238981,VIN-417579,2565,94,P0300
2026-07-31 02:45:31.238981,VIN-906477,0,103,P0171
2026-07-31 02:45:32.238981,VIN-432979,2126,102,P0300
2026-07-31 02:45:33.238981,VIN-734774,1665,87,NONE
2026-07-31 02:45:34.238981,VIN-289939,2846,103,NONE
2026-07-31 02:45:35.238981,VIN-207884,2137,85,NONE
2026-07-31 02:45:36.238981,VIN-758041,1785,99,NONE
2026-07-31 02:45:37.238981,VIN-021696,3142,104,P0300
2026-07-31 02:45:38.238981,VIN-404462,3441,89,NONE
2026-07-31 02:45:39.238981,VIN-248004,2611,85,P0420
2026-07-31 02:45:40.238981,VIN-275902,1926,100,NONE
2026-07-31 02:45:41.238981,VIN-604033,1663,99,P0420
2026-07-31 02:45:42.238981,VIN-897107,2963,95,NONE
2026-07-31 02:45:43.238981,VIN-843782,3463,99,P0420
2026-07-31 02:45:44.238981,VIN-632092,2224,91,NONE
2026-07-31 02:45:45.238981,VIN-900716,3172,85,NONE
2026-07-31 02:45:46.238981,VIN-398901,1964,93,NONE
2026-07-31 02:45:47.238981,VIN-732713,2685,102,P0171
2026-07-31 02:45:48.238981,VIN-165037,2207,97,P0171
2026-07-31 02:45:49.238981,VIN-892091,2472,102,NONE
2026-07-31 02:45:50.238981,VIN-609570,3265,94,P0300
2026-07-31 02:45:51.238981,VIN-304766,1982,101,P0300
2026-07-31 02:45:52.238981,VIN-873502,3215,88,P0420
2026-07-31 02:45:53.238981,VIN-543459,1534,86,P0171
2026-07-31 02:45:54.238981,VIN-790035,3083,95,P0420
2026-07-31 02:45:55.238981,VIN-237712,2108,101,NONE
2026-07-31 02:45:56.238981,VIN-789671,2932,93,NONE
2026-07-31 02:45:57.238981,VIN-088980,1889,86,P0300
2026-07-31 02:45:58.238981,VIN-476384,3273,95,NONE
2026-07-31 02:45:59.238981,VIN-815802,2836,89,P0300
2026-07-31 02:46:00.238981,VIN-596363,3133,105,P0300
2026-07-31 02:46:01.238981,VIN-109521,3280,98,NONE
2026-07-31 02:46:02.238981,VIN-522454,1705,88,P0300
2026-07-31 02:46:03.238981,VIN-407057,0,101,NONE
2026-07-31 02:46:04.238981,VIN-151058,2239,85,P0420
2026-07-31 02:46:05.238981,VIN-912513,2131,102,P0171
2026-07-31 02:46:06.238981,VIN-386787,2340,105,P0420
2026-07-31 02:46:07.238981,VIN-065355,2378,85,P0300
2026-07-31 02:46:08.238981,VIN-823462,2459,88,P0420
2026-07-31 02:46:09.238981,VIN-795252,2705,102,P0171
2026-07-31 02:46:10.238981,VIN-656465,2385,105,P0300
2026-07-31 02:46:11.238981,VIN-639540,2526,96,P0300
2026-07-31 02:46:12.238981,VIN-030266,2475,100,P0300
2026-07-31 02:46:13.238981,VIN-523985,2851,99,NONE
2026-07-31 02:46:14.238981,VIN-505761,2861,100,P0300
2026-07-31 02:46:15.238981,VIN-650963,1990,100,NONE
2026-07-31 02:46:16.238981,VIN-765417,2257,93,P0420
2026-07-31 02:46:17.238981,VIN-606639,2122,99,P0300
2026-07-31 02:46:18.238981,VIN-681086,3054,87,P0420
2026-07-31 02:46:19.238981,VIN-495789,2150,85,P0420
2026-07-31 02:46:20.238981,VIN-445247,2337,103,P0300
2026-07-31 02:46:21.238981,VIN-696173,1849,94,NONE
2026-07-31 02:46:22.238981,VIN-743365,2932,98,NONE
2026-07-31 02:46:23.238981,VIN-667712,2796,85,NONE
2026-07-31 02:46:24.238981,VIN-351447,3300,101,P0171
2026-07-31 02:46:25.238981,VIN-219789,3252,86,P0300
2026-07-31 02:46:26.238981,VIN-781444,2228,87,NONE
2026-07-31 02:46:27.238981,VIN-953585,3055,96,P0171
2026-07-31 02:46:28.238981,VIN-330377,1654,95,NONE
2026-07-31 02:46:29.238981,VIN-659743,2910,93,P0420
2026-07-31 02:46:30.238981,VIN-899146,1712,90,NONE
2026-07-31 02:46:31.238981,VIN-090221,2043,100,NONE
2026-07-31 02:46:32.238981,VIN-015932,3247,91,P0420
2026-07-31 02:46:33.238981,VIN-023922,3161,85,P0171
2026-07-31 02:46:34.238981,VIN-928205,2554,91,NONE
2026-07-31 02:46:35.238981,VIN-103273,1709,100,P0420
2026-07-31 02:46:36.238981,VIN-472902,3322,85,NONE
2026-07-31 02:46:37.238981,VIN-291875,2976,97,P0420
2026-07-31 02:46:38.238981,VIN-400454,2815,87,NONE
2026-07-31 02:46:39.238981,VIN-097071,1735,104,NONE
2026-07-31 02:46:40.238981,VIN-650049,2227,89,P0171
2026-07-31 02:46:41.238981,VIN-163876,2184,88,NONE
2026-07-31 02:46:42.238981,VIN-997840,1509,95,NONE
2026-07-31 02:46:43.238981,VIN-587341,3309,103,P0171
2026-07-31 02:46:44.238981,VIN-078209,2303,95,NONE
2026-07-31 02:46:45.238981,VIN-568036,1740,102,NONE
2026-07-31 02:46:46.238981,VIN-334799,3498,103,NONE
2026-07-31 02:46:47.238981,VIN-467047,2781,94,P0171
2026-07-31 02:46:48.238981,VIN-209365,2460,97,NONE
2026-07-31 02:46:49.238981,VIN-608264,2987,85,P0171
2026-07-31 02:46:50.238981,VIN-259441,2095,100,P0171
2026-07-31 02:46:51.238981,VIN-882162,3266,102,NONE
2026-07-31 02:46:52.238981,VIN-557890,1665,97,P0171
2026-07-31 02:46:53.238981,VIN-704174,0,95,NONE
2026-07-31 02:46:54.238981,VIN-052557,2178,94,P0420
2026-07-31 02:46:55.238981,VIN-702775,2146,98,P0300
2026-07-31 02:46:56.238981,VIN-831420,2527,94,NONE
2026-07-31 02:46:57.238981,VIN-634992,2215,102,NONE
2026-07-31 02:46:58.238981,VIN-334208,1757,105,NONE
2026-07-31 02:46:59.238981,VIN-450739,2637,85,NONE
2026-07-31 02:47:00.238981,VIN-966046,0,87,NONE
2026-07-31 02:47:01.238981,VIN-808845,3309,96,NONE
2026-07-31 02:47:02.238981,VIN-300092,3115,97,NONE
2026-07-31 02:47:03.238981,VIN-818666,2437,103,P0300
2026-07-31 02:47:04.238981,VIN-835979,2950,88,NONE
2026-07-31 02:47:05.238981,VIN-624638,0,105,P0420
2026-07-31 02:47:06.238981,VIN-487620,2169,96,NONE
2026-07-31 02:47:07.238981,VIN-202353,2589,96,P0300
2026-07-31 02:47:08.238981,VIN-146161,1934,98,P0300
2026-07-31 02:47:09.238981,VIN-732376,2598,103,NONE
2026-07-31 02:47:10.238981,VIN-252103,3065,97,NONE
2026-07-31 02:47:11.238981,VIN-670884,3036,102,NONE
2026-07-31 02:47:12.238981,VIN-592829,1533,100,NONE
2026-07-31 02:47:13.238981,VIN-071082,2731,91,P0300
2026-07-31 02:47:14.238981,VIN-093752,3101,88,P0171
2026-07-31 02:47:15.238981,VIN-845492,1530,89,NONE
2026-07-31 02:47:16.238981,VIN-153766,0,94,NONE
2026-07-31 02:47:17.238981,VIN-391894,1507,86,NONE
2026-07-31 02:47:18.238981,VIN-071060,2738,97,P0300
2026-07-31 02:47:19.238981,VIN-012148,0,96,NONE
2026-07-31 02:47:20.238981,VIN-573340,3450,92,NONE
2026-07-31 02:47:21.238981,VIN-670524,1523,89,NONE
2026-07-31 02:47:22.238981,VIN-662792,1609,94,P0171
2026-07-31 02:47:23.238981,VIN-847247,0,89,NONE
2026-07-31 02:47:24.238981,VIN-746121,0,98,P0171
2026-07-31 02:47:25.238981,VIN-334178,2539,92,NONE
2026-07-31 02:47:26.238981,VIN-506798,2520,90,NONE
2026-07-31 02:47:27.238981,VIN-494880,2085,92,P0300
2026-07-31 02:47:28.238981,VIN-199386,2937,89,NONE
2026-07-31 02:47:29.238981,VIN-918288,2781,105,P0420
2026-07-31 02:47:30.238981,VIN-462730,3419,87,NONE
2026-07-31 02:47:31.238981,VIN-249101,3204,85,NONE
2026-07-31 02:47:32.238981,VIN-986533,2046,93,NONE
2026-07-31 02:47:33.238981,VIN-332107,1718,97,NONE
2026-07-31 02:47:34.238981,VIN-399753,2546,101,NONE
2026-07-31 02:47:35.238981,VIN-315654,1890,92,NONE
2026-07-31 02:47:36.238981,VIN-780738,2263,103,NONE
2026-07-31 02:47:37.238981,VIN-805774,2089,94,NONE
2026-07-31 02:47:38.238981,VIN-422559,2851,92,NONE
2026-07-31 02:47:39.238981,VIN-953749,1920,91,NONE
2026-07-31 02:47:40.238981,VIN-032414,1592,89,P0171
2026-07-31 02:47:41.238981,VIN-345175,2375,91,NONE
2026-07-31 02:47:42.238981,VIN-745763,1872,99,NONE
2026-07-31 02:47:43.238981,VIN-165820,2597,105,P0420
2026-07-31 02:47:44.238981,VIN-164127,2041,89,P0171
2026-07-31 02:47:45.238981,VIN-668239,2406,98,P0420
2026-07-31 02:47:46.238981,VIN-189686,1915,91,NONE
2026-07-31 02:47:47.238981,VIN-606905,0,94,NONE
2026-07-31 02:47:48.238981,VIN-295286,3349,99,NONE
2026-07-31 02:47:49.238981,VIN-440672,3187,95,NONE
2026-07-31 02:47:50.238981,VIN-353760,2698,96,P0420
2026-07-31 02:47:51.238981,VIN-638220,3112,87,P0171
2026-07-31 02:47:52.238981,VIN-444680,2351,102,NONE
2026-07-31 02:47:53.238981,VIN-686011,3258,91,NONE
2026-07-31 02:47:54.238981,VIN-633321,2854,96,NONE
2026-07-31 02:47:55.238981,VIN-586291,2917,98,NONE
2026-07-31 02:47:56.238981,VIN-694385,3043,89,P0420
2026-07-31 02:47:57.238981,VIN-830186,2259,98,NONE
2026-07-31 02:47:58.238981,VIN-133401,3366,97,NONE
2026-07-31 02:47:59.238981,VIN-892904,1531,97,P0300
2026-07-31 02:48:00.238981,VIN-096271,1763,101,P0171
2026-07-31 02:48:01.238981,VIN-947382,2374,91,NONE
2026-07-31 02:48:02.238981,VIN-977540,2355,89,NONE
2026-07-31 02:48:03.238981,VIN-533220,2160,85,NONE
2026-07-31 02:48:04.238981,VIN-395984,3208,93,P0420
2026-07-31 02:48:05.238981,VIN-812993,1941,104,P0171
2026-07-31 02:48:06.238981,VIN-556231,2266,103,NONE
2026-07-31 02:48:07.238981,VIN-589648,3239,87,NONE
2026-07-31 02:48:08.238981,VIN-936932,2139,91,P0420
2026-07-31 02:48:09.238981,VIN-817263,1921,105,NONE
2026-07-31 02:48:10.238981,VIN-963009,2118,86,NONE
2026-07-31 02:48:11.238981,VIN-240156,1892,103,NONE
2026-07-31 02:48:12.238981,VIN-601107,3222,105,P0300
2026-07-31 02:48:13.238981,VIN-971712,3484,100,NONE
2026-07-31 02:48:14.238981,VIN-695917,1911,92,P0171
2026-07-31 02:48:15.238981,VIN-447643,1688,93,NONE
2026-07-31 02:48:16.238981,VIN-345869,2779,100,P0300
2026-07-31 02:48:17.238981,VIN-390638,3374,103,P0420
2026-07-31 02:48:18.238981,VIN-865563,2164,85,NONE
2026-07-31 02:48:19.238981,VIN-764697,2479,105,NONE
2026-07-31 02:48:20.238981,VIN-895840,2464,88,NONE
2026-07-31 02:48:21.238981,VIN-539065,3353,103,NONE
2026-07-31 02:48:22.238981,VIN-909028,2582,101,P0420
2026-07-31 02:48:23.238981,VIN-746232,3021,86,P0171
2026-07-31 02:48:24.238981,VIN-559202,3478,93,P0171
2026-07-31 02:48:25.238981,VIN-695683,3371,97,P0300
2026-07-31 02:48:26.238981,VIN-781683,1606,88,P0420
2026-07-31 02:48:27.238981,VIN-621911,2375,90,NONE
2026-07-31 02:48:28.238981,VIN-605154,3095,100,NONE
2026-07-31 02:48:29.238981,VIN-368460,2389,94,NONE
2026-07-31 02:48:30.238981,VIN-735361,1701,96,NONE
2026-07-31 02:48:31.238981,VIN-897522,1553,86,NONE
2026-07-31 02:48:32.238981,VIN-076729,2794,87,NONE
2026-07-31 02:48:33.238981,VIN-660867,3200,105,NONE
2026-07-31 02:48:34.238981,VIN-994868,1577,97,NONE
2026-07-31 02:48:35.238981,VIN-477276,2436,100,NONE
2026-07-31 02:48:36.238981,VIN-243856,2329,89,NONE
2026-07-31 02:48:37.238981,VIN-470658,3458,98,NONE
2026-07-31 02:48:38.238981,VIN-170062,2811,91,P0171
2026-07-31 02:48:39.238981,VIN-649613,3349,105,P0300
2026-07-31 02:48:40.238981,VIN-518762,1886,89,P0420
2026-07-31 02:48:41.238981,VIN-142726,2409,86,NONE
2026-07-31 02:48:42.238981,VIN-593949,2631,97,NONE
2026-07-31 02:48:43.238981,VIN-895472,2573,88,NONE
2026-07-31 02:48:44.238981,VIN-426165,1563,97,P0300
2026-07-31 02:48:45.238981,VIN-651448,2734,89,NONE
2026-07-31 02:48:46.238981,VIN-943007,1779,100,P0300
2026-07-31 02:48:47.238981,VIN-973330,3258,91,NONE
2026-07-31 02:48:48.238981,VIN-343206,1808,89,NONE
2026-07-31 02:48:49.238981,VIN-570628,2777,98,P0420
2026-07-31 02:48:50.238981,VIN-757849,1983,99,P0420
2026-07-31 02:48:51.238981,VIN-263029,3328,91,P0300
2026-07-31 02:48:52.238981,VIN-370792,2490,87,NONE
2026-07-31 02:48:53.238981,VIN-850082,2270,93,NONE
2026-07-31 02:48:54.238981,VIN-845529,0,102,P0171
2026-07-31 02:48:55.238981,VIN-103737,1824,97,NONE
2026-07-31 02:48:56.238981,VIN-968769,3007,104,P0420
2026-07-31 02:48:57.238981,VIN-895412,2838,86,P0300
2026-07-31 02:48:58.238981,VIN-814751,2622,102,NONE
2026-07-31 02:48:59.238981,VIN-494840,1586,88,NONE
2026-07-31 02:49:00.238981,VIN-485961,3175,92,P0300
2026-07-31 02:49:01.238981,VIN-700186,2016,93,NONE
2026-07-31 02:49:02.238981,VIN-504297,3333,103,P0420
2026-07-31 02:49:03.238981,VIN-802462,1635,94,NONE
2026-07-31 02:49:04.238981,VIN-294441,3340,101,NONE
2026-07-31 02:49:05.238981,VIN-299935,2286,94,NONE
2026-07-31 02:49:06.238981,VIN-405239,2627,100,P0300
2026-07-31 02:49:07.238981,VIN-972908,0,103,NONE
2026-07-31 02:49:08.238981,VIN-782824,3293,89,NONE
2026-07-31 02:49:09.238981,VIN-756536,1670,93,NONE
2026-07-31 02:49:10.238981,VIN-890399,2606,86,NONE
2026-07-31 02:49:11.238981,VIN-974932,2120,105,NONE
2026-07-31 02:49:12.238981,VIN-989291,2502,90,P0171
2026-07-31 02:49:13.238981,VIN-500551,1510,95,NONE
2026-07-31 02:49:14.238981,VIN-584146,1647,98,NONE
2026-07-31 02:49:15.238981,VIN-900388,2529,98,NONE
2026-07-31 02:49:16.238981,VIN-252853,2365,86,NONE
2026-07-31 02:49:17.238981,VIN-814614,2695,102,P0171
2026-07-31 02:49:18.238981,VIN-840328,2192,86,NONE
2026-07-31 02:49:19.238981,VIN-054834,2484,98,NONE
2026-07-31 02:49:20.238981,VIN-214021,2864,87,P0420
2026-07-31 02:49:21.238981,VIN-256422,2281,105,NONE
2026-07-31 02:49:22.238981,VIN-261309,3370,93,P0300
2026-07-31 02:49:23.238981,VIN-746278,3044,89,NONE
2026-07-31 02:49:24.238981,VIN-679444,3143,93,P0420
2026-07-31 02:49:25.238981,VIN-933606,2067,89,NONE
2026-07-31 02:49:26.238981,VIN-958443,2168,85,NONE
2026-07-31 02:49:27.238981,VIN-646842,2990,97,NONE
2026-07-31 02:49:28.238981,VIN-822799,2173,86,NONE
2026-07-31 02:49:29.238981,VIN-639093,2473,98,NONE
2026-07-31 02:49:30.238981,VIN-701027,1691,104,P0300
2026-07-31 02:49:31.238981,VIN-499576,1896,95,NONE
2026-07-31 02:49:32.238981,VIN-891873,1522,100,P0300
2026-07-31 02:49:33.238981,VIN-631584,1959,93,NONE
2026-07-31 02:49:34.238981,VIN-482949,1938,104,NONE
2026-07-31 02:49:35.238981,VIN-164950,2965,90,P0171
2026-07-31 02:49:36.238981,VIN-299009,2398,86,NONE
2026-07-31 02:49:37.238981,VIN-114119,3320,95,NONE
2026-07-31 02:49:38.238981,VIN-111457,2063,97,NONE
2026-07-31 02:49:39.238981,VIN-282140,1782,97,P0300
2026-07-31 02:49:40.238981,VIN-321046,1958,94,P0420
2026-07-31 02:49:41.238981,VIN-645725,1940,93,NONE
2026-07-31 02:49:42.238981,VIN-748197,2186,91,P0300
2026-07-31 02:49:43.238981,VIN-772507,1947,103,P0300
2026-07-31 02:49:44.238981,VIN-364383,1832,95,P0420
2026-07-31 02:49:45.238981,VIN-055627,2934,88,P0300
2026-07-31 02:49:46.238981,VIN-675773,3453,88,P0420
2026-07-31 02:49:47.238981,VIN-080149,2179,89,NONE
2026-07-31 02:49:48.238981,VIN-049975,3406,87,P0171
2026-07-31 02:49:49.238981,VIN-086272,3480,86,NONE
2026-07-31 02:49:50.238981,VIN-628360,0,103,NONE
2026-07-31 02:49:51.238981,VIN-974546,1741,94,NONE
2026-07-31 02:49:52.238981,VIN-728246,3362,103,NONE
2026-07-31 02:49:53.238981,VIN-775683,2254,96,NONE
2026-07-31 02:49:54.238981,VIN-129245,0,92,NONE
2026-07-31 02:49:55.238981,VIN-134538,1698,88,NONE
2026-07-31 02:49:56.238981,VIN-991160,3175,100,P0420
2026-07-31 02:49:57.238981,VIN-072498,3340,92,NONE
2026-07-31 02:49:58.238981,VIN-675231,2218,92,NONE
2026-07-31 02:49:59.238981,VIN-492225,1771,99,P0300
2026-07-31 02:50:00.238981,VIN-817005,3095,95,NONE
2026-07-31 02:50:01.238981,VIN-264102,2062,97,P0171
2026-07-31 02:50:02.238981,VIN-373142,2102,102,NONE
2026-07-31 02:50:03.238981,VIN-970592,2368,102,NONE
2026-07-31 02:50:04.238981,VIN-047117,3217,85,NONE
2026-07-31 02:50:05.238981,VIN-520005,2223,103,NONE
2026-07-31 02:50:06.238981,VIN-830959,3186,89,P0171
2026-07-31 02:50:07.238981,VIN-709647,2704,99,P0171
2026-07-31 02:50:08.238981,VIN-160044,1739,94,NONE
2026-07-31 02:50:09.238981,VIN-619761,2603,88,NONE
2026-07-31 02:50:10.238981,VIN-757214,1596,96,NONE
2026-07-31 02:50:11.238981,VIN-589968,3384,97,NONE
2026-07-31 02:50:12.238981,VIN-830672,3036,92,NONE
2026-07-31 02:50:13.238981,VIN-747863,2422,92,P0420
2026-07-31 02:50:14.238981,VIN-451681,2444,98,P0171
2026-07-31 02:50:15.238981,VIN-218867,2328,90,P0300
2026-07-31 02:50:16.238981,VIN-312012,2239,85,P0420
2026-07-31 02:50:17.238981,VIN-631326,2030,93,NONE
2026-07-31 02:50:18.238981,VIN-631560,0,86,NONE
2026-07-31 02:50:19.238981,VIN-024170,1542,98,NONE
2026-07-31 02:50:20.238981,VIN-830955,2286,86,P0171
2026-07-31 02:50:21.238981,VIN-690125,1646,88,NONE
2026-07-31 02:50:22.238981,VIN-533398,1682,98,NONE
2026-07-31 02:50:23.238981,VIN-145239,2730,95,NONE
2026-07-31 02:50:24.238981,VIN-596253,2433,101,NONE
2026-07-31 02:50:25.238981,VIN-126305,1571,96,P0300
2026-07-31 02:50:26.238981,VIN-287254,2069,90,P0300
2026-07-31 02:50:27.238981,VIN-526800,3397,94,P0300
2026-07-31 02:50:28.238981,VIN-093394,2903,103,NONE
2026-07-31 02:50:29.238981,VIN-993351,1650,93,NONE
2026-07-31 02:50:30.238981,VIN-601685,1704,97,P0171
2026-07-31 02:50:31.238981,VIN-607270,3028,102,P0171
2026-07-31 02:50:32.238981,VIN-933429,3099,105,NONE
2026-07-31 02:50:33.238981,VIN-351721,1763,99,P0420
2026-07-31 02:50:34.238981,VIN-541087,3129,99,P0300
2026-07-31 02:50:35.238981,VIN-209765,2413,90,P0420
2026-07-31 02:50:36.238981,VIN-440460,2537,105,P0300
2026-07-31 02:50:37.238981,VIN-252765,2029,86,P0171
2026-07-31 02:50:38.238981,VIN-342980,1890,91,P0171
2026-07-31 02:50:39.238981,VIN-135809,0,85,P0300
2026-07-31 02:50:40.238981,VIN-254531,1964,105,NONE
2026-07-31 02:50:41.238981,VIN-348643,2638,92,P0171
2026-07-31 02:50:42.238981,VIN-875241,1833,85,P0171
2026-07-31 02:50:43.238981,VIN-809818,3207,100,NONE
2026-07-31 02:50:44.238981,VIN-930131,2979,101,NONE
2026-07-31 02:50:45.238981,VIN-226804,0,95,NONE
2026-07-31 02:50:46.238981,VIN-737052,2841,99,NONE
2026-07-31 02:50:47.238981,VIN-961071,1971,90,P0171
2026-07-31 02:50:48.238981,VIN-237021,0,97,P0420
2026-07-31 02:50:49.238981,VIN-063379,2303,85,P0420
2026-07-31 02:50:50.238981,VIN-024073,2024,102,NONE
2026-07-31 02:50:51.238981,VIN-621636,2882,91,NONE
2026-07-31 02:50:52.238981,VIN-798123,1522,97,P0171
2026-07-31 02:50:53.238981,VIN-917181,2702,85,NONE
2026-07-31 02:50:54.238981,VIN-433609,3325,95,P0420
2026-07-31 02:50:55.238981,VIN-808605,1863,99,NONE
2026-07-31 02:50:56.238981,VIN-121273,2406,94,NONE
2026-07-31 02:50:57.238981,VIN-806722,3178,92,NONE
2026-07-31 02:50:58.238981,VIN-958504,1772,101,NONE
2026-07-31 02:50:59.238981,VIN-190011,1812,89,P0420
2026-07-31 02:51:00.238981,VIN-774195,0,92,P0420
2026-07-31 02:51:01.238981,VIN-659030,1795,101,P0171
2026-07-31 02:51:02.238981,VIN-077491,2045,105,P0420
2026-07-31 02:51:03.238981,VIN-408885,3466,103,NONE
2026-07-31 02:51:04.238981,VIN-277709,3264,94,P0300
2026-07-31 02:51:05.238981,VIN-051860,2825,90,P0171
2026-07-31 02:51:06.238981,VIN-138517,3025,88,P0300
2026-07-31 02:51:07.238981,VIN-594126,2754,93,P0171
2026-07-31 02:51:08.238981,VIN-617432,1515,94,NONE
2026-07-31 02:51:09.238981,VIN-274772,3046,89,NONE
2026-07-31 02:51:10.238981,VIN-043397,1949,101,P0420
2026-07-31 02:51:11.238981,VIN-741967,1507,90,P0171
2026-07-31 02:51:12.238981,VIN-967920,1794,100,NONE
2026-07-31 02:51:13.238981,VIN-576365,1897,100,NONE
2026-07-31 02:51:14.238981,VIN-908935,2968,98,P0171
2026-07-31 02:51:15.238981,VIN-222409,1590,101,P0300
2026-07-31 02:51:16.238981,VIN-208229,2774,105,NONE
2026-07-31 02:51:17.238981,VIN-366394,2797,102,NONE
2026-07-31 02:51:18.238981,VIN-374801,3154,103,P0300
2026-07-31 02:51:19.238981,VIN-828929,3390,101,NONE
2026-07-31 02:51:20.238981,VIN-013822,2233,93,NONE
2026-07-31 02:51:21.238981,VIN-507758,2670,99,NONE
2026-07-31 02:51:22.238981,VIN-157626,3298,102,P0420
2026-07-31 02:51:23.238981,VIN-019143,3276,102,P0171
2026-07-31 02:51:24.238981,VIN-811375,0,96,P0300
2026-07-31 02:51:25.238981,VIN-833934,2940,93,NONE
2026-07-31 02:51:26.238981,VIN-137715,2309,89,NONE
2026-07-31 02:51:27.238981,VIN-864432,2727,85,P0420
2026-07-31 02:51:28.238981,VIN-213957,1551,99,P0300
2026-07-31 02:51:29.238981,VIN-770718,2395,88,NONE
2026-07-31 02:51:30.238981,VIN-109176,0,99,NONE
2026-07-31 02:51:31.238981,VIN-056859,1610,90,P0171
2026-07-31 02:51:32.238981,VIN-512049,2852,95,NONE
2026-07-31 02:51:33.238981,VIN-895915,2088,93,NONE
2026-07-31 02:51:34.238981,VIN-942080,0,100,NONE
2026-07-31 02:51:35.238981,VIN-733506,3496,99,P0420
2026-07-31 02:51:36.238981,VIN-528316,1955,105,P0300
2026-07-31 02:51:37.238981,VIN-957896,2018,104,NONE
2026-07-31 02:51:38.238981,VIN-791600,3310,100,NONE
2026-07-31 02:51:39.238981,VIN-241899,3057,97,NONE
2026-07-31 02:51:40.238981,VIN-274384,2633,96,NONE
2026-07-31 02:51:41.238981,VIN-986541,2657,98,P0420
2026-07-31 02:51:42.238981,VIN-542046,2731,87,NONE
2026-07-31 02:51:43.238981,VIN-502074,1989,103,NONE
2026-07-31 02:51:44.238981,VIN-009236,1904,99,P0300
2026-07-31 02:51:45.238981,VIN-032555,3104,95,P0300
2026-07-31 02:51:46.238981,VIN-349585,2110,90,P0420
2026-07-31 02:51:47.238981,VIN-800724,2592,85,NONE
2026-07-31 02:51:48.238981,VIN-893723,3117,101,P0420
2026-07-31 02:51:49.238981,VIN-593669,2482,94,NONE
2026-07-31 02:51:50.238981,VIN-019747,1922,104,NONE
2026-07-31 02:51:51.238981,VIN-172981,2296,100,P0171
2026-07-31 02:51:52.238981,VIN-503115,3424,99,NONE
2026-07-31 02:51:53.238981,VIN-864328,1965,103,NONE
2026-07-31 02:51:54.238981,VIN-862251,2994,91,P0420
2026-07-31 02:51:55.238981,VIN-765915,2945,86,NONE
2026-07-31 02:51:56.238981,VIN-177674,2205,95,P0300
2026-07-31 02:51:57.238981,VIN-417905,1617,103,NONE
2026-07-31 02:51:58.238981,VIN-700993,1696,85,P0300
2026-07-31 02:51:59.238981,VIN-716955,2906,94,P0171
2026-07-31 02:52:00.238981,VIN-524048,1509,99,NONE
2026-07-31 02:52:01.238981,VIN-756052,2249,97,P0300
2026-07-31 02:52:02.238981,VIN-013534,3305,88,P0171
2026-07-31 02:52:03.238981,VIN-696513,1514,86,NONE
2026-07-31 02:52:04.238981,VIN-187529,1638,86,P0171
2026-07-31 02:52:05.238981,VIN-105573,2059,99,P0171
2026-07-31 02:52:06.238981,VIN-445557,0,86,P0300
2026-07-31 02:52:07.238981,VIN-708943,1965,89,P0171
2026-07-31 02:52:08.238981,VIN-758293,2774,87,NONE
2026-07-31 02:52:09.238981,VIN-074260,1827,94,NONE
2026-07-31 02:52:10.238981,VIN-754945,3237,101,NONE
2026-07-31 02:52:11.238981,VIN-469824,2240,93,P0171
2026-07-31 02:52:12.238981,VIN-725594,2750,104,NONE
2026-07-31 02:52:13.238981,VIN-605285,1513,105,NONE
2026-07-31 02:52:14.238981,VIN-790260,2460,99,P0420
2026-07-31 02:52:15.238981,VIN-490989,2265,85,NONE
2026-07-31 02:52:16.238981,VIN-832008,2148,99,NONE
2026-07-31 02:52:17.238981,VIN-629893,1567,100,P0171
2026-07-31 02:52:18.238981,VIN-791337,3033,100,P0300
2026-07-31 02:52:19.238981,VIN-370871,2699,88,NONE
2026-07-31 02:52:20.238981,VIN-567470,1713,87,NONE
2026-07-31 02:52:21.238981,VIN-348598,2011,97,P0420
2026-07-31 02:52:22.238981,VIN-320491,1874,85,P0300
2026-07-31 02:52:23.238981,VIN-346504,2921,90,P0171
2026-07-31 02:52:24.238981,VIN-684502,2938,100,NONE
2026-07-31 02:52:25.238981,VIN-854526,1951,90,P0300
2026-07-31 02:52:26.238981,VIN-825340,3355,87,NONE
2026-07-31 02:52:27.238981,VIN-568122,1660,99,NONE
2026-07-31 02:52:28.238981,VIN-129163,2593,90,P0171
2026-07-31 02:52:29.238981,VIN-802733,3030,95,NONE
2026-07-31 02:52:30.238981,VIN-076027,2561,103,NONE
2026-07-31 02:52:31.238981,VIN-948599,3032,102,P0171
2026-07-31 02:52:32.238981,VIN-273334,2407,94,NONE
2026-07-31 02:52:33.238981,VIN-965665,1965,92,P0420
2026-07-31 02:52:34.238981,VIN-764556,3322,99,P0171
2026-07-31 02:52:35.238981,VIN-095546,3267,105,NONE
2026-07-31 02:52:36.238981,VIN-596056,2629,92,NONE
2026-07-31 02:52:37.238981,VIN-465947,2599,97,P0420
2026-07-31 02:52:38.238981,VIN-894164,2805,105,NONE
2026-07-31 02:52:39.238981,VIN-318324,3290,98,P0420
2026-07-31 02:52:40.238981,VIN-816606,2062,90,NONE
2026-07-31 02:52:41.238981,VIN-305713,2056,90,P0420
2026-07-31 02:52:42.238981,VIN-407683,1672,97,P0300
2026-07-31 02:52:43.238981,VIN-373999,2891,100,P0300
2026-07-31 02:52:44.238981,VIN-081901,2248,98,P0420
2026-07-31 02:52:45.238981,VIN-475398,3008,85,NONE
2026-07-31 02:52:46.238981,VIN-396391,2057,89,NONE
2026-07-31 02:52:47.238981,VIN-015532,2366,85,P0420
2026-07-31 02:52:48.238981,VIN-050878,1557,90,NONE
2026-07-31 02:52:49.238981,VIN-152390,2969,103,P0171
2026-07-31 02:52:50.238981,VIN-619966,2403,98,P0171
2026-07-31 02:52:51.238981,VIN-533433,2694,96,P0300
2026-07-31 02:52:52.238981,VIN-175211,2578,86,P0420
2026-07-31 02:52:53.238981,VIN-799101,3104,103,P0171
2026-07-31 02:52:54.238981,VIN-841475,1649,96,NONE
2026-07-31 02:52:55.238981,VIN-328934,2094,90,NONE
2026-07-31 02:52:56.238981,VIN-925287,2630,94,NONE
2026-07-31 02:52:57.238981,VIN-310333,0,101,P0420
2026-07-31 02:52:58.238981,VIN-305536,1993,89,NONE
2026-07-31 02:52:59.238981,VIN-938353,3494,97,NONE
2026-07-31 02:53:00.238981,VIN-773502,2810,103,NONE
2026-07-31 02:53:01.238981,VIN-267691,3380,96,NONE
2026-07-31 02:53:02.238981,VIN-043865,3302,102,NONE
2026-07-31 02:53:03.238981,VIN-436507,3027,86,NONE
2026-07-31 02:53:04.238981,VIN-816810,2235,90,P0420
2026-07-31 02:53:05.238981,VIN-324825,1842,88,P0171
2026-07-31 02:53:06.238981,VIN-120956,3291,97,NONE
2026-07-31 02:53:07.238981,VIN-381240,2791,94,P0300
2026-07-31 02:53:08.238981,VIN-234199,0,100,P0420
2026-07-31 02:53:09.238981,VIN-559894,3016,85,NONE
2026-07-31 02:53:10.238981,VIN-268503,2789,91,NONE
2026-07-31 02:53:11.238981,VIN-367855,2826,101,NONE
2026-07-31 02:53:12.238981,VIN-965112,1640,101,NONE
2026-07-31 02:53:13.238981,VIN-860839,2963,103,P0420
2026-07-31 02:53:14.238981,VIN-273137,3378,94,P0171
2026-07-31 02:53:15.238981,VIN-331201,2783,91,NONE
2026-07-31 02:53:16.238981,VIN-669500,1676,98,P0171
2026-07-31 02:53:17.238981,VIN-334633,3174,93,NONE
2026-07-31 02:53:18.238981,VIN-405048,2122,91,NONE
2026-07-31 02:53:19.238981,VIN-357950,2140,94,P0300
2026-07-31 02:53:20.238981,VIN-828331,1790,88,P0420
2026-07-31 02:53:21.238981,VIN-220776,2943,102,P0420
2026-07-31 02:53:22.238981,VIN-087023,2604,93,NONE
2026-07-31 02:53:23.238981,VIN-516601,2328,101,P0300
2026-07-31 02:53:24.238981,VIN-160679,3036,97,P0300
2026-07-31 02:53:25.238981,VIN-265615,1546,103,NONE
2026-07-31 02:53:26.238981,VIN-826184,2512,100,NONE
2026-07-31 02:53:27.238981,VIN-929304,2837,97,NONE
2026-07-31 02:53:28.238981,VIN-438973,1683,104,P0300
2026-07-31 02:53:29.238981,VIN-031691,1590,105,NONE
2026-07-31 02:53:30.238981,VIN-756200,3335,96,P0171
2026-07-31 02:53:31.238981,VIN-139747,2973,104,P0420
2026-07-31 02:53:32.238981,VIN-165948,2290,102,NONE
2026-07-31 02:53:33.238981,VIN-401068,0,90,NONE
2026-07-31 02:53:34.238981,VIN-367712,0,87,P0420
2026-07-31 02:53:35.238981,VIN-701424,2558,90,P0420
2026-07-31 02:53:36.238981,VIN-124668,1606,96,P0300
2026-07-31 02:53:37.238981,VIN-425374,2758,97,NONE
2026-07-31 02:53:38.238981,VIN-256766,2191,92,NONE
2026-07-31 02:53:39.238981,VIN-089440,2146,94,P0300
2026-07-31 02:53:40.238981,VIN-261257,3194,93,NONE
2026-07-31 02:53:41.238981,VIN-068414,1550,102,P0420
2026-07-31 02:53:42.238981,VIN-220933,2567,97,P0171
2026-07-31 02:53:43.238981,VIN-023238,2494,105,NONE
2026-07-31 02:53:44.238981,VIN-869962,2339,105,P0300
2026-07-31 02:53:45.238981,VIN-922291,0,88,NONE
2026-07-31 02:53:46.238981,VIN-543085,1859,96,NONE
2026-07-31 02:53:47.238981,VIN-721086,2180,103,P0171
2026-07-31 02:53:48.238981,VIN-111844,2311,101,NONE
2026-07-31 02:53:49.238981,VIN-617812,0,102,P0420
2026-07-31 02:53:50.238981,VIN-571558,2178,88,NONE
2026-07-31 02:53:51.238981,VIN-076841,3333,105,P0300
2026-07-31 02:53:52.238981,VIN-603158,3381,85,P0420
2026-07-31 02:53:53.238981,VIN-132098,1533,94,NONE
2026-07-31 02:53:54.238981,VIN-163817,2747,101,NONE
2026-07-31 02:53:55.238981,VIN-187794,1786,89,NONE
2026-07-31 02:53:56.238981,VIN-205769,2395,96,P0171
2026-07-31 02:53:57.238981,VIN-273066,3302,97,P0300
2026-07-31 02:53:58.238981,VIN-195105,1771,99,P0420
2026-07-31 02:53:59.238981,VIN-959425,2629,88,P0420
2026-07-31 02:54:00.238981,VIN-623122,0,90,NONE
2026-07-31 02:54:01.238981,VIN-516933,1834,91,P0420
2026-07-31 02:54:02.238981,VIN-999171,2844,86,P0420
2026-07-31 02:54:03.238981,VIN-400536,3301,85,P0171
2026-07-31 02:54:04.238981,VIN-592552,2188,97,P0420
2026-07-31 02:54:05.238981,VIN-365378,1898,90,NONE
2026-07-31 02:54:06.238981,VIN-545508,1785,105,NONE
2026-07-31 02:54:07.238981,VIN-439218,2258,105,NONE
2026-07-31 02:54:08.238981,VIN-817565,1582,95,NONE
2026-07-31 02:54:09.238981,VIN-973975,2060,102,P0171
2026-07-31 02:54:10.238981,VIN-005577,3009,90,P0420
2026-07-31 02:54:11.238981,VIN-812615,2258,98,NONE
2026-07-31 02:54:12.238981,VIN-121822,2172,88,NONE
2026-07-31 02:54:13.238981,VIN-823824,2124,98,P0171
2026-07-31 02:54:14.238981,VIN-791833,1811,103,NONE
2026-07-31 02:54:15.238981,VIN-714512,1724,86,P0300
2026-07-31 02:54:16.238981,VIN-700332,1900,92,NONE
2026-07-31 02:54:17.238981,VIN-282112,0,96,NONE
2026-07-31 02:54:18.238981,VIN-145912,2251,91,P0420
2026-07-31 02:54:19.238981,VIN-725926,1703,96,NONE
2026-07-31 02:54:20.238981,VIN-682787,3222,89,NONE
2026-07-31 02:54:21.238981,VIN-631871,3261,87,P0171
2026-07-31 02:54:22.238981,VIN-374077,2798,98,NONE
2026-07-31 02:54:23.238981,VIN-959341,2528,86,NONE
2026-07-31 02:54:24.238981,VIN-402213,0,97,NONE
2026-07-31 02:54:25.238981,VIN-394282,1856,92,P0171
2026-07-31 02:54:26.238981,VIN-916842,2359,86,P0420
2026-07-31 02:54:27.238981,VIN-598810,1886,85,NONE
2026-07-31 02:54:28.238981,VIN-076677,0,96,NONE
2026-07-31 02:54:29.238981,VIN-381481,3424,97,NONE
2026-07-31 02:54:30.238981,VIN-360252,2678,90,P0300
2026-07-31 02:54:31.238981,VIN-088639,0,96,P0171
2026-07-31 02:54:32.238981,VIN-642419,1582,92,NONE
2026-07-31 02:54:33.238981,VIN-602893,2914,88,P0420
2026-07-31 02:54:34.238981,VIN-493986,2278,86,P0420
2026-07-31 02:54:35.238981,VIN-989519,2232,85,P0171
2026-07-31 02:54:36.238981,VIN-539416,3369,87,NONE
2026-07-31 02:54:37.238981,VIN-812106,2396,86,NONE
2026-07-31 02:54:38.238981,VIN-815854,1851,95,NONE
2026-07-31 02:54:39.238981,VIN-249143,1853,91,P0420
2026-07-31 02:54:40.238981,VIN-030428,1709,86,P0300
2026-07-31 02:54:41.238981,VIN-340998,3019,96,NONE
2026-07-31 02:54:42.238981,VIN-080768,2533,92,NONE
2026-07-31 02:54:43.238981,VIN-547525,0,97,P0171
2026-07-31 02:54:44.238981,VIN-645681,1888,104,NONE
2026-07-31 02:54:45.238981,VIN-576543,3306,91,P0171
2026-07-31 02:54:46.238981,VIN-803611,2763,102,NONE
2026-07-31 02:54:47.238981,VIN-496234,2007,93,NONE
2026-07-31 02:54:48.238981,VIN-463387,2784,98,NONE
2026-07-31 02:54:49.238981,VIN-884059,1894,89,P0171
2026-07-31 02:54:50.238981,VIN-296933,3044,103,NONE
2026-07-31 02:54:51.238981,VIN-289190,3010,98,P0420
2026-07-31 02:54:52.238981,VIN-200607,0,90,NONE
2026-07-31 02:54:53.238981,VIN-792256,2096,86,NONE
2026-07-31 02:54:54.238981,VIN-005366,3445,103,P0171
2026-07-31 02:54:55.238981,VIN-793126,3044,92,P0171
2026-07-31 02:54:56.238981,VIN-059516,2888,89,NONE
2026-07-31 02:54:57.238981,VIN-317661,2945,85,NONE
2026-07-31 02:54:58.238981,VIN-442947,3178,103,NONE
2026-07-31 02:54:59.238981,VIN-434980,2880,93,P0300
2026-07-31 02:55:00.238981,VIN-096312,2034,97,P0171
2026-07-31 02:55:01.238981,VIN-055650,2693,99,NONE
2026-07-31 02:55:02.238981,VIN-470881,3257,92,NONE
2026-07-31 02:55:03.238981,VIN-614669,3387,101,P0420
2026-07-31 02:55:04.238981,VIN-785295,2514,85,NONE
2026-07-31 02:55:05.238981,VIN-817499,3230,93,NONE
2026-07-31 02:55:06.238981,VIN-899846,0,99,NONE
2026-07-31 02:55:07.238981,VIN-947725,2338,97,P0300
2026-07-31 02:55:08.238981,VIN-770777,3484,88,NONE
2026-07-31 02:55:09.238981,VIN-264219,2180,89,P0420
2026-07-31 02:55:10.238981,VIN-320025,2514,94,P0420
2026-07-31 02:55:11.238981,VIN-513721,3372,90,P0420
2026-07-31 02:55:12.238981,VIN-603884,2045,102,P0300
2026-07-31 02:55:13.238981,VIN-361615,1773,97,P0300
2026-07-31 02:55:14.238981,VIN-131856,1722,94,NONE
2026-07-31 02:55:15.238981,VIN-907721,3291,88,NONE
2026-07-31 02:55:16.238981,VIN-921171,2353,99,NONE
2026-07-31 02:55:17.238981,VIN-166207,2279,97,NONE
2026-07-31 02:55:18.238981,VIN-722788,3497,88,NONE
2026-07-31 02:55:19.238981,VIN-892629,1680,95,P0171
2026-07-31 02:55:20.238981,VIN-648193,3308,89,NONE
2026-07-31 02:55:21.238981,VIN-213957,2108,88,P0171
2026-07-31 02:55:22.238981,VIN-313148,1570,87,NONE
2026-07-31 02:55:23.238981,VIN-148524,2918,103,P0300
2026-07-31 02:55:24.238981,VIN-072186,2762,90,P0420
2026-07-31 02:55:25.238981,VIN-922740,3385,94,NONE
2026-07-31 02:55:26.238981,VIN-140463,1515,104,NONE
2026-07-31 02:55:27.238981,VIN-170734,3239,97,NONE
2026-07-31 02:55:28.238981,VIN-662988,1859,100,P0300
2026-07-31 02:55:29.238981,VIN-378267,3082,85,NONE
2026-07-31 02:55:30.238981,VIN-486606,3124,91,NONE
2026-07-31 02:55:31.238981,VIN-063740,3262,98,P0300
2026-07-31 02:55:32.238981,VIN-329777,1545,90,P0171
2026-07-31 02:55:33.238981,VIN-111483,2719,104,P0420
2026-07-31 02:55:34.238981,VIN-374433,1883,94,P0171
2026-07-31 02:55:35.238981,VIN-116815,3211,96,P0420
2026-07-31 02:55:36.238981,VIN-441709,2011,88,P0300
2026-07-31 02:55:37.238981,VIN-442730,3439,99,NONE
2026-07-31 02:55:38.238981,VIN-702213,3023,93,P0300
2026-07-31 02:55:39.238981,VIN-146593,1986,88,NONE
2026-07-31 02:55:40.238981,VIN-377253,2137,88,P0300
2026-07-31 02:55:41.238981,VIN-069295,2881,85,P0420
2026-07-31 02:55:42.238981,VIN-998181,2635,95,P0171
2026-07-31 02:55:43.238981,VIN-361235,3025,96,NONE
2026-07-31 02:55:44.238981,VIN-341755,2031,95,NONE
2026-07-31 02:55:45.238981,VIN-666198,1535,100,NONE
2026-07-31 02:55:46.238981,VIN-182237,2806,90,NONE
2026-07-31 02:55:47.238981,VIN-737967,2144,87,P0300
2026-07-31 02:55:48.238981,VIN-219166,2152,89,NONE
2026-07-31 02:55:49.238981,VIN-728577,2671,96,NONE
2026-07-31 02:55:50.238981,VIN-163611,2995,90,P0171
2026-07-31 02:55:51.238981,VIN-571127,1813,105,P0171
2026-07-31 02:55:52.238981,VIN-333567,2027,94,NONE
2026-07-31 02:55:53.238981,VIN-553329,2758,96,NONE
2026-07-31 02:55:54.238981,VIN-897099,2172,96,P0300
2026-07-31 02:55:55.238981,VIN-534790,3438,86,NONE
2026-07-31 02:55:56.238981,VIN-829494,2871,103,NONE
2026-07-31 02:55:57.238981,VIN-368854,3108,95,NONE
2026-07-31 02:55:58.238981,VIN-504407,2204,95,NONE
2026-07-31 02:55:59.238981,VIN-508069,2740,85,NONE
2026-07-31 02:56:00.238981,VIN-821783,2720,102,NONE
2026-07-31 02:56:01.238981,VIN-276226,2492,85,NONE
2026-07-31 02:56:02.238981,VIN-910604,3052,90,NONE
2026-07-31 02:56:03.238981,VIN-590044,3175,99,P0300
2026-07-31 02:56:04.238981,VIN-824703,2154,94,P0420
2026-07-31 02:56:05.238981,VIN-484295,1892,92,NONE
2026-07-31 02:56:06.238981,VIN-737435,2977,105,P0171
2026-07-31 02:56:07.238981,VIN-055223,3172,89,NONE
2026-07-31 02:56:08.238981,VIN-447785,1939,94,P0171
2026-07-31 02:56:09.238981,VIN-822209,1759,102,P0300
2026-07-31 02:56:10.238981,VIN-096870,3350,105,P0171
2026-07-31 02:56:11.238981,VIN-265677,0,94,NONE
2026-07-31 02:56:12.238981,VIN-502675,3002,86,NONE
2026-07-31 02:56:13.238981,VIN-695279,1572,95,NONE
2026-07-31 02:56:14.238981,VIN-869478,2064,100,NONE
2026-07-31 02:56:15.238981,VIN-486612,2265,86,P0171
2026-07-31 02:56:16.238981,VIN-233040,3188,86,P0300
2026-07-31 02:56:17.238981,VIN-098269,0,88,NONE
2026-07-31 02:56:18.238981,VIN-037891,3498,103,NONE
2026-07-31 02:56:19.238981,VIN-751189,3056,86,NONE
2026-07-31 02:56:20.238981,VIN-129925,2882,100,NONE
2026-07-31 02:56:21.238981,VIN-672450,2767,100,NONE
2026-07-31 02:56:22.238981,VIN-749928,2979,100,NONE
2026-07-31 02:56:23.238981,VIN-910902,1869,90,P0300
2026-07-31 02:56:24.238981,VIN-545101,1866,93,P0420
2026-07-31 02:56:25.238981,VIN-662401,2670,87,NONE
2026-07-31 02:56:26.238981,VIN-746884,3017,103,P0420
2026-07-31 02:56:27.238981,VIN-580944,2798,95,P0300
2026-07-31 02:56:28.238981,VIN-494742,2575,96,NONE
2026-07-31 02:56:29.238981,VIN-027028,1727,101,P0420
2026-07-31 02:56:30.238981,VIN-980203,2622,97,NONE
2026-07-31 02:56:31.238981,VIN-952954,3091,104,P0171
2026-07-31 02:56:32.238981,VIN-776295,2643,99,NONE
2026-07-31 02:56:33.238981,VIN-107669,2207,90,NONE
2026-07-31 02:56:34.238981,VIN-793880,2925,88,NONE
2026-07-31 02:56:35.238981,VIN-146753,2691,92,NONE
2026-07-31 02:56:36.238981,VIN-956058,1801,91,P0171
2026-07-31 02:56:37.238981,VIN-991984,3011,102,P0420
2026-07-31 02:56:38.238981,VIN-745131,0,91,P0171
2026-07-31 02:56:39.238981,VIN-011525,2689,94,NONE
2026-07-31 02:56:40.238981,VIN-234493,1648,103,P0420
2026-07-31 02:56:41.238981,VIN-207245,2364,102,P0300
2026-07-31 02:56:42.238981,VIN-156392,1746,87,NONE
2026-07-31 02:56:43.238981,VIN-915957,2907,91,NONE
2026-07-31 02:56:44.238981,VIN-550630,2915,102,P0420
2026-07-31 02:56:45.238981,VIN-228665,3038,95,NONE
2026-07-31 02:56:46.238981,VIN-474872,3141,97,NONE
2026-07-31 02:56:47.238981,VIN-549698,3191,103,P0300
2026-07-31 02:56:48.238981,VIN-227241,2777,97,NONE
2026-07-31 02:56:49.238981,VIN-515604,3342,95,P0420
2026-07-31 02:56:50.238981,VIN-814071,1645,96,P0171
2026-07-31 02:56:51.238981,VIN-689945,1990,101,NONE
2026-07-31 02:56:52.238981,VIN-197215,3355,105,NONE
2026-07-31 02:56:53.238981,VIN-696892,1760,99,NONE
2026-07-31 02:56:54.238981,VIN-897223,3075,88,P0300
2026-07-31 02:56:55.238981,VIN-082217,2765,99,P0300
2026-07-31 02:56:56.238981,VIN-650508,0,105,P0171
2026-07-31 02:56:57.238981,VIN-823902,2270,98,NONE
2026-07-31 02:56:58.238981,VIN-765095,3421,98,NONE
2026-07-31 02:56:59.238981,VIN-192023,2570,99,NONE
2026-07-31 02:57:00.238981,VIN-111510,3396,101,P0171
2026-07-31 02:57:01.238981,VIN-342926,0,90,P0300
2026-07-31 02:57:02.238981,VIN-385898,0,88,P0171
2026-07-31 02:57:03.238981,VIN-429168,1983,88,P0420
2026-07-31 02:57:04.238981,VIN-913138,2443,103,P0171
2026-07-31 02:57:05.238981,VIN-035935,1996,90,NONE
2026-07-31 02:57:06.238981,VIN-330217,3452,92,NONE
2026-07-31 02:57:07.238981,VIN-071983,2382,99,NONE
2026-07-31 02:57:08.238981,VIN-352268,3099,101,NONE
2026-07-31 02:57:09.238981,VIN-984844,2276,98,P0420
2026-07-31 02:57:10.238981,VIN-994222,2384,98,P0300
2026-07-31 02:57:11.238981,VIN-693817,2974,93,NONE
2026-07-31 02:57:12.238981,VIN-845945,3252,85,P0171
2026-07-31 02:57:13.238981,VIN-681994,2864,105,NONE
2026-07-31 02:57:14.238981,VIN-939278,1868,94,NONE
2026-07-31 02:57:15.238981,VIN-266991,2191,88,P0171
2026-07-31 02:57:16.238981,VIN-938285,2091,87,P0420
2026-07-31 02:57:17.238981,VIN-100024,3477,98,NONE
2026-07-31 02:57:18.238981,VIN-280666,2054,87,P0171
2026-07-31 02:57:19.238981,VIN-688157,2906,86,NONE
2026-07-31 02:57:20.238981,VIN-786262,3104,86,NONE
2026-07-31 02:57:21.238981,VIN-076929,1804,98,NONE
2026-07-31 02:57:22.238981,VIN-701297,2437,85,P0420
2026-07-31 02:57:23.238981,VIN-957386,3461,85,NONE
2026-07-31 02:57:24.238981,VIN-903314,3098,88,NONE
2026-07-31 02:57:25.238981,VIN-679563,3496,85,P0300
2026-07-31 02:57:26.238981,VIN-269051,2139,92,NONE
2026-07-31 02:57:27.238981,VIN-420902,2347,103,NONE
2026-07-31 02:57:28.238981,VIN-678052,2685,87,NONE
2026-07-31 02:57:29.238981,VIN-487652,0,99,P0171
2026-07-31 02:57:30.238981,VIN-638542,1513,92,NONE
2026-07-31 02:57:31.238981,VIN-271949,2710,96,NONE
2026-07-31 02:57:32.238981,VIN-506362,3383,101,NONE
2026-07-31 02:57:33.238981,VIN-355010,0,96,P0420
2026-07-31 02:57:34.238981,VIN-512042,0,88,P0171
2026-07-31 02:57:35.238981,VIN-213217,2966,87,NONE
2026-07-31 02:57:36.238981,VIN-172558,2965,85,P0420
2026-07-31 02:57:37.238981,VIN-252215,1860,98,NONE
2026-07-31 02:57:38.238981,VIN-314808,2965,102,P0171
2026-07-31 02:57:39.238981,VIN-804855,2768,91,P0300
2026-07-31 02:57:40.238981,VIN-102955,3186,94,P0171
2026-07-31 02:57:41.238981,VIN-283576,1838,86,NONE
2026-07-31 02:57:42.238981,VIN-913037,3463,95,P0420
2026-07-31 02:57:43.238981,VIN-861348,1818,90,NONE
2026-07-31 02:57:44.238981,VIN-469423,1775,97,NONE
2026-07-31 02:57:45.238981,VIN-834971,2731,88,P0300
2026-07-31 02:57:46.238981,VIN-832065,2763,88,P0300
2026-07-31 02:57:47.238981,VIN-139622,2840,99,P0171
2026-07-31 02:57:48.238981,VIN-907132,2614,97,NONE
2026-07-31 02:57:49.238981,VIN-155264,3180,102,P0300
2026-07-31 02:57:50.238981,VIN-809627,2893,97,P0300
2026-07-31 02:57:51.238981,VIN-789127,1892,91,NONE
2026-07-31 02:57:52.238981,VIN-239662,2848,99,P0420
2026-07-31 02:57:53.238981,VIN-616908,1641,97,P0420
2026-07-31 02:57:54.238981,VIN-174001,2866,100,P0171
2026-07-31 02:57:55.238981,VIN-595882,2680,105,P0300
2026-07-31 02:57:56.238981,VIN-988741,2828,105,NONE
2026-07-31 02:57:57.238981,VIN-783962,2825,103,NONE
2026-07-31 02:57:58.238981,VIN-705352,1553,87,P0420
2026-07-31 02:57:59.238981,VIN-336977,2840,88,P0171
2026-07-31 02:58:00.238981,VIN-338357,2417,91,NONE
2026-07-31 02:58:01.238981,VIN-904091,3493,104,P0300
2026-07-31 02:58:02.238981,VIN-074773,1747,101,NONE
2026-07-31 02:58:03.238981,VIN-965578,0,85,NONE
2026-07-31 02:58:04.238981,VIN-832881,2477,89,NONE
2026-07-31 02:58:05.238981,VIN-820568,1940,89,P0300
2026-07-31 02:58:06.238981,VIN-714442,2355,95,P0171
2026-07-31 02:58:07.238981,VIN-771127,2986,100,P0300
2026-07-31 02:58:08.238981,VIN-260221,3058,99,P0300
2026-07-31 02:58:09.238981,VIN-386811,1835,95,P0300
2026-07-31 02:58:10.238981,VIN-904917,2206,97,NONE
2026-07-31 02:58:11.238981,VIN-498469,2430,88,P0420
2026-07-31 02:58:12.238981,VIN-988676,1714,85,P0420
2026-07-31 02:58:13.238981,VIN-245039,1982,101,P0171
2026-07-31 02:58:14.238981,VIN-647584,2795,96,NONE
2026-07-31 02:58:15.238981,VIN-714367,2801,98,NONE
2026-07-31 02:58:16.238981,VIN-054744,1551,91,P0300
2026-07-31 02:58:17.238981,VIN-116504,3215,87,P0300
2026-07-31 02:58:18.238981,VIN-944313,0,97,NONE
2026-07-31 02:58:19.238981,VIN-763004,2729,103,P0300
2026-07-31 02:58:20.238981,VIN-951769,3486,92,NONE
2026-07-31 02:58:21.238981,VIN-728831,2265,105,NONE
2026-07-31 02:58:22.238981,VIN-199627,1756,101,NONE
2026-07-31 02:58:23.238981,VIN-017604,2871,105,P0420
2026-07-31 02:58:24.238981,VIN-668579,2144,96,P0171
2026-07-31 02:58:25.238981,VIN-357788,1504,104,NONE
2026-07-31 02:58:26.238981,VIN-211747,3111,99,NONE
2026-07-31 02:58:27.238981,VIN-446833,3423,102,NONE
2026-07-31 02:58:28.238981,VIN-077577,1621,102,NONE
2026-07-31 02:58:29.238981,VIN-786696,1875,87,P0420
2026-07-31 02:58:30.238981,VIN-804874,3061,101,P0171
2026-07-31 02:58:31.238981,VIN-657743,2984,87,NONE
2026-07-31 02:58:32.238981,VIN-419822,1785,102,NONE
2026-07-31 02:58:33.238981,VIN-504764,1962,97,P0171
2026-07-31 02:58:34.238981,VIN-914145,1868,87,NONE
2026-07-31 02:58:35.238981,VIN-616547,3431,85,P0300
2026-07-31 02:58:36.238981,VIN-417201,1765,104,NONE
2026-07-31 02:58:37.238981,VIN-055202,2461,102,NONE
2026-07-31 02:58:38.238981,VIN-729246,2629,90,P0171
2026-07-31 02:58:39.238981,VIN-840849,1966,101,NONE
2026-07-31 02:58:40.238981,VIN-819338,3382,96,P0171
2026-07-31 02:58:41.238981,VIN-283395,1942,103,P0300
2026-07-31 02:58:42.238981,VIN-932006,1701,96,P0300
2026-07-31 02:58:43.238981,VIN-802973,3286,85,NONE
2026-07-31 02:58:44.238981,VIN-636500,1965,94,P0300
2026-07-31 02:58:45.238981,VIN-932342,1914,105,P0171
2026-07-31 02:58:46.238981,VIN-391842,3025,85,P0420
2026-07-31 02:58:47.238981,VIN-490399,3337,102,P0171
2026-07-31 02:58:48.238981,VIN-385951,2609,105,P0171
2026-07-31 02:58:49.238981,VIN-638111,1679,97,NONE
2026-07-31 02:58:50.238981,VIN-955315,2012,91,NONE
2026-07-31 02:58:51.238981,VIN-870610,2171,91,NONE
2026-07-31 02:58:52.238981,VIN-095089,0,93,NONE
2026-07-31 02:58:53.238981,VIN-483968,3398,89,NONE
2026-07-31 02:58:54.238981,VIN-156749,2753,99,NONE
2026-07-31 02:58:55.238981,VIN-536099,3500,102,NONE
2026-07-31 02:58:56.238981,VIN-073305,1736,94,NONE
2026-07-31 02:58:57.238981,VIN-813611,2226,97,P0420
2026-07-31 02:58:58.238981,VIN-004943,2464,96,P0420
2026-07-31 02:58:59.238981,VIN-997319,3110,91,NONE
2026-07-31 02:59:00.238981,VIN-812281,2154,101,NONE
2026-07-31 02:59:01.238981,VIN-666714,1850,97,NONE
2026-07-31 02:59:02.238981,VIN-966583,2773,100,P0300
2026-07-31 02:59:03.238981,VIN-936566,1652,94,NONE
2026-07-31 02:59:04.238981,VIN-226450,1561,88,NONE
2026-07-31 02:59:05.238981,VIN-978679,3323,95,NONE
2026-07-31 02:59:06.238981,VIN-752583,3342,98,NONE
2026-07-31 02:59:07.238981,VIN-778828,1935,101,P0420
2026-07-31 02:59:08.238981,VIN-026145,2203,88,P0420
2026-07-31 02:59:09.238981,VIN-927489,3162,87,P0420
2026-07-31 02:59:10.238981,VIN-106447,0,85,P0171
2026-07-31 02:59:11.238981,VIN-315343,2301,89,NONE
2026-07-31 02:59:12.238981,VIN-313310,1945,99,NONE
2026-07-31 02:59:13.238981,VIN-609063,3174,87,P0420
2026-07-31 02:59:14.238981,VIN-123593,2971,100,P0300
2026-07-31 02:59:15.238981,VIN-330461,0,100,P0171
2026-07-31 02:59:16.238981,VIN-608127,2964,90,NONE
2026-07-31 02:59:17.238981,VIN-413354,1729,89,P0420
2026-07-31 02:59:18.238981,VIN-615576,1967,99,P0420
2026-07-31 02:59:19.238981,VIN-431799,2712,104,NONE
2026-07-31 02:59:20.238981,VIN-969898,1526,94,P0300
2026-07-31 02:59:21.238981,VIN-593679,3469,99,P0420
2026-07-31 02:59:22.238981,VIN-791090,3269,94,NONE
2026-07-31 02:59:23.238981,VIN-640590,1654,100,P0171
2026-07-31 02:59:24.238981,VIN-255993,2451,93,NONE
2026-07-31 02:59:25.238981,VIN-780543,2711,94,P0300
2026-07-31 02:59:26.238981,VIN-717007,2331,90,NONE
2026-07-31 02:59:27.238981,VIN-348115,2459,98,P0300
2026-07-31 02:59:28.238981,VIN-858956,2023,92,P0300
2026-07-31 02:59:29.238981,VIN-004036,2792,103,NONE
2026-07-31 02:59:30.238981,VIN-453942,1884,101,NONE
2026-07-31 02:59:31.238981,VIN-315181,3108,95,P0300
2026-07-31 02:59:32.238981,VIN-816213,3177,86,NONE
2026-07-31 02:59:33.238981,VIN-473695,3470,86,NONE
2026-07-31 02:59:34.238981,VIN-188107,3038,88,P0420
2026-07-31 02:59:35.238981,VIN-690216,3062,96,NONE
2026-07-31 02:59:36.238981,VIN-795379,0,94,NONE
2026-07-31 02:59:37.238981,VIN-063710,2469,90,P0171
2026-07-31 02:59:38.238981,VIN-217616,0,103,P0300
2026-07-31 02:59:39.238981,VIN-965273,3420,95,P0420
2026-07-31 02:59:40.238981,VIN-052059,0,98,NONE
2026-07-31 02:59:41.238981,VIN-711531,1839,86,NONE
2026-07-31 02:59:42.238981,VIN-598561,2260,93,P0300
2026-07-31 02:59:43.238981,VIN-047449,0,100,P0420
2026-07-31 02:59:44.238981,VIN-516790,1566,89,NONE
2026-07-31 02:59:45.238981,VIN-083858,2550,95,NONE
2026-07-31 02:59:46.238981,VIN-917411,3161,97,NONE
2026-07-31 02:59:47.238981,VIN-585018,2053,93,NONE
2026-07-31 02:59:48.238981,VIN-803862,0,89,P0300
2026-07-31 02:59:49.238981,VIN-102340,3301,105,P0171
2026-07-31 02:59:50.238981,VIN-105546,2684,102,NONE
2026-07-31 02:59:51.238981,VIN-244361,3290,100,NONE
2026-07-31 02:59:52.238981,VIN-428171,2159,98,P0171
2026-07-31 02:59:53.238981,VIN-774050,3088,92,P0300
2026-07-31 02:59:54.238981,VIN-342495,2948,87,P0171
2026-07-31 02:59:55.238981,VIN-253491,2212,95,P0171
2026-07-31 02:59:56.238981,VIN-253083,2173,104,NONE
2026-07-31 02:59:57.238981,VIN-262889,2235,101,NONE
2026-07-31 02:59:58.238981,VIN-050281,2705,96,NONE
2026-07-31 02:59:59.238981,VIN-521935,2160,97,P0420
2026-07-31 03:00:00.238981,VIN-361100,3228,87,NONE
2026-07-31 03:00:01.238981,VIN-382084,2200,91,NONE
2026-07-31 03:00:02.238981,VIN-198286,3049,91,NONE
2026-07-31 03:00:03.238981,VIN-194024,2990,97,P0171
2026-07-31 03:00:04.238981,VIN-122529,3472,91,NONE
2026-07-31 03:00:05.238981,VIN-712863,2833,89,P0420
2026-07-31 03:00:06.238981,VIN-828507,2972,94,NONE
2026-07-31 03:00:07.238981,VIN-316006,3362,102,P0420
2026-07-31 03:00:08.238981,VIN-082683,3279,92,P0300
2026-07-31 03:00:09.238981,VIN-637025,3176,85,NONE
2026-07-31 03:00:10.238981,VIN-190392,2145,95,P0171
2026-07-31 03:00:11.238981,VIN-028927,3302,87,NONE
2026-07-31 03:00:12.238981,VIN-599266,2247,89,NONE
2026-07-31 03:00:13.238981,VIN-022325,1945,103,P0420
2026-07-31 03:00:14.238981,VIN-735273,2391,101,NONE
2026-07-31 03:00:15.238981,VIN-058536,1944,99,P0420
2026-07-31 03:00:16.238981,VIN-815852,2428,101,P0171
2026-07-31 03:00:17.238981,VIN-109393,1913,103,NONE
2026-07-31 03:00:18.238981,VIN-780384,3037,94,NONE
2026-07-31 03:00:19.238981,VIN-305200,3231,92,NONE
2026-07-31 03:00:20.238981,VIN-145524,2953,102,P0171
2026-07-31 03:00:21.238981,VIN-345917,3030,97,NONE
2026-07-31 03:00:22.238981,VIN-415416,1958,87,P0171
2026-07-31 03:00:23.238981,VIN-396028,2011,104,NONE
2026-07-31 03:00:24.238981,VIN-034708,2282,99,NONE
2026-07-31 03:00:25.238981,VIN-268500,3082,99,NONE
2026-07-31 03:00:26.238981,VIN-220638,2309,101,P0420
2026-07-31 03:00:27.238981,VIN-239598,2208,105,P0420
2026-07-31 03:00:28.238981,VIN-537695,1698,85,NONE
2026-07-31 03:00:29.238981,VIN-149657,2864,92,P0171
2026-07-31 03:00:30.238981,VIN-209964,2024,91,P0300
2026-07-31 03:00:31.238981,VIN-543693,3437,97,P0420
2026-07-31 03:00:32.238981,VIN-583717,2511,101,P0171
2026-07-31 03:00:33.238981,VIN-145760,2386,92,NONE
2026-07-31 03:00:34.238981,VIN-692273,2603,96,P0420
2026-07-31 03:00:35.238981,VIN-660977,1852,99,P0420
2026-07-31 03:00:36.238981,VIN-157802,1996,102,NONE
2026-07-31 03:00:37.238981,VIN-343688,1652,100,P0300
2026-07-31 03:00:38.238981,VIN-397973,2800,87,NONE
2026-07-31 03:00:39.238981,VIN-915180,3151,101,P0300
2026-07-31 03:00:40.238981,VIN-711547,3017,97,NONE
2026-07-31 03:00:41.238981,VIN-147471,1830,93,P0171
2026-07-31 03:00:42.238981,VIN-837320,2034,85,NONE
2026-07-31 03:00:43.238981,VIN-646646,2040,88,NONE
2026-07-31 03:00:44.238981,VIN-574345,3366,93,NONE
2026-07-31 03:00:45.238981,VIN-090903,2471,90,P0171
2026-07-31 03:00:46.238981,VIN-350531,2664,96,P0420
2026-07-31 03:00:47.238981,VIN-136470,3414,92,P0171
2026-07-31 03:00:48.238981,VIN-929677,3485,85,NONE
2026-07-31 03:00:49.238981,VIN-982491,2883,104,NONE
2026-07-31 03:00:50.238981,VIN-453751,2923,98,NONE
2026-07-31 03:00:51.238981,VIN-225425,2952,98,NONE
2026-07-31 03:00:52.238981,VIN-003892,2927,101,P0171
2026-07-31 03:00:53.238981,VIN-121322,2037,87,NONE
2026-07-31 03:00:54.238981,VIN-962480,1534,99,P0300
2026-07-31 03:00:55.238981,VIN-058582,2890,99,P0171
2026-07-31 03:00:56.238981,VIN-486858,2282,101,P0171
2026-07-31 03:00:57.238981,VIN-375789,3452,96,P0420
2026-07-31 03:00:58.238981,VIN-110741,3145,89,P0171
2026-07-31 03:00:59.238981,VIN-019597,2443,90,NONE
2026-07-31 03:01:00.238981,VIN-344762,1720,104,P0300
2026-07-31 03:01:01.238981,VIN-842663,3365,100,NONE
2026-07-31 03:01:02.238981,VIN-502813,3354,89,NONE
2026-07-31 03:01:03.238981,VIN-858995,1715,85,P0420
2026-07-31 03:01:04.238981,VIN-641316,2912,98,P0171
2026-07-31 03:01:05.238981,VIN-110724,2258,95,NONE
2026-07-31 03:01:06.238981,VIN-744913,0,95,NONE
2026-07-31 03:01:07.238981,VIN-908078,1584,98,NONE
2026-07-31 03:01:08.238981,VIN-681982,2754,105,P0300
2026-07-31 03:01:09.238981,VIN-154275,1697,85,P0420
2026-07-31 03:01:10.238981,VIN-691319,2814,97,P0171
2026-07-31 03:01:11.238981,VIN-372291,0,87,NONE
2026-07-31 03:01:12.238981,VIN-923609,3070,96,P0420
2026-07-31 03:01:13.238981,VIN-341055,3148,104,P0171
2026-07-31 03:01:14.238981,VIN-840977,2523,89,P0300
2026-07-31 03:01:15.238981,VIN-916107,2090,96,NONE
2026-07-31 03:01:16.238981,VIN-205091,1633,105,P0300
2026-07-31 03:01:17.238981,VIN-622540,2177,101,P0420
2026-07-31 03:01:18.238981,VIN-314723,2151,98,NONE
2026-07-31 03:01:19.238981,VIN-669445,3290,103,P0171
2026-07-31 03:01:20.238981,VIN-719745,2278,87,NONE
2026-07-31 03:01:21.238981,VIN-231823,2868,88,P0171
2026-07-31 03:01:22.238981,VIN-149479,3392,89,NONE
2026-07-31 03:01:23.238981,VIN-726762,2414,85,P0300
2026-07-31 03:01:24.238981,VIN-673738,2432,103,P0171
2026-07-31 03:01:25.238981,VIN-875329,1509,104,P0420
2026-07-31 03:01:26.238981,VIN-392678,1659,92,P0171
2026-07-31 03:01:27.238981,VIN-159967,2590,93,NONE
2026-07-31 03:01:28.238981,VIN-202445,1527,95,P0300
2026-07-31 03:01:29.238981,VIN-690065,3324,105,NONE
2026-07-31 03:01:30.238981,VIN-251016,2063,86,P0420
2026-07-31 03:01:31.238981,VIN-144665,1977,92,P0171
2026-07-31 03:01:32.238981,VIN-592240,2406,97,NONE
2026-07-31 03:01:33.238981,VIN-326499,2711,86,NONE
2026-07-31 03:01:34.238981,VIN-001346,1508,104,NONE
2026-07-31 03:01:35.238981,VIN-381974,2551,98,P0420
2026-07-31 03:01:36.238981,VIN-954096,2988,85,P0300
2026-07-31 03:01:37.238981,VIN-338749,2841,88,NONE
2026-07-31 03:01:38.238981,VIN-418078,2999,104,NONE
2026-07-31 03:01:39.238981,VIN-955141,2998,90,NONE
2026-07-31 03:01:40.238981,VIN-622772,2076,104,NONE
2026-07-31 03:01:41.238981,VIN-243199,1944,104,NONE
2026-07-31 03:01:42.238981,VIN-692090,2872,96,NONE
2026-07-31 03:01:43.238981,VIN-181789,1588,91,NONE
2026-07-31 03:01:44.238981,VIN-256750,2548,99,NONE
2026-07-31 03:01:45.238981,VIN-671850,1902,88,NONE
2026-07-31 03:01:46.238981,VIN-206825,1682,96,NONE
2026-07-31 03:01:47.238981,VIN-560696,3102,86,NONE
2026-07-31 03:01:48.238981,VIN-079084,1506,98,NONE
2026-07-31 03:01:49.238981,VIN-048251,2453,94,P0300
2026-07-31 03:01:50.238981,VIN-826791,1953,92,P0300
2026-07-31 03:01:51.238981,VIN-097111,3145,95,NONE
2026-07-31 03:01:52.238981,VIN-778319,3188,96,P0171
2026-07-31 03:01:53.238981,VIN-520475,1616,88,P0171
2026-07-31 03:01:54.238981,VIN-048481,2590,104,NONE
2026-07-31 03:01:55.238981,VIN-843572,2872,104,NONE
2026-07-31 03:01:56.238981,VIN-827296,2624,94,P0171
2026-07-31 03:01:57.238981,VIN-977404,2155,101,P0300
2026-07-31 03:01:58.238981,VIN-902068,1758,94,P0171
2026-07-31 03:01:59.238981,VIN-601374,1940,89,P0171
2026-07-31 03:02:00.238981,VIN-224038,1950,89,NONE
2026-07-31 03:02:01.238981,VIN-597358,2574,101,P0420
2026-07-31 03:02:02.238981,VIN-887803,2667,98,NONE
2026-07-31 03:02:03.238981,VIN-077277,3431,91,NONE
2026-07-31 03:02:04.238981,VIN-170448,2199,88,NONE
2026-07-31 03:02:05.238981,VIN-944714,1705,102,P0300
2026-07-31 03:02:06.238981,VIN-327647,0,97,P0420
2026-07-31 03:02:07.238981,VIN-334419,1551,87,NONE
2026-07-31 03:02:08.238981,VIN-373715,2858,96,NONE
2026-07-31 03:02:09.238981,VIN-971317,3126,99,NONE
2026-07-31 03:02:10.238981,VIN-107727,3411,88,P0171
2026-07-31 03:02:11.238981,VIN-790594,1502,98,NONE
2026-07-31 03:02:12.238981,VIN-876396,2712,92,NONE
2026-07-31 03:02:13.238981,VIN-492618,2424,100,P0171
2026-07-31 03:02:14.238981,VIN-728891,0,88,NONE
2026-07-31 03:02:15.238981,VIN-438577,1797,92,NONE
2026-07-31 03:02:16.238981,VIN-396127,2628,98,NONE
2026-07-31 03:02:17.238981,VIN-399545,2277,91,NONE
2026-07-31 03:02:18.238981,VIN-476182,3027,100,NONE
2026-07-31 03:02:19.238981,VIN-622970,1694,100,P0171
2026-07-31 03:02:20.238981,VIN-692984,2821,104,P0171
2026-07-31 03:02:21.238981,VIN-440496,2162,103,P0420
2026-07-31 03:02:22.238981,VIN-726228,1599,104,NONE
2026-07-31 03:02:23.238981,VIN-810545,2447,94,NONE
2026-07-31 03:02:24.238981,VIN-836413,1952,103,NONE
2026-07-31 03:02:25.238981,VIN-454697,1855,99,P0420
2026-07-31 03:02:26.238981,VIN-758081,2202,85,P0171
2026-07-31 03:02:27.238981,VIN-911982,2618,99,P0420
2026-07-31 03:02:28.238981,VIN-888387,2028,96,NONE
2026-07-31 03:02:29.238981,VIN-553298,1693,97,NONE
2026-07-31 03:02:30.238981,VIN-458336,1893,94,NONE
2026-07-31 03:02:31.238981,VIN-515348,1824,92,P0420
2026-07-31 03:02:32.238981,VIN-515877,3107,88,NONE
2026-07-31 03:02:33.238981,VIN-383162,2284,85,P0171
2026-07-31 03:02:34.238981,VIN-221310,3476,98,NONE
2026-07-31 03:02:35.238981,VIN-211164,2074,97,NONE
2026-07-31 03:02:36.238981,VIN-176725,2121,103,P0171
2026-07-31 03:02:37.238981,VIN-308657,2372,98,P0420
2026-07-31 03:02:38.238981,VIN-141647,3314,102,NONE
2026-07-31 03:02:39.238981,VIN-816319,2654,92,NONE
2026-07-31 03:02:40.238981,VIN-700805,0,103,NONE
2026-07-31 03:02:41.238981,VIN-892687,3199,105,P0171
2026-07-31 03:02:42.238981,VIN-201890,0,91,P0420
2026-07-31 03:02:43.238981,VIN-423282,2765,93,NONE
2026-07-31 03:02:44.238981,VIN-979408,2982,97,NONE
2026-07-31 03:02:45.238981,VIN-373824,2699,90,NONE
2026-07-31 03:02:46.238981,VIN-911802,2532,105,NONE
2026-07-31 03:02:47.238981,VIN-992452,3102,87,P0300
2026-07-31 03:02:48.238981,VIN-434760,1691,90,NONE
2026-07-31 03:02:49.238981,VIN-245956,3328,95,NONE
2026-07-31 03:02:50.238981,VIN-374368,2525,88,P0171
2026-07-31 03:02:51.238981,VIN-462616,0,92,P0420
2026-07-31 03:02:52.238981,VIN-837049,2676,96,NONE
2026-07-31 03:02:53.238981,VIN-761451,2611,86,NONE
2026-07-31 03:02:54.238981,VIN-438815,2529,100,NONE
2026-07-31 03:02:55.238981,VIN-051021,1805,95,P0300
2026-07-31 03:02:56.238981,VIN-638417,1705,88,P0300
2026-07-31 03:02:57.238981,VIN-248483,1966,100,NONE
2026-07-31 03:02:58.238981,VIN-990846,1691,97,P0420
2026-07-31 03:02:59.238981,VIN-739427,2020,85,NONE
2026-07-31 03:03:00.238981,VIN-355964,2196,91,NONE
2026-07-31 03:03:01.238981,VIN-336348,2745,98,NONE
2026-07-31 03:03:02.238981,VIN-705942,1958,88,NONE
2026-07-31 03:03:03.238981,VIN-359826,1524,104,P0300
2026-07-31 03:03:04.238981,VIN-943285,2085,99,NONE
2026-07-31 03:03:05.238981,VIN-620673,2193,98,NONE
2026-07-31 03:03:06.238981,VIN-482507,2825,102,P0171
2026-07-31 03:03:07.238981,VIN-300345,3125,93,NONE
2026-07-31 03:03:08.238981,VIN-850159,2847,91,P0420
2026-07-31 03:03:09.238981,VIN-087983,2905,90,P0300
2026-07-31 03:03:10.238981,VIN-115321,3069,96,P0300
2026-07-31 03:03:11.238981,VIN-482290,2932,92,NONE
2026-07-31 03:03:12.238981,VIN-877873,3085,90,NONE
2026-07-31 03:03:13.238981,VIN-299817,2505,94,P0171
2026-07-31 03:03:14.238981,VIN-642078,3340,89,NONE
2026-07-31 03:03:15.238981,VIN-949085,3404,92,P0171
2026-07-31 03:03:16.238981,VIN-791108,2517,86,NONE
2026-07-31 03:03:17.238981,VIN-467030,1519,103,NONE
2026-07-31 03:03:18.238981,VIN-420280,2480,105,P0420
2026-07-31 03:03:19.238981,VIN-905718,2820,103,NONE
2026-07-31 03:03:20.238981,VIN-620325,2586,94,NONE
2026-07-31 03:03:21.238981,VIN-822681,3260,90,NONE
2026-07-31 03:03:22.238981,VIN-357623,1786,90,NONE
2026-07-31 03:03:23.238981,VIN-726311,2100,94,P0300
2026-07-31 03:03:24.238981,VIN-468487,1928,100,NONE
2026-07-31 03:03:25.238981,VIN-835768,3079,104,NONE
2026-07-31 03:03:26.238981,VIN-399275,0,90,NONE
2026-07-31 03:03:27.238981,VIN-771096,1707,89,NONE
2026-07-31 03:03:28.238981,VIN-297643,1623,96,P0420
2026-07-31 03:03:29.238981,VIN-409039,1844,99,P0171
2026-07-31 03:03:30.238981,VIN-648411,1858,96,NONE
2026-07-31 03:03:31.238981,VIN-044360,2090,96,P0300
2026-07-31 03:03:32.238981,VIN-719002,2174,87,NONE
2026-07-31 03:03:33.238981,VIN-841251,2789,88,NONE
2026-07-31 03:03:34.238981,VIN-769120,2522,105,NONE
2026-07-31 03:03:35.238981,VIN-832832,1903,100,P0300
2026-07-31 03:03:36.238981,VIN-731792,1744,94,P0171
2026-07-31 03:03:37.238981,VIN-341151,1629,98,P0300
2026-07-31 03:03:38.238981,VIN-118385,3393,94,P0300
2026-07-31 03:03:39.238981,VIN-537318,3377,105,P0171
2026-07-31 03:03:40.238981,VIN-263717,2528,85,NONE
2026-07-31 03:03:41.238981,VIN-333277,2915,98,P0171
2026-07-31 03:03:42.238981,VIN-523438,3352,98,NONE
2026-07-31 03:03:43.238981,VIN-581191,2766,85,NONE
2026-07-31 03:03:44.238981,VIN-810795,0,88,NONE
2026-07-31 03:03:45.238981,VIN-873829,1553,100,NONE
2026-07-31 03:03:46.238981,VIN-333318,2914,86,NONE
2026-07-31 03:03:47.238981,VIN-586825,1678,103,NONE
2026-07-31 03:03:48.238981,VIN-199418,2401,98,P0420
2026-07-31 03:03:49.238981,VIN-100504,3071,99,NONE
2026-07-31 03:03:50.238981,VIN-711102,3209,85,P0171
2026-07-31 03:03:51.238981,VIN-872035,0,104,NONE
2026-07-31 03:03:52.238981,VIN-357019,2538,104,NONE
2026-07-31 03:03:53.238981,VIN-385982,3069,101,NONE
2026-07-31 03:03:54.238981,VIN-099536,1809,92,NONE
2026-07-31 03:03:55.238981,VIN-235614,1918,87,NONE
2026-07-31 03:03:56.238981,VIN-292663,1591,101,P0300
2026-07-31 03:03:57.238981,VIN-450823,1871,100,P0171
2026-07-31 03:03:58.238981,VIN-685595,1863,96,NONE
2026-07-31 03:03:59.238981,VIN-773653,1558,97,P0300
2026-07-31 03:04:00.238981,VIN-449749,1990,95,NONE
2026-07-31 03:04:01.238981,VIN-578422,2754,98,P0300
2026-07-31 03:04:02.238981,VIN-196401,2594,96,P0171
2026-07-31 03:04:03.238981,VIN-140569,2583,98,P0420
2026-07-31 03:04:04.238981,VIN-378167,3101,86,NONE
2026-07-31 03:04:05.238981,VIN-195074,1943,87,NONE
2026-07-31 03:04:06.238981,VIN-942669,1615,95,P0171
2026-07-31 03:04:07.238981,VIN-999648,2022,93,P0300
2026-07-31 03:04:08.238981,VIN-006755,2584,85,P0420
2026-07-31 03:04:09.238981,VIN-702147,2450,97,NONE
2026-07-31 03:04:10.238981,VIN-414767,0,89,P0420
2026-07-31 03:04:11.238981,VIN-359256,2988,88,NONE
2026-07-31 03:04:12.238981,VIN-378112,3229,93,NONE
2026-07-31 03:04:13.238981,VIN-897340,2338,104,P0300
2026-07-31 03:04:14.238981,VIN-307425,2447,100,P0300
2026-07-31 03:04:15.238981,VIN-751265,2280,100,P0171
2026-07-31 03:04:16.238981,VIN-620006,1771,90,NONE
2026-07-31 03:04:17.238981,VIN-991654,1701,90,P0171
2026-07-31 03:04:18.238981,VIN-015944,1929,97,NONE
2026-07-31 03:04:19.238981,VIN-472241,3097,96,NONE
2026-07-31 03:04:20.238981,VIN-433408,1511,101,NONE
2026-07-31 03:04:21.238981,VIN-237244,1778,100,NONE
2026-07-31 03:04:22.238981,VIN-520605,2298,97,NONE
2026-07-31 03:04:23.238981,VIN-465056,3500,89,P0171
2026-07-31 03:04:24.238981,VIN-273892,2346,101,P0420
2026-07-31 03:04:25.238981,VIN-678194,1590,95,NONE
2026-07-31 03:04:26.238981,VIN-255195,3245,95,P0171
2026-07-31 03:04:27.238981,VIN-762672,2560,98,NONE
2026-07-31 03:04:28.238981,VIN-410978,3244,90,P0171
2026-07-31 03:04:29.238981,VIN-314797,3458,95,P0300
2026-07-31 03:04:30.238981,VIN-430764,3227,98,NONE
2026-07-31 03:04:31.238981,VIN-019974,3402,85,NONE
2026-07-31 03:04:32.238981,VIN-931208,0,94,P0300
2026-07-31 03:04:33.238981,VIN-971522,3046,88,NONE
2026-07-31 03:04:34.238981,VIN-931540,3327,89,NONE
2026-07-31 03:04:35.238981,VIN-388654,3066,102,P0420
2026-07-31 03:04:36.238981,VIN-041064,0,97,NONE
2026-07-31 03:04:37.238981,VIN-181637,2296,89,NONE
2026-07-31 03:04:38.238981,VIN-622497,1777,105,NONE
2026-07-31 03:04:39.238981,VIN-915406,3231,92,NONE
2026-07-31 03:04:40.238981,VIN-116568,3459,90,NONE
2026-07-31 03:04:41.238981,VIN-136166,2905,95,NONE
2026-07-31 03:04:42.238981,VIN-999226,2066,98,NONE
2026-07-31 03:04:43.238981,VIN-968915,3453,96,P0171
2026-07-31 03:04:44.238981,VIN-176089,2576,89,NONE
2026-07-31 03:04:45.238981,VIN-077423,3075,85,NONE
2026-07-31 03:04:46.238981,VIN-996435,3220,98,P0171
2026-07-31 03:04:47.238981,VIN-588737,2876,98,P0171
2026-07-31 03:04:48.238981,VIN-170113,2087,90,NONE
2026-07-31 03:04:49.238981,VIN-390213,2193,103,NONE
2026-07-31 03:04:50.238981,VIN-798782,3351,88,NONE
2026-07-31 03:04:51.238981,VIN-000670,2536,105,NONE
2026-07-31 03:04:52.238981,VIN-460523,3127,87,NONE
2026-07-31 03:04:53.238981,VIN-201782,2666,94,P0300
2026-07-31 03:04:54.238981,VIN-607789,2639,90,NONE
2026-07-31 03:04:55.238981,VIN-483223,3015,98,NONE
2026-07-31 03:04:56.238981,VIN-326794,2056,103,NONE
2026-07-31 03:04:57.238981,VIN-317808,1940,103,P0171
2026-07-31 03:04:58.238981,VIN-225525,1770,98,NONE
2026-07-31 03:04:59.238981,VIN-613785,2929,94,P0300
2026-07-31 03:05:00.238981,VIN-482712,3309,87,NONE
2026-07-31 03:05:01.238981,VIN-942636,2265,103,P0171
2026-07-31 03:05:02.238981,VIN-728788,2974,105,NONE
2026-07-31 03:05:03.238981,VIN-440721,1825,103,P0171
2026-07-31 03:05:04.238981,VIN-181265,2616,105,NONE
2026-07-31 03:05:05.238981,VIN-635724,2696,86,P0171
2026-07-31 03:05:06.238981,VIN-841904,2941,96,P0420
2026-07-31 03:05:07.238981,VIN-632908,1743,96,NONE
2026-07-31 03:05:08.238981,VIN-141996,1905,87,P0420
2026-07-31 03:05:09.238981,VIN-741343,2562,104,NONE
2026-07-31 03:05:10.238981,VIN-267123,3302,94,P0420
2026-07-31 03:05:11.238981,VIN-593287,0,101,P0171
2026-07-31 03:05:12.238981,VIN-087567,2854,101,NONE
2026-07-31 03:05:13.238981,VIN-228269,2789,105,P0171
2026-07-31 03:05:14.238981,VIN-424297,3025,105,P0300
2026-07-31 03:05:15.238981,VIN-932629,1564,86,NONE
2026-07-31 03:05:16.238981,VIN-211745,2007,87,NONE
2026-07-31 03:05:17.238981,VIN-662844,2496,90,NONE
2026-07-31 03:05:18.238981,VIN-234920,1928,86,NONE
2026-07-31 03:05:19.238981,VIN-954755,0,102,P0171
2026-07-31 03:05:20.238981,VIN-356102,1811,89,NONE
2026-07-31 03:05:21.238981,VIN-644058,2295,98,P0300
2026-07-31 03:05:22.238981,VIN-486251,1986,93,P0300
2026-07-31 03:05:23.238981,VIN-358583,2574,94,P0300
2026-07-31 03:05:24.238981,VIN-359515,2659,89,NONE
2026-07-31 03:05:25.238981,VIN-053632,3002,105,NONE
2026-07-31 03:05:26.238981,VIN-479817,2196,91,P0171
2026-07-31 03:05:27.238981,VIN-144808,2831,98,NONE
2026-07-31 03:05:28.238981,VIN-326324,1681,101,NONE
2026-07-31 03:05:29.238981,VIN-282005,0,94,NONE
2026-07-31 03:05:30.238981,VIN-989621,3008,96,NONE
2026-07-31 03:05:31.238981,VIN-477569,2677,86,P0171
2026-07-31 03:05:32.238981,VIN-706309,1522,90,NONE
2026-07-31 03:05:33.238981,VIN-623098,3380,97,NONE
2026-07-31 03:05:34.238981,VIN-581222,2702,101,P0300
2026-07-31 03:05:35.238981,VIN-924108,2607,105,NONE
2026-07-31 03:05:36.238981,VIN-389614,1759,88,NONE
2026-07-31 03:05:37.238981,VIN-825053,3441,93,P0420
2026-07-31 03:05:38.238981,VIN-496588,2240,104,NONE
2026-07-31 03:05:39.238981,VIN-898175,2455,92,NONE
2026-07-31 03:05:40.238981,VIN-769244,2685,99,NONE
2026-07-31 03:05:41.238981,VIN-727880,2639,93,NONE
2026-07-31 03:05:42.238981,VIN-569152,2636,96,NONE
2026-07-31 03:05:43.238981,VIN-335215,1769,102,P0300
2026-07-31 03:05:44.238981,VIN-437035,2688,92,NONE
2026-07-31 03:05:45.238981,VIN-952268,3369,102,P0171
2026-07-31 03:05:46.238981,VIN-223013,3379,98,NONE
2026-07-31 03:05:47.238981,VIN-680671,2012,101,NONE
2026-07-31 03:05:48.238981,VIN-230761,1862,90,NONE
2026-07-31 03:05:49.238981,VIN-155608,2020,104,P0300
2026-07-31 03:05:50.238981,VIN-685476,2657,105,P0171
2026-07-31 03:05:51.238981,VIN-397349,2965,102,P0420
2026-07-31 03:05:52.238981,VIN-958631,2935,93,NONE
2026-07-31 03:05:53.238981,VIN-217895,1630,88,NONE
2026-07-31 03:05:54.238981,VIN-600796,2753,94,NONE
2026-07-31 03:05:55.238981,VIN-780494,3197,105,NONE
2026-07-31 03:05:56.238981,VIN-617955,2421,105,NONE
2026-07-31 03:05:57.238981,VIN-426762,1790,95,NONE
2026-07-31 03:05:58.238981,VIN-533986,2514,101,NONE
2026-07-31 03:05:59.238981,VIN-088062,2632,93,P0420
2026-07-31 03:06:00.238981,VIN-378764,1820,89,P0300
2026-07-31 03:06:01.238981,VIN-280662,2649,90,P0171
2026-07-31 03:06:02.238981,VIN-919489,1546,87,NONE
2026-07-31 03:06:03.238981,VIN-521300,2585,94,NONE
2026-07-31 03:06:04.238981,VIN-767564,2201,101,NONE
2026-07-31 03:06:05.238981,VIN-106814,3334,88,NONE
2026-07-31 03:06:06.238981,VIN-637962,2387,86,P0300
2026-07-31 03:06:07.238981,VIN-771612,0,104,P0171
2026-07-31 03:06:08.238981,VIN-955650,2322,102,NONE
2026-07-31 03:06:09.238981,VIN-071248,1609,92,P0171
2026-07-31 03:06:10.238981,VIN-999795,2922,103,NONE
2026-07-31 03:06:11.238981,VIN-125870,2703,105,P0171
2026-07-31 03:06:12.238981,VIN-419492,1639,93,NONE
2026-07-31 03:06:13.238981,VIN-156171,2665,99,NONE
2026-07-31 03:06:14.238981,VIN-723770,3317,94,P0420
2026-07-31 03:06:15.238981,VIN-269424,2518,94,P0420
2026-07-31 03:06:16.238981,VIN-646753,3409,90,NONE
2026-07-31 03:06:17.238981,VIN-803377,2789,99,NONE
2026-07-31 03:06:18.238981,VIN-032283,1688,104,NONE
2026-07-31 03:06:19.238981,VIN-055488,3438,86,P0300
2026-07-31 03:06:20.238981,VIN-392057,1658,87,NONE
2026-07-31 03:06:21.238981,VIN-779961,2667,92,NONE
2026-07-31 03:06:22.238981,VIN-835643,0,99,P0171
2026-07-31 03:06:23.238981,VIN-602103,1518,94,P0171
2026-07-31 03:06:24.238981,VIN-866977,3161,92,P0171
2026-07-31 03:06:25.238981,VIN-124553,3043,92,NONE
2026-07-31 03:06:26.238981,VIN-255847,3222,105,P0300
2026-07-31 03:06:27.238981,VIN-443225,3003,90,NONE
2026-07-31 03:06:28.238981,VIN-200497,3282,105,NONE
2026-07-31 03:06:29.238981,VIN-134461,2697,96,NONE
2026-07-31 03:06:30.238981,VIN-363964,2715,100,P0420
2026-07-31 03:06:31.238981,VIN-047603,0,90,NONE
2026-07-31 03:06:32.238981,VIN-487883,3022,100,NONE
2026-07-31 03:06:33.238981,VIN-307519,1803,89,NONE
2026-07-31 03:06:34.238981,VIN-826591,2728,102,NONE
2026-07-31 03:06:35.238981,VIN-105009,2796,86,NONE
2026-07-31 03:06:36.238981,VIN-070677,1852,99,NONE
2026-07-31 03:06:37.238981,VIN-317208,1539,89,P0171
2026-07-31 03:06:38.238981,VIN-023737,3482,88,NONE
2026-07-31 03:06:39.238981,VIN-976300,2091,92,P0420
2026-07-31 03:06:40.238981,VIN-361706,2199,86,NONE
2026-07-31 03:06:41.238981,VIN-336899,2810,89,NONE
2026-07-31 03:06:42.238981,VIN-036690,1974,104,P0171
2026-07-31 03:06:43.238981,VIN-293012,2367,95,NONE
2026-07-31 03:06:44.238981,VIN-073415,2975,97,NONE
2026-07-31 03:06:45.238981,VIN-677819,2337,96,NONE
2026-07-31 03:06:46.238981,VIN-913573,2391,94,P0420
2026-07-31 03:06:47.238981,VIN-079879,2241,90,NONE
2026-07-31 03:06:48.238981,VIN-548671,3295,93,NONE
2026-07-31 03:06:49.238981,VIN-574488,2627,86,NONE
2026-07-31 03:06:50.238981,VIN-964035,2024,95,P0420
2026-07-31 03:06:51.238981,VIN-478633,2437,101,P0171
2026-07-31 03:06:52.238981,VIN-667885,2560,91,NONE
2026-07-31 03:06:53.238981,VIN-650149,0,90,NONE
2026-07-31 03:06:54.238981,VIN-979289,1814,101,NONE
2026-07-31 03:06:55.238981,VIN-469187,0,87,NONE
2026-07-31 03:06:56.238981,VIN-728160,3244,85,P0300
2026-07-31 03:06:57.238981,VIN-623378,3082,97,NONE
2026-07-31 03:06:58.238981,VIN-004052,3196,105,P0300
2026-07-31 03:06:59.238981,VIN-258290,2296,103,NONE
2026-07-31 03:07:00.238981,VIN-693549,2648,87,NONE
2026-07-31 03:07:01.238981,VIN-906689,3375,85,NONE
2026-07-31 03:07:02.238981,VIN-834374,2417,99,NONE
2026-07-31 03:07:03.238981,VIN-427658,3293,95,P0300
2026-07-31 03:07:04.238981,VIN-429521,2975,93,P0420
2026-07-31 03:07:05.238981,VIN-661336,1847,103,NONE
2026-07-31 03:07:06.238981,VIN-057699,2773,87,NONE
2026-07-31 03:07:07.238981,VIN-570649,2706,87,P0420
2026-07-31 03:07:08.238981,VIN-215063,3377,92,NONE
2026-07-31 03:07:09.238981,VIN-583422,2992,92,P0420
2026-07-31 03:07:10.238981,VIN-309247,2504,93,P0171
2026-07-31 03:07:11.238981,VIN-337614,1688,101,P0171
2026-07-31 03:07:12.238981,VIN-008132,3076,101,NONE
2026-07-31 03:07:13.238981,VIN-154690,2468,89,P0171
2026-07-31 03:07:14.238981,VIN-593081,2319,87,P0420
2026-07-31 03:07:15.238981,VIN-962168,2906,92,NONE
2026-07-31 03:07:16.238981,VIN-588184,2306,96,NONE
2026-07-31 03:07:17.238981,VIN-970114,1628,105,NONE
2026-07-31 03:07:18.238981,VIN-818794,2628,100,NONE
2026-07-31 03:07:19.238981,VIN-892107,1829,91,P0171
2026-07-31 03:07:20.238981,VIN-525689,2052,98,P0171
2026-07-31 03:07:21.238981,VIN-334392,1735,87,P0171
2026-07-31 03:07:22.238981,VIN-674601,2104,98,P0171
2026-07-31 03:07:23.238981,VIN-205246,2180,89,P0300
2026-07-31 03:07:24.238981,VIN-885131,3015,92,NONE
2026-07-31 03:07:25.238981,VIN-980863,2846,88,P0420
2026-07-31 03:07:26.238981,VIN-646678,2613,86,NONE
2026-07-31 03:07:27.238981,VIN-286040,1831,85,P0300
2026-07-31 03:07:28.238981,VIN-583729,3087,86,NONE
2026-07-31 03:07:29.238981,VIN-092082,3307,93,NONE
2026-07-31 03:07:30.238981,VIN-438991,2701,89,NONE
2026-07-31 03:07:31.238981,VIN-147263,2510,91,NONE
2026-07-31 03:07:32.238981,VIN-858141,3498,85,P0300
2026-07-31 03:07:33.238981,VIN-037058,3479,86,P0300
2026-07-31 03:07:34.238981,VIN-895959,2885,89,NONE
2026-07-31 03:07:35.238981,VIN-500094,2145,105,NONE
2026-07-31 03:07:36.238981,VIN-241852,3375,96,NONE
2026-07-31 03:07:37.238981,VIN-585748,3222,85,P0300
2026-07-31 03:07:38.238981,VIN-265213,3177,88,NONE
2026-07-31 03:07:39.238981,VIN-450639,2004,88,NONE
2026-07-31 03:07:40.238981,VIN-784204,1773,86,NONE
2026-07-31 03:07:41.238981,VIN-223524,3352,103,P0420
2026-07-31 03:07:42.238981,VIN-282781,0,94,P0171
2026-07-31 03:07:43.238981,VIN-843791,3010,102,NONE
2026-07-31 03:07:44.238981,VIN-469163,0,86,P0300
2026-07-31 03:07:45.238981,VIN-476476,2896,105,NONE
2026-07-31 03:07:46.238981,VIN-872378,3390,105,NONE
2026-07-31 03:07:47.238981,VIN-241275,3410,86,NONE
2026-07-31 03:07:48.238981,VIN-050569,3467,103,NONE
2026-07-31 03:07:49.238981,VIN-423509,3304,87,P0420
2026-07-31 03:07:50.238981,VIN-141658,2373,91,NONE
2026-07-31 03:07:51.238981,VIN-031797,2774,97,P0300
2026-07-31 03:07:52.238981,VIN-875285,1929,85,P0420
2026-07-31 03:07:53.238981,VIN-572307,2168,102,NONE
2026-07-31 03:07:54.238981,VIN-560917,2235,103,P0171
2026-07-31 03:07:55.238981,VIN-650763,1822,89,NONE
2026-07-31 03:07:56.238981,VIN-266514,1742,101,P0171
2026-07-31 03:07:57.238981,VIN-225395,2954,102,NONE
2026-07-31 03:07:58.238981,VIN-910971,2049,93,P0420
2026-07-31 03:07:59.238981,VIN-204409,2589,104,P0300
2026-07-31 03:08:00.238981,VIN-005184,2677,105,P0420
2026-07-31 03:08:01.238981,VIN-433998,2352,101,P0171
2026-07-31 03:08:02.238981,VIN-737624,3331,89,P0300
2026-07-31 03:08:03.238981,VIN-840706,2574,91,NONE
2026-07-31 03:08:04.238981,VIN-549951,3099,86,NONE
2026-07-31 03:08:05.238981,VIN-305964,1858,86,P0300
2026-07-31 03:08:06.238981,VIN-455994,2659,100,P0420
2026-07-31 03:08:07.238981,VIN-876634,3150,101,P0171
2026-07-31 03:08:08.238981,VIN-798045,2476,97,NONE
2026-07-31 03:08:09.238981,VIN-668983,3463,89,NONE
2026-07-31 03:08:10.238981,VIN-681019,2568,104,P0300
2026-07-31 03:08:11.238981,VIN-704728,3111,100,P0171
2026-07-31 03:08:12.238981,VIN-489198,1808,89,NONE
2026-07-31 03:08:13.238981,VIN-709377,3457,95,NONE
2026-07-31 03:08:14.238981,VIN-025202,3317,105,P0171
2026-07-31 03:08:15.238981,VIN-991965,2142,97,NONE
2026-07-31 03:08:16.238981,VIN-853407,1829,90,P0300
2026-07-31 03:08:17.238981,VIN-479092,2604,90,NONE
2026-07-31 03:08:18.238981,VIN-794598,1989,95,NONE
2026-07-31 03:08:19.238981,VIN-269800,3081,91,P0420
2026-07-31 03:08:20.238981,VIN-426906,2399,90,P0300
2026-07-31 03:08:21.238981,VIN-141091,1850,101,NONE
2026-07-31 03:08:22.238981,VIN-465960,2403,104,NONE
2026-07-31 03:08:23.238981,VIN-605101,1659,85,NONE
2026-07-31 03:08:24.238981,VIN-878494,2931,100,NONE
2026-07-31 03:08:25.238981,VIN-768720,3338,90,P0420
2026-07-31 03:08:26.238981,VIN-684379,2321,96,NONE
2026-07-31 03:08:27.238981,VIN-288521,2847,88,P0300
2026-07-31 03:08:28.238981,VIN-213416,3173,100,NONE
2026-07-31 03:08:29.238981,VIN-276062,2396,92,NONE
2026-07-31 03:08:30.238981,VIN-404570,2444,105,NONE
2026-07-31 03:08:31.238981,VIN-936327,2364,85,P0171
2026-07-31 03:08:32.238981,VIN-950041,3144,90,NONE
2026-07-31 03:08:33.238981,VIN-000352,2434,105,NONE
2026-07-31 03:08:34.238981,VIN-511941,3027,89,NONE
2026-07-31 03:08:35.238981,VIN-946342,1752,96,NONE
2026-07-31 03:08:36.238981,VIN-997845,3279,102,P0171
2026-07-31 03:08:37.238981,VIN-251714,3472,87,P0420
2026-07-31 03:08:38.238981,VIN-749252,2665,85,NONE
2026-07-31 03:08:39.238981,VIN-779775,2002,101,NONE
2026-07-31 03:08:40.238981,VIN-267277,0,94,P0420
2026-07-31 03:08:41.238981,VIN-905973,1854,104,P0171
2026-07-31 03:08:42.238981,VIN-730991,1922,85,P0420
2026-07-31 03:08:43.238981,VIN-171089,3169,91,P0171
2026-07-31 03:08:44.238981,VIN-576467,1717,87,P0300
2026-07-31 03:08:45.238981,VIN-831005,3082,94,P0171
2026-07-31 03:08:46.238981,VIN-537114,0,85,P0171
2026-07-31 03:08:47.238981,VIN-336680,2886,93,P0171
2026-07-31 03:08:48.238981,VIN-982612,2792,103,P0300
2026-07-31 03:08:49.238981,VIN-806522,2150,97,NONE
2026-07-31 03:08:50.238981,VIN-910569,3479,98,NONE
2026-07-31 03:08:51.238981,VIN-935058,1916,88,P0300
2026-07-31 03:08:52.238981,VIN-040356,0,88,NONE
2026-07-31 03:08:53.238981,VIN-105741,1888,101,P0171
2026-07-31 03:08:54.238981,VIN-633128,3209,85,P0171
2026-07-31 03:08:55.238981,VIN-662649,3235,92,P0420
2026-07-31 03:08:56.238981,VIN-060649,2293,103,NONE
2026-07-31 03:08:57.238981,VIN-850302,3462,103,P0171
2026-07-31 03:08:58.238981,VIN-728777,2989,91,NONE
2026-07-31 03:08:59.238981,VIN-137920,3444,101,NONE
2026-07-31 03:09:00.238981,VIN-317278,3309,87,P0300
2026-07-31 03:09:01.238981,VIN-961091,1638,88,P0171
2026-07-31 03:09:02.238981,VIN-547484,3106,93,NONE
2026-07-31 03:09:03.238981,VIN-250390,1542,97,P0171
2026-07-31 03:09:04.238981,VIN-449845,2502,103,NONE
2026-07-31 03:09:05.238981,VIN-354288,2471,91,NONE
2026-07-31 03:09:06.238981,VIN-437254,3011,88,NONE
2026-07-31 03:09:07.238981,VIN-188227,3500,89,NONE
2026-07-31 03:09:08.238981,VIN-422590,2148,105,P0420
2026-07-31 03:09:09.238981,VIN-139551,3392,99,NONE
2026-07-31 03:09:10.238981,VIN-699133,2181,101,NONE
2026-07-31 03:09:11.238981,VIN-672293,1695,100,NONE
2026-07-31 03:09:12.238981,VIN-947962,2782,88,P0420
2026-07-31 03:09:13.238981,VIN-873499,2883,89,NONE
2026-07-31 03:09:14.238981,VIN-735941,2351,85,P0420
2026-07-31 03:09:15.238981,VIN-267024,1551,102,NONE
2026-07-31 03:09:16.238981,VIN-238019,3120,95,NONE
2026-07-31 03:09:17.238981,VIN-994855,2410,95,NONE
2026-07-31 03:09:18.238981,VIN-941751,2409,100,NONE
2026-07-31 03:09:19.238981,VIN-433819,1669,98,P0171
2026-07-31 03:09:20.238981,VIN-965181,3332,88,NONE
2026-07-31 03:09:21.238981,VIN-514303,0,97,NONE
2026-07-31 03:09:22.238981,VIN-617586,2871,101,P0420
2026-07-31 03:09:23.238981,VIN-446183,1603,88,P0420
2026-07-31 03:09:24.238981,VIN-154197,1988,87,NONE
2026-07-31 03:09:25.238981,VIN-602782,1860,91,P0300
2026-07-31 03:09:26.238981,VIN-340172,2039,86,NONE
2026-07-31 03:09:27.238981,VIN-904224,3443,100,NONE
2026-07-31 03:09:28.238981,VIN-423888,0,95,NONE
2026-07-31 03:09:29.238981,VIN-640983,2573,93,NONE
2026-07-31 03:09:30.238981,VIN-862539,0,88,NONE
2026-07-31 03:09:31.238981,VIN-219336,2427,102,NONE
2026-07-31 03:09:32.238981,VIN-352128,3291,92,NONE
2026-07-31 03:09:33.238981,VIN-636109,2126,87,NONE
2026-07-31 03:09:34.238981,VIN-168734,1796,100,NONE
2026-07-31 03:09:35.238981,VIN-862479,2624,89,NONE
2026-07-31 03:09:36.238981,VIN-537425,2747,92,NONE
2026-07-31 03:09:37.238981,VIN-507223,3082,101,NONE
2026-07-31 03:09:38.238981,VIN-779300,2563,86,NONE
2026-07-31 03:09:39.238981,VIN-397430,3329,102,NONE
2026-07-31 03:09:40.238981,VIN-943761,3340,96,NONE
2026-07-31 03:09:41.238981,VIN-287768,1801,87,NONE
2026-07-31 03:09:42.238981,VIN-677637,2245,96,P0420
2026-07-31 03:09:43.238981,VIN-421522,2996,101,P0300
2026-07-31 03:09:44.238981,VIN-746805,2658,98,NONE
2026-07-31 03:09:45.238981,VIN-008546,3204,87,NONE
2026-07-31 03:09:46.238981,VIN-769589,1503,90,NONE
2026-07-31 03:09:47.238981,VIN-826602,1676,88,P0420
2026-07-31 03:09:48.238981,VIN-605907,1650,96,NONE
2026-07-31 03:09:49.238981,VIN-924575,2994,104,NONE
2026-07-31 03:09:50.238981,VIN-045683,3398,85,NONE
2026-07-31 03:09:51.238981,VIN-632010,3387,97,NONE
2026-07-31 03:09:52.238981,VIN-448199,1814,88,NONE
2026-07-31 03:09:53.238981,VIN-916372,3042,90,P0300
2026-07-31 03:09:54.238981,VIN-474760,3090,104,NONE
2026-07-31 03:09:55.238981,VIN-138167,3028,91,NONE
2026-07-31 03:09:56.238981,VIN-128816,1917,89,NONE
2026-07-31 03:09:57.238981,VIN-295440,1529,103,NONE
2026-07-31 03:09:58.238981,VIN-608665,0,94,NONE
2026-07-31 03:09:59.238981,VIN-405384,3144,97,NONE
2026-07-31 03:10:00.238981,VIN-462259,2926,102,P0420
2026-07-31 03:10:01.238981,VIN-054136,2433,94,P0300
2026-07-31 03:10:02.238981,VIN-460881,1628,94,NONE
2026-07-31 03:10:03.238981,VIN-717577,2939,102,NONE
2026-07-31 03:10:04.238981,VIN-843426,2199,101,NONE
2026-07-31 03:10:05.238981,VIN-068285,1874,95,NONE
2026-07-31 03:10:06.238981,VIN-700594,1765,93,P0420
2026-07-31 03:10:07.238981,VIN-442534,2061,105,NONE
2026-07-31 03:10:08.238981,VIN-722254,3288,89,P0420
2026-07-31 03:10:09.238981,VIN-680170,1600,99,NONE
2026-07-31 03:10:10.238981,VIN-415988,1771,96,P0420
2026-07-31 03:10:11.238981,VIN-450338,2066,105,P0300
2026-07-31 03:10:12.238981,VIN-842750,1698,97,P0300
2026-07-31 03:10:13.238981,VIN-707125,1975,95,NONE
2026-07-31 03:10:14.238981,VIN-030132,2890,103,NONE
2026-07-31 03:10:15.238981,VIN-289870,2958,101,NONE
2026-07-31 03:10:16.238981,VIN-369616,2287,98,NONE
2026-07-31 03:10:17.238981,VIN-726611,2934,85,NONE
2026-07-31 03:10:18.238981,VIN-546314,2236,90,P0300
2026-07-31 03:10:19.238981,VIN-038432,2315,92,NONE
2026-07-31 03:10:20.238981,VIN-230780,2637,99,P0171
2026-07-31 03:10:21.238981,VIN-932961,3331,95,P0171
2026-07-31 03:10:22.238981,VIN-105584,2421,85,NONE
2026-07-31 03:10:23.238981,VIN-363155,1854,94,NONE
2026-07-31 03:10:24.238981,VIN-534205,2486,91,NONE
2026-07-31 03:10:25.238981,VIN-676675,1973,102,P0300
2026-07-31 03:10:26.238981,VIN-179734,3179,103,P0420
2026-07-31 03:10:27.238981,VIN-695674,0,98,NONE
2026-07-31 03:10:28.238981,VIN-814866,1500,99,NONE
2026-07-31 03:10:29.238981,VIN-510156,2181,95,P0420
2026-07-31 03:10:30.238981,VIN-187301,1796,91,NONE
2026-07-31 03:10:31.238981,VIN-326642,2347,97,P0420
2026-07-31 03:10:32.238981,VIN-190853,3038,96,P0300
2026-07-31 03:10:33.238981,VIN-486726,1839,86,P0171
2026-07-31 03:10:34.238981,VIN-632236,0,89,NONE
2026-07-31 03:10:35.238981,VIN-838603,2380,102,NONE
2026-07-31 03:10:36.238981,VIN-332331,3121,104,NONE
2026-07-31 03:10:37.238981,VIN-041812,1848,88,NONE
2026-07-31 03:10:38.238981,VIN-407310,2340,97,P0420
2026-07-31 03:10:39.238981,VIN-519496,3170,95,NONE
2026-07-31 03:10:40.238981,VIN-973632,1788,90,NONE
2026-07-31 03:10:41.238981,VIN-121109,2818,101,NONE
2026-07-31 03:10:42.238981,VIN-627058,2973,105,NONE
2026-07-31 03:10:43.238981,VIN-014710,2114,88,NONE
2026-07-31 03:10:44.238981,VIN-268573,2567,93,NONE
2026-07-31 03:10:45.238981,VIN-080679,3120,95,NONE
2026-07-31 03:10:46.238981,VIN-917808,2137,93,NONE
2026-07-31 03:10:47.238981,VIN-217813,1768,104,P0171
2026-07-31 03:10:48.238981,VIN-069466,2607,100,NONE
2026-07-31 03:10:49.238981,VIN-593494,1510,86,P0420
2026-07-31 03:10:50.238981,VIN-129048,3150,89,NONE
2026-07-31 03:10:51.238981,VIN-367591,2782,94,P0420
2026-07-31 03:10:52.238981,VIN-039985,2746,89,NONE
2026-07-31 03:10:53.238981,VIN-376736,2769,100,NONE
2026-07-31 03:10:54.238981,VIN-739366,1944,98,P0420
2026-07-31 03:10:55.238981,VIN-483509,1905,91,P0300
2026-07-31 03:10:56.238981,VIN-369934,1711,104,NONE
2026-07-31 03:10:57.238981,VIN-015261,2034,97,NONE
2026-07-31 03:10:58.238981,VIN-094261,3334,90,P0420
2026-07-31 03:10:59.238981,VIN-941356,2836,89,P0420
2026-07-31 03:11:00.238981,VIN-816621,3096,85,P0300
2026-07-31 03:11:01.238981,VIN-716077,1820,96,NONE
2026-07-31 03:11:02.238981,VIN-426277,3109,97,P0420
2026-07-31 03:11:03.238981,VIN-071708,2439,95,P0300
2026-07-31 03:11:04.238981,VIN-110345,3079,85,NONE
2026-07-31 03:11:05.238981,VIN-285932,2514,95,P0420
2026-07-31 03:11:06.238981,VIN-754367,3060,94,P0171
2026-07-31 03:11:07.238981,VIN-908357,2958,94,NONE
2026-07-31 03:11:08.238981,VIN-961033,2842,100,P0420
2026-07-31 03:11:09.238981,VIN-277085,2599,97,NONE
2026-07-31 03:11:10.238981,VIN-089181,2957,85,NONE
2026-07-31 03:11:11.238981,VIN-996157,2165,87,NONE
2026-07-31 03:11:12.238981,VIN-911573,2598,85,NONE
2026-07-31 03:11:13.238981,VIN-195037,1520,100,P0300
2026-07-31 03:11:14.238981,VIN-923000,3117,94,NONE
2026-07-31 03:11:15.238981,VIN-105519,2900,104,NONE
2026-07-31 03:11:16.238981,VIN-580015,2305,94,P0420
2026-07-31 03:11:17.238981,VIN-250063,3016,105,P0300
2026-07-31 03:11:18.238981,VIN-756945,3474,85,NONE
2026-07-31 03:11:19.238981,VIN-320357,2969,103,P0171
2026-07-31 03:11:20.238981,VIN-643376,1968,86,NONE
2026-07-31 03:11:21.238981,VIN-448430,3203,93,P0171
2026-07-31 03:11:22.238981,VIN-628010,2420,105,NONE
2026-07-31 03:11:23.238981,VIN-003184,2965,89,NONE
2026-07-31 03:11:24.238981,VIN-039902,1862,102,NONE
2026-07-31 03:11:25.238981,VIN-992912,2535,96,P0171
2026-07-31 03:11:26.238981,VIN-462051,3317,103,NONE
2026-07-31 03:11:27.238981,VIN-880613,3381,89,P0420
2026-07-31 03:11:28.238981,VIN-167267,3235,98,NONE
2026-07-31 03:11:29.238981,VIN-377977,1719,86,P0171
2026-07-31 03:11:30.238981,VIN-712336,1528,92,NONE
2026-07-31 03:11:31.238981,VIN-980461,2494,95,NONE
2026-07-31 03:11:32.238981,VIN-296851,1788,103,NONE
2026-07-31 03:11:33.238981,VIN-993346,3499,102,NONE
2026-07-31 03:11:34.238981,VIN-341265,2753,103,NONE
2026-07-31 03:11:35.238981,VIN-949107,2913,92,P0171
2026-07-31 03:11:36.238981,VIN-083431,3256,100,P0420
2026-07-31 03:11:37.238981,VIN-484976,2777,99,P0300
2026-07-31 03:11:38.238981,VIN-674995,2133,86,P0300
2026-07-31 03:11:39.238981,VIN-156009,2265,94,P0300
2026-07-31 03:11:40.238981,VIN-430494,2933,85,P0420
2026-07-31 03:11:41.238981,VIN-494816,3182,105,P0300
2026-07-31 03:11:42.238981,VIN-982076,2528,101,NONE
2026-07-31 03:11:43.238981,VIN-760648,1649,103,NONE
2026-07-31 03:11:44.238981,VIN-106922,2895,98,NONE
2026-07-31 03:11:45.238981,VIN-805654,2015,104,NONE
2026-07-31 03:11:46.238981,VIN-016465,2994,92,NONE
2026-07-31 03:11:47.238981,VIN-653901,2275,88,P0420
2026-07-31 03:11:48.238981,VIN-033840,2070,92,P0171
2026-07-31 03:11:49.238981,VIN-441820,2757,99,P0420
2026-07-31 03:11:50.238981,VIN-003494,1593,105,P0420
2026-07-31 03:11:51.238981,VIN-613827,3193,105,NONE
2026-07-31 03:11:52.238981,VIN-301739,3255,99,P0171
2026-07-31 03:11:53.238981,VIN-779964,2836,85,P0420
2026-07-31 03:11:54.238981,VIN-835178,2357,105,NONE
2026-07-31 03:11:55.238981,VIN-379160,2719,88,NONE
2026-07-31 03:11:56.238981,VIN-155960,2575,85,NONE
2026-07-31 03:11:57.238981,VIN-527113,1675,103,P0171
2026-07-31 03:11:58.238981,VIN-814393,2911,97,P0171
2026-07-31 03:11:59.238981,VIN-006113,1804,86,NONE
2026-07-31 03:12:00.238981,VIN-848062,1632,104,NONE
2026-07-31 03:12:01.238981,VIN-202787,3269,96,NONE
2026-07-31 03:12:02.238981,VIN-046189,1648,85,P0300
2026-07-31 03:12:03.238981,VIN-854417,2167,90,NONE
2026-07-31 03:12:04.238981,VIN-933898,2920,89,NONE
2026-07-31 03:12:05.238981,VIN-620771,1558,104,NONE
2026-07-31 03:12:06.238981,VIN-847710,0,105,NONE
2026-07-31 03:12:07.238981,VIN-639829,1662,102,P0420
2026-07-31 03:12:08.238981,VIN-005648,3127,96,NONE
2026-07-31 03:12:09.238981,VIN-274696,2473,91,P0420
2026-07-31 03:12:10.238981,VIN-722667,1654,88,P0171
2026-07-31 03:12:11.238981,VIN-895778,2425,85,P0300
2026-07-31 03:12:12.238981,VIN-986937,3280,89,NONE
2026-07-31 03:12:13.238981,VIN-046407,2959,88,NONE
2026-07-31 03:12:14.238981,VIN-928258,3420,98,P0300
2026-07-31 03:12:15.238981,VIN-486672,1962,92,NONE
2026-07-31 03:12:16.238981,VIN-778568,2002,93,NONE
2026-07-31 03:12:17.238981,VIN-261618,1846,97,P0420
2026-07-31 03:12:18.238981,VIN-612227,2732,88,P0420
2026-07-31 03:12:19.238981,VIN-169645,1821,95,NONE
2026-07-31 03:12:20.238981,VIN-019405,2698,102,P0171
2026-07-31 03:12:21.238981,VIN-028298,1983,89,P0300
2026-07-31 03:12:22.238981,VIN-158775,1891,86,P0171
2026-07-31 03:12:23.238981,VIN-133878,2937,104,NONE
2026-07-31 03:12:24.238981,VIN-339645,2921,88,NONE
2026-07-31 03:12:25.238981,VIN-526836,3409,96,NONE
2026-07-31 03:12:26.238981,VIN-071309,3139,85,NONE
2026-07-31 03:12:27.238981,VIN-574506,3124,85,NONE
2026-07-31 03:12:28.238981,VIN-883164,2167,98,NONE
2026-07-31 03:12:29.238981,VIN-244278,2614,100,NONE
2026-07-31 03:12:30.238981,VIN-778565,2651,105,P0171
2026-07-31 03:12:31.238981,VIN-125628,1921,85,NONE
2026-07-31 03:12:32.238981,VIN-858453,1804,93,P0171
2026-07-31 03:12:33.238981,VIN-802262,2165,90,NONE
2026-07-31 03:12:34.238981,VIN-842981,2053,92,NONE
2026-07-31 03:12:35.238981,VIN-249714,2455,89,P0420
2026-07-31 03:12:36.238981,VIN-220295,1625,102,NONE
2026-07-31 03:12:37.238981,VIN-964706,1670,98,P0171
2026-07-31 03:12:38.238981,VIN-571008,3359,96,NONE
2026-07-31 03:12:39.238981,VIN-660858,3240,94,P0420
2026-07-31 03:12:40.238981,VIN-245689,3385,102,NONE
2026-07-31 03:12:41.238981,VIN-998936,2829,85,NONE
2026-07-31 03:12:42.238981,VIN-445854,2432,102,P0171
2026-07-31 03:12:43.238981,VIN-552505,2756,86,P0300
2026-07-31 03:12:44.238981,VIN-762899,2930,88,NONE
2026-07-31 03:12:45.238981,VIN-355569,2281,103,P0300
2026-07-31 03:12:46.238981,VIN-390174,2988,87,P0420
2026-07-31 03:12:47.238981,VIN-639145,2439,105,P0420
2026-07-31 03:12:48.238981,VIN-898088,1661,94,NONE
2026-07-31 03:12:49.238981,VIN-054502,0,98,P0300
2026-07-31 03:12:50.238981,VIN-903405,2768,88,P0171
2026-07-31 03:12:51.238981,VIN-632666,2789,96,NONE
2026-07-31 03:12:52.238981,VIN-788426,2296,86,NONE
2026-07-31 03:12:53.238981,VIN-475672,1524,100,P0300
2026-07-31 03:12:54.238981,VIN-651654,1988,90,P0420
2026-07-31 03:12:55.238981,VIN-613358,3312,91,NONE
2026-07-31 03:12:56.238981,VIN-867661,3267,105,P0420
2026-07-31 03:12:57.238981,VIN-450907,1801,87,NONE
2026-07-31 03:12:58.238981,VIN-730135,3173,104,P0171
2026-07-31 03:12:59.238981,VIN-899690,2627,88,P0300
2026-07-31 03:13:00.238981,VIN-570607,0,87,NONE
2026-07-31 03:13:01.238981,VIN-575843,2177,91,P0300
2026-07-31 03:13:02.238981,VIN-860972,3370,100,NONE
2026-07-31 03:13:03.238981,VIN-007508,2238,97,P0171
2026-07-31 03:13:04.238981,VIN-823657,1855,102,P0420
2026-07-31 03:13:05.238981,VIN-721039,2814,86,NONE
2026-07-31 03:13:06.238981,VIN-573260,2945,100,P0300
2026-07-31 03:13:07.238981,VIN-967820,2241,91,NONE
2026-07-31 03:13:08.238981,VIN-622015,1645,98,P0300
2026-07-31 03:13:09.238981,VIN-544068,2736,91,NONE
2026-07-31 03:13:10.238981,VIN-550565,2784,92,P0420
2026-07-31 03:13:11.238981,VIN-213766,0,95,NONE
2026-07-31 03:13:12.238981,VIN-859720,1661,87,NONE
2026-07-31 03:13:13.238981,VIN-499145,2681,85,NONE
2026-07-31 03:13:14.238981,VIN-186065,2323,103,NONE
2026-07-31 03:13:15.238981,VIN-647845,2624,86,P0300
2026-07-31 03:13:16.238981,VIN-520971,2620,99,NONE
2026-07-31 03:13:17.238981,VIN-181783,2147,87,P0420
2026-07-31 03:13:18.238981,VIN-600834,3143,102,NONE
2026-07-31 03:13:19.238981,VIN-122791,1901,101,P0171
2026-07-31 03:13:20.238981,VIN-215876,1739,86,P0171
2026-07-31 03:13:21.238981,VIN-119951,3052,94,P0420
2026-07-31 03:13:22.238981,VIN-331520,3203,90,P0171
2026-07-31 03:13:23.238981,VIN-456640,2672,99,P0300
2026-07-31 03:13:24.238981,VIN-636353,2905,90,NONE
2026-07-31 03:13:25.238981,VIN-840702,3047,86,NONE
2026-07-31 03:13:26.238981,VIN-067674,1657,88,P0420
2026-07-31 03:13:27.238981,VIN-448120,1757,88,NONE
2026-07-31 03:13:28.238981,VIN-134110,2264,89,P0300
2026-07-31 03:13:29.238981,VIN-039530,2994,91,P0300
2026-07-31 03:13:30.238981,VIN-637465,3405,85,NONE
2026-07-31 03:13:31.238981,VIN-314589,1967,94,NONE
2026-07-31 03:13:32.238981,VIN-017847,2269,104,P0420
2026-07-31 03:13:33.238981,VIN-897830,0,100,NONE
2026-07-31 03:13:34.238981,VIN-462732,2753,99,P0300
2026-07-31 03:13:35.238981,VIN-414279,3057,92,NONE
2026-07-31 03:13:36.238981,VIN-688583,2024,103,NONE
2026-07-31 03:13:37.238981,VIN-634796,1625,103,P0420
2026-07-31 03:13:38.238981,VIN-910145,2158,101,P0300
2026-07-31 03:13:39.238981,VIN-921655,2024,105,NONE
2026-07-31 03:13:40.238981,VIN-218726,3163,86,P0171
2026-07-31 03:13:41.238981,VIN-073073,2128,85,NONE
2026-07-31 03:13:42.238981,VIN-514289,2065,91,P0171
2026-07-31 03:13:43.238981,VIN-848600,2300,98,P0171
2026-07-31 03:13:44.238981,VIN-790885,2794,91,NONE
2026-07-31 03:13:45.238981,VIN-573324,3240,99,P0171
2026-07-31 03:13:46.238981,VIN-771087,0,85,NONE
2026-07-31 03:13:47.238981,VIN-165902,2496,93,P0420
2026-07-31 03:13:48.238981,VIN-285902,2968,89,NONE
2026-07-31 03:13:49.238981,VIN-663891,2890,103,P0300
2026-07-31 03:13:50.238981,VIN-816832,0,89,P0420
2026-07-31 03:13:51.238981,VIN-910154,2066,96,P0171
2026-07-31 03:13:52.238981,VIN-630775,3311,96,P0171
2026-07-31 03:13:53.238981,VIN-237308,3437,103,P0171
2026-07-31 03:13:54.238981,VIN-388953,2393,85,NONE
2026-07-31 03:13:55.238981,VIN-963834,2371,92,P0171
2026-07-31 03:13:56.238981,VIN-809003,2079,96,P0300
2026-07-31 03:13:57.238981,VIN-154691,2521,99,NONE
2026-07-31 03:13:58.238981,VIN-010335,3128,88,P0420
2026-07-31 03:13:59.238981,VIN-998883,2306,93,P0300
2026-07-31 03:14:00.238981,VIN-603226,2824,93,NONE
2026-07-31 03:14:01.238981,VIN-492196,1877,93,NONE
2026-07-31 03:14:02.238981,VIN-204330,2592,105,P0171
2026-07-31 03:14:03.238981,VIN-479368,3247,92,NONE
2026-07-31 03:14:04.238981,VIN-849199,1935,93,NONE
2026-07-31 03:14:05.238981,VIN-634824,2695,94,NONE
2026-07-31 03:14:06.238981,VIN-401154,2991,85,NONE
2026-07-31 03:14:07.238981,VIN-640270,2053,95,P0171
2026-07-31 03:14:08.238981,VIN-285299,2831,88,P0420
2026-07-31 03:14:09.238981,VIN-810012,1641,99,NONE
2026-07-31 03:14:10.238981,VIN-818410,2092,86,NONE
2026-07-31 03:14:11.238981,VIN-055257,1533,99,NONE
2026-07-31 03:14:12.238981,VIN-804120,1775,98,NONE
2026-07-31 03:14:13.238981,VIN-912108,1789,101,NONE
2026-07-31 03:14:14.238981,VIN-512666,2498,99,P0420
2026-07-31 03:14:15.238981,VIN-314504,2459,99,P0300
2026-07-31 03:14:16.238981,VIN-384503,0,101,P0300
2026-07-31 03:14:17.238981,VIN-745101,3077,97,P0300
2026-07-31 03:14:18.238981,VIN-658520,1626,96,P0171
2026-07-31 03:14:19.238981,VIN-484565,1950,102,NONE
2026-07-31 03:14:20.238981,VIN-391104,1560,88,P0300
2026-07-31 03:14:21.238981,VIN-009911,3164,85,P0171
2026-07-31 03:14:22.238981,VIN-795733,2871,97,NONE
2026-07-31 03:14:23.238981,VIN-509246,2162,93,P0300
2026-07-31 03:14:24.238981,VIN-614397,2054,89,NONE
2026-07-31 03:14:25.238981,VIN-679415,2500,90,P0300
2026-07-31 03:14:26.238981,VIN-111346,2023,104,NONE
2026-07-31 03:14:27.238981,VIN-544540,1805,100,P0420
2026-07-31 03:14:28.238981,VIN-466657,2274,93,NONE
2026-07-31 03:14:29.238981,VIN-923915,3337,90,NONE
2026-07-31 03:14:30.238981,VIN-513516,1546,92,NONE
2026-07-31 03:14:31.238981,VIN-042498,1847,94,NONE
2026-07-31 03:14:32.238981,VIN-226065,2967,88,P0300
2026-07-31 03:14:33.238981,VIN-759844,0,103,P0420
2026-07-31 03:14:34.238981,VIN-084401,1974,85,NONE
2026-07-31 03:14:35.238981,VIN-196500,3171,91,NONE
2026-07-31 03:14:36.238981,VIN-535621,3299,96,P0171
2026-07-31 03:14:37.238981,VIN-803070,3377,96,NONE
2026-07-31 03:14:38.238981,VIN-601806,2903,98,P0171
2026-07-31 03:14:39.238981,VIN-410711,1871,100,NONE
2026-07-31 03:14:40.238981,VIN-841447,2114,86,NONE
2026-07-31 03:14:41.238981,VIN-780830,2360,98,NONE
2026-07-31 03:14:42.238981,VIN-411397,2013,97,NONE
2026-07-31 03:14:43.238981,VIN-453505,2752,90,NONE
2026-07-31 03:14:44.238981,VIN-506306,1832,88,P0171
2026-07-31 03:14:45.238981,VIN-455176,2456,104,P0420
2026-07-31 03:14:46.238981,VIN-733796,2837,100,NONE
2026-07-31 03:14:47.238981,VIN-164208,3461,90,P0171
2026-07-31 03:14:48.238981,VIN-612061,3278,101,P0420
2026-07-31 03:14:49.238981,VIN-484357,2921,97,NONE
2026-07-31 03:14:50.238981,VIN-805653,3432,86,NONE
2026-07-31 03:14:51.238981,VIN-638977,2395,99,NONE
2026-07-31 03:14:52.238981,VIN-716956,3482,100,NONE
2026-07-31 03:14:53.238981,VIN-441479,2033,92,P0171
2026-07-31 03:14:54.238981,VIN-644272,2296,94,NONE
2026-07-31 03:14:55.238981,VIN-439330,2487,103,NONE
2026-07-31 03:14:56.238981,VIN-277760,3171,92,NONE
2026-07-31 03:14:57.238981,VIN-368857,2603,89,NONE
2026-07-31 03:14:58.238981,VIN-307133,3238,101,NONE
2026-07-31 03:14:59.238981,VIN-155076,1567,102,P0171
2026-07-31 03:15:00.238981,VIN-816208,2799,94,P0171
2026-07-31 03:15:01.238981,VIN-559249,2130,88,P0171
2026-07-31 03:15:02.238981,VIN-089285,3083,101,NONE
2026-07-31 03:15:03.238981,VIN-277285,2869,97,NONE
2026-07-31 03:15:04.238981,VIN-176261,2581,95,NONE
2026-07-31 03:15:05.238981,VIN-286831,3359,97,P0171
2026-07-31 03:15:06.238981,VIN-143317,2958,85,NONE
2026-07-31 03:15:07.238981,VIN-861341,0,101,NONE
2026-07-31 03:15:08.238981,VIN-797635,1981,96,P0300
2026-07-31 03:15:09.238981,VIN-418101,2443,94,P0420
2026-07-31 03:15:10.238981,VIN-906313,3465,101,P0171
2026-07-31 03:15:11.238981,VIN-426511,2137,88,P0300
2026-07-31 03:15:12.238981,VIN-652550,2342,95,P0300
2026-07-31 03:15:13.238981,VIN-676522,2757,85,NONE
2026-07-31 03:15:14.238981,VIN-492217,2264,90,P0420
2026-07-31 03:15:15.238981,VIN-415076,2295,94,NONE
2026-07-31 03:15:16.238981,VIN-809575,3238,89,P0420
2026-07-31 03:15:17.238981,VIN-316072,2000,104,P0171
2026-07-31 03:15:18.238981,VIN-530844,1555,92,P0420
2026-07-31 03:15:19.238981,VIN-591703,2898,96,NONE
2026-07-31 03:15:20.238981,VIN-302438,2184,101,NONE
2026-07-31 03:15:21.238981,VIN-065642,2086,94,P0171
2026-07-31 03:15:22.238981,VIN-771710,3493,92,P0171
2026-07-31 03:15:23.238981,VIN-980398,3091,98,P0300
2026-07-31 03:15:24.238981,VIN-439982,3293,100,P0420
2026-07-31 03:15:25.238981,VIN-432942,1858,93,NONE
2026-07-31 03:15:26.238981,VIN-522296,1888,95,NONE
2026-07-31 03:15:27.238981,VIN-685166,1817,101,P0420
2026-07-31 03:15:28.238981,VIN-919299,2432,88,NONE
2026-07-31 03:15:29.238981,VIN-900982,2948,99,P0171
2026-07-31 03:15:30.238981,VIN-254064,2039,87,P0171
2026-07-31 03:15:31.238981,VIN-178192,2871,98,NONE
2026-07-31 03:15:32.238981,VIN-062743,3086,91,P0171
2026-07-31 03:15:33.238981,VIN-244897,2764,91,NONE
2026-07-31 03:15:34.238981,VIN-406660,2701,102,P0420
2026-07-31 03:15:35.238981,VIN-627242,2004,89,NONE
2026-07-31 03:15:36.238981,VIN-730399,3132,87,NONE
2026-07-31 03:15:37.238981,VIN-468402,0,100,NONE
2026-07-31 03:15:38.238981,VIN-591599,3032,101,P0420
2026-07-31 03:15:39.238981,VIN-625483,3159,92,NONE
2026-07-31 03:15:40.238981,VIN-253866,2587,102,P0420
2026-07-31 03:15:41.238981,VIN-748313,2985,102,P0300
2026-07-31 03:15:42.238981,VIN-595732,1518,101,NONE
2026-07-31 03:15:43.238981,VIN-615156,2301,97,P0300
2026-07-31 03:15:44.238981,VIN-631168,0,87,P0171
2026-07-31 03:15:45.238981,VIN-345354,2846,105,NONE
2026-07-31 03:15:46.238981,VIN-341062,1926,95,NONE
2026-07-31 03:15:47.238981,VIN-621667,2805,96,P0420
2026-07-31 03:15:48.238981,VIN-521875,1773,104,P0300
2026-07-31 03:15:49.238981,VIN-894804,0,99,P0300
2026-07-31 03:15:50.238981,VIN-446145,2890,102,P0171
2026-07-31 03:15:51.238981,VIN-619115,2929,92,NONE
2026-07-31 03:15:52.238981,VIN-927877,0,98,NONE
2026-07-31 03:15:53.238981,VIN-767911,1630,90,P0171
2026-07-31 03:15:54.238981,VIN-406336,2902,93,NONE
2026-07-31 03:15:55.238981,VIN-040710,3106,98,NONE
2026-07-31 03:15:56.238981,VIN-542496,2362,103,NONE
2026-07-31 03:15:57.238981,VIN-165332,2601,89,NONE
2026-07-31 03:15:58.238981,VIN-421754,1695,101,NONE
2026-07-31 03:15:59.238981,VIN-316654,2325,89,P0420
2026-07-31 03:16:00.238981,VIN-678002,2722,101,NONE
2026-07-31 03:16:01.238981,VIN-401388,3295,94,P0300
2026-07-31 03:16:02.238981,VIN-334304,1594,99,P0420
2026-07-31 03:16:03.238981,VIN-798232,1758,98,P0300
2026-07-31 03:16:04.238981,VIN-430289,3122,94,NONE
2026-07-31 03:16:05.238981,VIN-970863,2217,104,P0300
2026-07-31 03:16:06.238981,VIN-033094,0,103,NONE
2026-07-31 03:16:07.238981,VIN-174990,2202,102,P0420
2026-07-31 03:16:08.238981,VIN-689662,2723,104,P0171
2026-07-31 03:16:09.238981,VIN-026325,2848,103,NONE
2026-07-31 03:16:10.238981,VIN-027026,1771,85,NONE
2026-07-31 03:16:11.238981,VIN-095431,0,86,NONE
2026-07-31 03:16:12.238981,VIN-117955,3147,92,P0420
2026-07-31 03:16:13.238981,VIN-089193,2834,104,NONE
2026-07-31 03:16:14.238981,VIN-350786,3230,92,NONE
2026-07-31 03:16:15.238981,VIN-273526,2969,98,NONE
2026-07-31 03:16:16.238981,VIN-915741,2017,97,P0420
2026-07-31 03:16:17.238981,VIN-840074,3438,94,NONE
2026-07-31 03:16:18.238981,VIN-956755,2940,89,NONE
2026-07-31 03:16:19.238981,VIN-963824,3481,104,NONE
2026-07-31 03:16:20.238981,VIN-321017,2360,100,P0171
2026-07-31 03:16:21.238981,VIN-609814,1696,101,P0171
2026-07-31 03:16:22.238981,VIN-742059,2168,97,NONE
2026-07-31 03:16:23.238981,VIN-264614,3150,91,P0171
2026-07-31 03:16:24.238981,VIN-522902,3485,98,NONE
2026-07-31 03:16:25.238981,VIN-842598,2656,93,NONE
2026-07-31 03:16:26.238981,VIN-218321,2375,103,NONE
2026-07-31 03:16:27.238981,VIN-392825,3470,96,P0171
2026-07-31 03:16:28.238981,VIN-966043,3298,96,NONE
2026-07-31 03:16:29.238981,VIN-430828,2784,96,NONE
2026-07-31 03:16:30.238981,VIN-479219,3338,94,P0171
2026-07-31 03:16:31.238981,VIN-913230,1504,85,NONE
2026-07-31 03:16:32.238981,VIN-919224,2359,100,P0300
2026-07-31 03:16:33.238981,VIN-919594,3067,105,NONE
2026-07-31 03:16:34.238981,VIN-402335,2387,85,P0420
2026-07-31 03:16:35.238981,VIN-674359,3465,91,NONE
2026-07-31 03:16:36.238981,VIN-016071,1706,105,P0420
2026-07-31 03:16:37.238981,VIN-400328,2930,100,NONE
2026-07-31 03:16:38.238981,VIN-641003,2717,101,NONE
2026-07-31 03:16:39.238981,VIN-628674,3152,87,NONE
2026-07-31 03:16:40.238981,VIN-115818,1966,97,NONE
2026-07-31 03:16:41.238981,VIN-047717,0,102,NONE
2026-07-31 03:16:42.238981,VIN-057220,2152,101,P0420
2026-07-31 03:16:43.238981,VIN-225674,1648,97,NONE
2026-07-31 03:16:44.238981,VIN-314252,3319,94,NONE
2026-07-31 03:16:45.238981,VIN-863156,3355,98,NONE
2026-07-31 03:16:46.238981,VIN-508049,1824,97,NONE
2026-07-31 03:16:47.238981,VIN-588956,2146,92,P0171
2026-07-31 03:16:48.238981,VIN-309833,2645,92,NONE
2026-07-31 03:16:49.238981,VIN-200547,2989,88,P0171
2026-07-31 03:16:50.238981,VIN-429900,2926,102,NONE
2026-07-31 03:16:51.238981,VIN-817443,2731,94,P0300
2026-07-31 03:16:52.238981,VIN-324029,3163,101,NONE
2026-07-31 03:16:53.238981,VIN-451298,2969,93,P0171
2026-07-31 03:16:54.238981,VIN-702810,1888,95,P0171
2026-07-31 03:16:55.238981,VIN-832272,2663,97,P0420
2026-07-31 03:16:56.238981,VIN-739401,2179,101,NONE
2026-07-31 03:16:57.238981,VIN-646004,2159,100,NONE
2026-07-31 03:16:58.238981,VIN-925446,3434,92,NONE
2026-07-31 03:16:59.238981,VIN-962808,2307,87,P0300
2026-07-31 03:17:00.238981,VIN-484199,1599,87,NONE
2026-07-31 03:17:01.238981,VIN-029458,2585,85,P0420
2026-07-31 03:17:02.238981,VIN-801653,2343,105,P0171
2026-07-31 03:17:03.238981,VIN-634594,3408,103,P0300
2026-07-31 03:17:04.238981,VIN-650463,1574,98,NONE
2026-07-31 03:17:05.238981,VIN-462587,1806,102,NONE
2026-07-31 03:17:06.238981,VIN-262112,1842,91,P0171
2026-07-31 03:17:07.238981,VIN-665037,0,103,NONE
2026-07-31 03:17:08.238981,VIN-687106,0,91,NONE
2026-07-31 03:17:09.238981,VIN-926554,3118,94,NONE
2026-07-31 03:17:10.238981,VIN-118034,0,92,P0171
2026-07-31 03:17:11.238981,VIN-359228,2218,100,P0171
2026-07-31 03:17:12.238981,VIN-546653,2900,86,NONE
2026-07-31 03:17:13.238981,VIN-983539,2404,102,P0300
2026-07-31 03:17:14.238981,VIN-618917,2200,87,NONE
2026-07-31 03:17:15.238981,VIN-142865,1661,90,NONE
2026-07-31 03:17:16.238981,VIN-409852,2216,104,P0300
2026-07-31 03:17:17.238981,VIN-533311,3476,91,P0171
2026-07-31 03:17:18.238981,VIN-431905,2467,102,NONE
2026-07-31 03:17:19.238981,VIN-357435,2201,105,NONE
2026-07-31 03:17:20.238981,VIN-275451,2607,85,P0300
2026-07-31 03:17:21.238981,VIN-740473,0,86,P0300
2026-07-31 03:17:22.238981,VIN-169080,2777,99,P0300
2026-07-31 03:17:23.238981,VIN-397726,2405,103,NONE
2026-07-31 03:17:24.238981,VIN-973277,1984,91,P0420
2026-07-31 03:17:25.238981,VIN-447825,2024,88,P0300
2026-07-31 03:17:26.238981,VIN-192290,1795,85,P0420
2026-07-31 03:17:27.238981,VIN-546224,3378,98,NONE
2026-07-31 03:17:28.238981,VIN-220401,2121,92,NONE
2026-07-31 03:17:29.238981,VIN-038202,1673,88,NONE
2026-07-31 03:17:30.238981,VIN-035819,3148,97,P0300
2026-07-31 03:17:31.238981,VIN-213372,3200,87,NONE
2026-07-31 03:17:32.238981,VIN-849713,1525,91,P0420
2026-07-31 03:17:33.238981,VIN-515629,2486,95,NONE
2026-07-31 03:17:34.238981,VIN-084911,2015,98,P0171
2026-07-31 03:17:35.238981,VIN-743399,3443,95,NONE
2026-07-31 03:17:36.238981,VIN-184933,2049,96,P0420
2026-07-31 03:17:37.238981,VIN-973104,2717,92,NONE
2026-07-31 03:17:38.238981,VIN-020364,2159,90,NONE
2026-07-31 03:17:39.238981,VIN-365180,1531,102,P0300
2026-07-31 03:17:40.238981,VIN-830441,2710,99,NONE
2026-07-31 03:17:41.238981,VIN-963477,3043,99,P0300
2026-07-31 03:17:42.238981,VIN-976366,2335,103,NONE
2026-07-31 03:17:43.238981,VIN-295602,3401,100,NONE
2026-07-31 03:17:44.238981,VIN-932759,3155,94,NONE
2026-07-31 03:17:45.238981,VIN-620496,2806,94,P0171
2026-07-31 03:17:46.238981,VIN-536487,2858,101,NONE
2026-07-31 03:17:47.238981,VIN-369300,2271,91,P0300
2026-07-31 03:17:48.238981,VIN-518464,1530,90,NONE
2026-07-31 03:17:49.238981,VIN-465591,3331,87,NONE
2026-07-31 03:17:50.238981,VIN-019695,2282,85,NONE
2026-07-31 03:17:51.238981,VIN-326384,3433,90,NONE
2026-07-31 03:17:52.238981,VIN-458094,2213,100,P0300
2026-07-31 03:17:53.238981,VIN-283910,1505,102,NONE
2026-07-31 03:17:54.238981,VIN-808088,3366,95,P0300
2026-07-31 03:17:55.238981,VIN-792021,2689,95,NONE
2026-07-31 03:17:56.238981,VIN-225005,2983,87,P0300
2026-07-31 03:17:57.238981,VIN-657363,3454,101,NONE
2026-07-31 03:17:58.238981,VIN-956080,3238,98,P0300
2026-07-31 03:17:59.238981,VIN-613940,0,95,P0420
2026-07-31 03:18:00.238981,VIN-216764,2035,104,P0300
2026-07-31 03:18:01.238981,VIN-137107,1607,85,NONE
2026-07-31 03:18:02.238981,VIN-322261,1570,89,P0171
2026-07-31 03:18:03.238981,VIN-896709,1661,87,P0300
2026-07-31 03:18:04.238981,VIN-875583,3433,86,NONE
2026-07-31 03:18:05.238981,VIN-663437,2667,104,P0300
2026-07-31 03:18:06.238981,VIN-438224,2382,104,NONE
2026-07-31 03:18:07.238981,VIN-652968,1809,99,NONE
2026-07-31 03:18:08.238981,VIN-896842,3178,104,NONE
2026-07-31 03:18:09.238981,VIN-581179,2439,105,P0420
2026-07-31 03:18:10.238981,VIN-785869,2132,91,NONE
2026-07-31 03:18:11.238981,VIN-105378,3047,87,NONE
2026-07-31 03:18:12.238981,VIN-405432,1820,97,P0171
2026-07-31 03:18:13.238981,VIN-050193,2176,98,P0171
2026-07-31 03:18:14.238981,VIN-311469,1932,86,NONE
2026-07-31 03:18:15.238981,VIN-583655,2236,104,P0420
2026-07-31 03:18:16.238981,VIN-210731,0,104,P0171
2026-07-31 03:18:17.238981,VIN-743337,2983,92,P0300
2026-07-31 03:18:18.238981,VIN-606128,1830,94,NONE
2026-07-31 03:18:19.238981,VIN-636765,3284,98,NONE
2026-07-31 03:18:20.238981,VIN-085896,2335,99,NONE
2026-07-31 03:18:21.238981,VIN-393231,3455,105,P0171
2026-07-31 03:18:22.238981,VIN-578427,3237,102,NONE
2026-07-31 03:18:23.238981,VIN-517463,2723,104,NONE
2026-07-31 03:18:24.238981,VIN-653431,1882,90,NONE
2026-07-31 03:18:25.238981,VIN-888715,3024,105,NONE
2026-07-31 03:18:26.238981,VIN-870178,2427,88,P0420
2026-07-31 03:18:27.238981,VIN-931435,0,102,NONE
2026-07-31 03:18:28.238981,VIN-138225,2319,95,P0300
2026-07-31 03:18:29.238981,VIN-452207,1914,90,P0300
2026-07-31 03:18:30.238981,VIN-266223,2614,102,NONE
2026-07-31 03:18:31.238981,VIN-360933,2738,96,NONE
2026-07-31 03:18:32.238981,VIN-429649,2866,88,P0420
2026-07-31 03:18:33.238981,VIN-277165,1564,97,P0420
2026-07-31 03:18:34.238981,VIN-557411,3218,102,NONE
2026-07-31 03:18:35.238981,VIN-672083,2887,98,NONE
2026-07-31 03:18:36.238981,VIN-570119,2922,97,NONE
2026-07-31 03:18:37.238981,VIN-611313,2457,102,P0171
2026-07-31 03:18:38.238981,VIN-596392,2268,100,NONE
2026-07-31 03:18:39.238981,VIN-117026,1926,95,P0420
2026-07-31 03:18:40.238981,VIN-296430,2152,105,P0171
2026-07-31 03:18:41.238981,VIN-390459,2931,96,P0420
2026-07-31 03:18:42.238981,VIN-737303,1926,89,P0420
2026-07-31 03:18:43.238981,VIN-275220,2392,89,NONE
2026-07-31 03:18:44.238981,VIN-216929,2773,101,P0420
2026-07-31 03:18:45.238981,VIN-598725,2850,87,P0420
2026-07-31 03:18:46.238981,VIN-028694,3363,91,P0300
2026-07-31 03:18:47.238981,VIN-009127,2835,92,NONE
2026-07-31 03:18:48.238981,VIN-674719,2737,85,P0420
2026-07-31 03:18:49.238981,VIN-078623,1809,103,NONE
2026-07-31 03:18:50.238981,VIN-260715,0,102,P0420
2026-07-31 03:18:51.238981,VIN-617413,2627,93,P0300
2026-07-31 03:18:52.238981,VIN-201679,3325,96,NONE
2026-07-31 03:18:53.238981,VIN-420074,3132,95,P0420
2026-07-31 03:18:54.238981,VIN-603075,2065,89,NONE
2026-07-31 03:18:55.238981,VIN-702064,2798,97,P0171
2026-07-31 03:18:56.238981,VIN-954163,3028,94,P0420
2026-07-31 03:18:57.238981,VIN-278997,1924,97,P0420
2026-07-31 03:18:58.238981,VIN-377704,1884,90,NONE
2026-07-31 03:18:59.238981,VIN-460691,2285,103,P0420
2026-07-31 03:19:00.238981,VIN-747571,2157,99,NONE
2026-07-31 03:19:01.238981,VIN-383520,2549,90,NONE
2026-07-31 03:19:02.238981,VIN-991899,1891,93,P0420
2026-07-31 03:19:03.238981,VIN-934129,2168,87,NONE
2026-07-31 03:19:04.238981,VIN-290972,3137,100,P0171
2026-07-31 03:19:05.238981,VIN-304468,3261,95,P0171
2026-07-31 03:19:06.238981,VIN-202258,1952,85,P0300
2026-07-31 03:19:07.238981,VIN-456125,1560,100,P0300
2026-07-31 03:19:08.238981,VIN-699881,2892,93,P0420
2026-07-31 03:19:09.238981,VIN-949492,2404,102,P0420
2026-07-31 03:19:10.238981,VIN-485220,1732,100,P0420
2026-07-31 03:19:11.238981,VIN-127051,3480,88,P0420
2026-07-31 03:19:12.238981,VIN-382999,2546,93,NONE
2026-07-31 03:19:13.238981,VIN-139248,3329,97,P0420
2026-07-31 03:19:14.238981,VIN-754770,3085,104,NONE
2026-07-31 03:19:15.238981,VIN-825230,1694,95,NONE
2026-07-31 03:19:16.238981,VIN-047769,3497,99,NONE
2026-07-31 03:19:17.238981,VIN-579010,3386,99,NONE
2026-07-31 03:19:18.238981,VIN-478789,2749,92,NONE
2026-07-31 03:19:19.238981,VIN-659390,1917,87,P0171
2026-07-31 03:19:20.238981,VIN-833197,2614,90,P0171
2026-07-31 03:19:21.238981,VIN-087373,1882,98,NONE
2026-07-31 03:19:22.238981,VIN-399966,2512,99,P0171
2026-07-31 03:19:23.238981,VIN-120134,1954,103,NONE
2026-07-31 03:19:24.238981,VIN-213167,2504,99,P0420
2026-07-31 03:19:25.238981,VIN-965085,3403,101,NONE
2026-07-31 03:19:26.238981,VIN-131665,2337,85,NONE
2026-07-31 03:19:27.238981,VIN-544469,3216,99,NONE
2026-07-31 03:19:28.238981,VIN-074476,3383,90,P0420
2026-07-31 03:19:29.238981,VIN-508739,0,102,P0171
2026-07-31 03:19:30.238981,VIN-010431,2838,104,NONE
2026-07-31 03:19:31.238981,VIN-247816,2533,95,NONE
2026-07-31 03:19:32.238981,VIN-720651,2117,97,P0420
2026-07-31 03:19:33.238981,VIN-371831,1952,105,P0420
2026-07-31 03:19:34.238981,VIN-139214,1744,89,P0171
2026-07-31 03:19:35.238981,VIN-460238,1547,91,NONE
2026-07-31 03:19:36.238981,VIN-609176,3199,87,P0420
2026-07-31 03:19:37.238981,VIN-475679,3011,95,NONE
2026-07-31 03:19:38.238981,VIN-540644,3125,87,NONE
2026-07-31 03:19:39.238981,VIN-253826,1550,99,P0300
2026-07-31 03:19:40.238981,VIN-191915,2605,93,NONE
2026-07-31 03:19:41.238981,VIN-310299,3490,97,NONE
2026-07-31 03:19:42.238981,VIN-356374,2383,87,P0300
2026-07-31 03:19:43.238981,VIN-066001,1824,97,P0171
2026-07-31 03:19:44.238981,VIN-145171,1730,94,NONE
2026-07-31 03:19:45.238981,VIN-260754,3134,101,NONE
2026-07-31 03:19:46.238981,VIN-604820,3263,87,NONE
2026-07-31 03:19:47.238981,VIN-307530,1712,85,NONE
2026-07-31 03:19:48.238981,VIN-287499,3133,104,NONE
2026-07-31 03:19:49.238981,VIN-450896,1686,100,NONE
2026-07-31 03:19:50.238981,VIN-417671,1690,86,NONE
2026-07-31 03:19:51.238981,VIN-856931,1845,92,P0300
2026-07-31 03:19:52.238981,VIN-637987,2682,93,P0420
2026-07-31 03:19:53.238981,VIN-388899,2948,98,NONE
2026-07-31 03:19:54.238981,VIN-248137,2580,89,NONE
2026-07-31 03:19:55.238981,VIN-329275,1659,104,NONE
2026-07-31 03:19:56.238981,VIN-860962,2191,103,NONE
2026-07-31 03:19:57.238981,VIN-570904,2630,95,P0171
2026-07-31 03:19:58.238981,VIN-807003,3317,94,NONE
2026-07-31 03:19:59.238981,VIN-816394,1790,93,P0420
2026-07-31 03:20:00.238981,VIN-851464,3137,88,NONE
2026-07-31 03:20:01.238981,VIN-537610,2716,104,P0420
2026-07-31 03:20:02.238981,VIN-726331,3151,90,P0420
2026-07-31 03:20:03.238981,VIN-555316,2247,105,NONE
2026-07-31 03:20:04.238981,VIN-840275,2822,96,NONE
2026-07-31 03:20:05.238981,VIN-749345,2873,85,NONE
2026-07-31 03:20:06.238981,VIN-596087,2142,101,NONE
2026-07-31 03:20:07.238981,VIN-116924,3143,87,NONE
2026-07-31 03:20:08.238981,VIN-894965,2411,92,NONE
2026-07-31 03:20:09.238981,VIN-461251,2154,87,P0171
2026-07-31 03:20:10.238981,VIN-468464,1922,93,NONE
2026-07-31 03:20:11.238981,VIN-715584,1564,97,NONE
2026-07-31 03:20:12.238981,VIN-948031,2660,100,P0420
2026-07-31 03:20:13.238981,VIN-546981,2098,94,NONE
2026-07-31 03:20:14.238981,VIN-409352,3065,92,NONE
2026-07-31 03:20:15.238981,VIN-864535,2775,99,P0300
2026-07-31 03:20:16.238981,VIN-568278,0,102,P0171
2026-07-31 03:20:17.238981,VIN-255850,1564,85,NONE
2026-07-31 03:20:18.238981,VIN-108277,0,94,NONE
2026-07-31 03:20:19.238981,VIN-891000,0,88,P0171
2026-07-31 03:20:20.238981,VIN-393295,2964,89,NONE
2026-07-31 03:20:21.238981,VIN-108372,2220,92,NONE
2026-07-31 03:20:22.238981,VIN-512428,2263,96,NONE
2026-07-31 03:20:23.238981,VIN-807679,2397,103,P0300
2026-07-31 03:20:24.238981,VIN-844230,2963,85,P0171
2026-07-31 03:20:25.238981,VIN-488489,2143,91,P0300
2026-07-31 03:20:26.238981,VIN-672964,3280,96,P0171
2026-07-31 03:20:27.238981,VIN-707289,3217,105,P0420
2026-07-31 03:20:28.238981,VIN-400163,1816,86,NONE
2026-07-31 03:20:29.238981,VIN-920205,0,89,P0171
2026-07-31 03:20:30.238981,VIN-695650,2706,86,NONE
2026-07-31 03:20:31.238981,VIN-848526,0,91,P0171
2026-07-31 03:20:32.238981,VIN-303691,1912,92,NONE
2026-07-31 03:20:33.238981,VIN-909256,2703,99,P0420
2026-07-31 03:20:34.238981,VIN-575488,3472,86,P0171
2026-07-31 03:20:35.238981,VIN-093679,3293,105,NONE
2026-07-31 03:20:36.238981,VIN-682641,1915,85,P0171
2026-07-31 03:20:37.238981,VIN-655494,2760,105,P0420
2026-07-31 03:20:38.238981,VIN-685870,1524,97,NONE
2026-07-31 03:20:39.238981,VIN-168152,1583,90,P0171
2026-07-31 03:20:40.238981,VIN-621771,3342,97,P0420
2026-07-31 03:20:41.238981,VIN-007815,2821,93,P0171
2026-07-31 03:20:42.238981,VIN-807219,3048,86,NONE
2026-07-31 03:20:43.238981,VIN-791706,2008,92,P0420
2026-07-31 03:20:44.238981,VIN-937985,3058,105,NONE
2026-07-31 03:20:45.238981,VIN-540818,0,96,NONE
2026-07-31 03:20:46.238981,VIN-697404,2175,97,P0171
2026-07-31 03:20:47.238981,VIN-483946,1831,98,NONE
2026-07-31 03:20:48.238981,VIN-544945,3284,91,P0171
2026-07-31 03:20:49.238981,VIN-091930,3120,89,P0171
2026-07-31 03:20:50.238981,VIN-239126,2071,94,P0420
2026-07-31 03:20:51.238981,VIN-987924,1812,104,P0420
2026-07-31 03:20:52.238981,VIN-328121,3253,92,P0420
2026-07-31 03:20:53.238981,VIN-229202,0,98,P0171
2026-07-31 03:20:54.238981,VIN-799810,2775,104,NONE
2026-07-31 03:20:55.238981,VIN-831565,2067,91,NONE
2026-07-31 03:20:56.238981,VIN-053471,3171,98,NONE
2026-07-31 03:20:57.238981,VIN-237741,3227,94,P0171
2026-07-31 03:20:58.238981,VIN-493737,2631,100,NONE
2026-07-31 03:20:59.238981,VIN-924962,2999,100,P0300
2026-07-31 03:21:00.238981,VIN-814846,2147,101,NONE
2026-07-31 03:21:01.238981,VIN-970764,2508,99,NONE
2026-07-31 03:21:02.238981,VIN-033176,2397,95,NONE
2026-07-31 03:21:03.238981,VIN-926696,0,94,P0171
2026-07-31 03:21:04.238981,VIN-694032,2177,96,P0171
2026-07-31 03:21:05.238981,VIN-912893,3042,102,NONE
2026-07-31 03:21:06.238981,VIN-408122,2674,90,NONE
2026-07-31 03:21:07.238981,VIN-505442,1900,101,P0171
2026-07-31 03:21:08.238981,VIN-531869,2275,97,P0420
2026-07-31 03:21:09.238981,VIN-082423,3321,99,NONE
2026-07-31 03:21:10.238981,VIN-985580,2804,93,P0171
2026-07-31 03:21:11.238981,VIN-882447,2470,88,P0300
2026-07-31 03:21:12.238981,VIN-705240,2147,98,NONE
2026-07-31 03:21:13.238981,VIN-684785,1969,95,P0300
2026-07-31 03:21:14.238981,VIN-404995,1656,91,NONE
2026-07-31 03:21:15.238981,VIN-592407,3135,93,NONE
2026-07-31 03:21:16.238981,VIN-613664,2437,93,P0420
2026-07-31 03:21:17.238981,VIN-340664,2809,90,NONE
2026-07-31 03:21:18.238981,VIN-859233,1681,85,P0171
2026-07-31 03:21:19.238981,VIN-534347,3269,99,NONE
2026-07-31 03:21:20.238981,VIN-987303,2722,85,P0300
2026-07-31 03:21:21.238981,VIN-598523,2120,95,P0300
2026-07-31 03:21:22.238981,VIN-795308,1616,104,NONE
2026-07-31 03:21:23.238981,VIN-586798,1535,96,P0171
2026-07-31 03:21:24.238981,VIN-118949,3355,90,P0300
2026-07-31 03:21:25.238981,VIN-648840,2975,100,P0300
2026-07-31 03:21:26.238981,VIN-769314,2730,101,P0171
2026-07-31 03:21:27.238981,VIN-947649,3154,86,NONE
2026-07-31 03:21:28.238981,VIN-231553,3084,105,P0420
2026-07-31 03:21:29.238981,VIN-654232,1725,96,NONE
2026-07-31 03:21:30.238981,VIN-672266,1789,105,P0420
2026-07-31 03:21:31.238981,VIN-975193,2228,98,NONE
2026-07-31 03:21:32.238981,VIN-061916,3000,86,P0420
2026-07-31 03:21:33.238981,VIN-318764,3493,100,P0420
2026-07-31 03:21:34.238981,VIN-326521,3288,97,P0300
2026-07-31 03:21:35.238981,VIN-976145,1748,102,P0300
2026-07-31 03:21:36.238981,VIN-863352,1767,103,NONE
2026-07-31 03:21:37.238981,VIN-343203,1919,96,P0171
2026-07-31 03:21:38.238981,VIN-638880,2963,102,NONE
2026-07-31 03:21:39.238981,VIN-311029,2201,99,NONE
2026-07-31 03:21:40.238981,VIN-825268,3030,100,P0171
2026-07-31 03:21:41.238981,VIN-626094,2950,97,NONE
2026-07-31 03:21:42.238981,VIN-259716,3294,91,P0300
2026-07-31 03:21:43.238981,VIN-074034,3068,88,P0300
2026-07-31 03:21:44.238981,VIN-356448,1844,101,NONE
2026-07-31 03:21:45.238981,VIN-392410,1934,85,NONE
2026-07-31 03:21:46.238981,VIN-913098,2664,101,P0171
2026-07-31 03:21:47.238981,VIN-521589,3158,88,NONE
2026-07-31 03:21:48.238981,VIN-317920,3229,99,NONE
2026-07-31 03:21:49.238981,VIN-629524,1872,91,NONE
2026-07-31 03:21:50.238981,VIN-848931,3353,93,NONE
2026-07-31 03:21:51.238981,VIN-755484,2724,96,P0420
2026-07-31 03:21:52.238981,VIN-746732,1905,92,NONE
2026-07-31 03:21:53.238981,VIN-147023,2179,101,P0171
2026-07-31 03:21:54.238981,VIN-149901,3133,99,P0171
2026-07-31 03:21:55.238981,VIN-259225,1984,99,NONE
2026-07-31 03:21:56.238981,VIN-359778,3055,100,P0420
2026-07-31 03:21:57.238981,VIN-551028,2978,94,P0171
2026-07-31 03:21:58.238981,VIN-064248,0,90,NONE
2026-07-31 03:21:59.238981,VIN-896907,2790,101,NONE
2026-07-31 03:22:00.238981,VIN-353046,2294,88,NONE
2026-07-31 03:22:01.238981,VIN-202870,1958,97,NONE
2026-07-31 03:22:02.238981,VIN-888902,3440,94,NONE
2026-07-31 03:22:03.238981,VIN-417375,1804,90,P0420
2026-07-31 03:22:04.238981,VIN-619267,1523,92,P0300
2026-07-31 03:22:05.238981,VIN-599070,2565,93,NONE
2026-07-31 03:22:06.238981,VIN-492360,1809,93,NONE
2026-07-31 03:22:07.238981,VIN-964944,3266,97,NONE
2026-07-31 03:22:08.238981,VIN-558541,3313,99,NONE
2026-07-31 03:22:09.238981,VIN-956594,2743,90,NONE
2026-07-31 03:22:10.238981,VIN-710869,2916,96,NONE
2026-07-31 03:22:11.238981,VIN-768581,3341,103,NONE
2026-07-31 03:22:12.238981,VIN-703524,3196,94,NONE
2026-07-31 03:22:13.238981,VIN-138515,0,86,NONE
2026-07-31 03:22:14.238981,VIN-011488,3085,88,P0171
2026-07-31 03:22:15.238981,VIN-075486,3474,86,NONE
2026-07-31 03:22:16.238981,VIN-339873,3420,95,P0171
2026-07-31 03:22:17.238981,VIN-329315,0,85,NONE
2026-07-31 03:22:18.238981,VIN-620478,3088,85,P0300
2026-07-31 03:22:19.238981,VIN-701076,2381,91,P0420
2026-07-31 03:22:20.238981,VIN-731892,1704,94,NONE
2026-07-31 03:22:21.238981,VIN-125922,2944,95,P0300
2026-07-31 03:22:22.238981,VIN-121295,3099,105,P0420
2026-07-31 03:22:23.238981,VIN-750502,1844,98,P0420
2026-07-31 03:22:24.238981,VIN-250027,3414,97,NONE
2026-07-31 03:22:25.238981,VIN-202369,1722,88,P0171
2026-07-31 03:22:26.238981,VIN-394121,2025,105,NONE
2026-07-31 03:22:27.238981,VIN-940532,2498,102,NONE
2026-07-31 03:22:28.238981,VIN-859511,2553,92,NONE
2026-07-31 03:22:29.238981,VIN-043369,1558,98,P0171
2026-07-31 03:22:30.238981,VIN-668332,2207,98,NONE
2026-07-31 03:22:31.238981,VIN-663535,2577,105,NONE
2026-07-31 03:22:32.238981,VIN-607282,3113,99,NONE
2026-07-31 03:22:33.238981,VIN-560278,1622,90,NONE
2026-07-31 03:22:34.238981,VIN-109058,3068,101,NONE
2026-07-31 03:22:35.238981,VIN-025904,1503,91,NONE
2026-07-31 03:22:36.238981,VIN-302126,3061,98,P0300
2026-07-31 03:22:37.238981,VIN-808558,1639,103,NONE
2026-07-31 03:22:38.238981,VIN-951003,1869,89,P0300
2026-07-31 03:22:39.238981,VIN-640958,2189,94,P0171
2026-07-31 03:22:40.238981,VIN-680273,2375,104,NONE
2026-07-31 03:22:41.238981,VIN-177566,1632,89,P0300
2026-07-31 03:22:42.238981,VIN-535066,0,91,NONE
2026-07-31 03:22:43.238981,VIN-082116,2526,99,NONE
2026-07-31 03:22:44.238981,VIN-918504,2361,103,P0420
2026-07-31 03:22:45.238981,VIN-775558,0,91,NONE
2026-07-31 03:22:46.238981,VIN-644256,0,97,NONE
2026-07-31 03:22:47.238981,VIN-545372,2432,89,NONE
2026-07-31 03:22:48.238981,VIN-577121,3442,98,P0420
2026-07-31 03:22:49.238981,VIN-234426,2560,93,NONE
2026-07-31 03:22:50.238981,VIN-697383,3096,96,NONE
2026-07-31 03:22:51.238981,VIN-280327,0,102,P0171
2026-07-31 03:22:52.238981,VIN-322462,3053,92,NONE
2026-07-31 03:22:53.238981,VIN-102980,2231,96,NONE
2026-07-31 03:22:54.238981,VIN-638256,1761,101,P0420
2026-07-31 03:22:55.238981,VIN-110106,1599,90,P0171
2026-07-31 03:22:56.238981,VIN-331129,1614,100,NONE
2026-07-31 03:22:57.238981,VIN-195390,3010,102,P0420
2026-07-31 03:22:58.238981,VIN-155846,0,100,P0171
2026-07-31 03:22:59.238981,VIN-013360,2502,95,NONE
2026-07-31 03:23:00.238981,VIN-600644,2280,90,NONE
2026-07-31 03:23:01.238981,VIN-355414,2769,86,NONE
2026-07-31 03:23:02.238981,VIN-917045,1823,87,P0420
2026-07-31 03:23:03.238981,VIN-583759,3480,98,NONE
2026-07-31 03:23:04.238981,VIN-517284,2617,85,NONE
2026-07-31 03:23:05.238981,VIN-269170,2253,105,P0171
2026-07-31 03:23:06.238981,VIN-366659,2213,86,NONE
2026-07-31 03:23:07.238981,VIN-923474,2322,99,NONE
2026-07-31 03:23:08.238981,VIN-083232,0,96,P0420
2026-07-31 03:23:09.238981,VIN-260798,2392,101,P0171
2026-07-31 03:23:10.238981,VIN-488173,3210,91,P0420
2026-07-31 03:23:11.238981,VIN-792456,2962,87,NONE
2026-07-31 03:23:12.238981,VIN-916262,0,85,P0300
2026-07-31 03:23:13.238981,VIN-984299,2228,95,P0171
2026-07-31 03:23:14.238981,VIN-830518,1507,92,P0171
2026-07-31 03:23:15.238981,VIN-005680,2356,93,NONE
2026-07-31 03:23:16.238981,VIN-992802,1965,98,P0300
2026-07-31 03:23:17.238981,VIN-437951,2696,97,NONE
2026-07-31 03:23:18.238981,VIN-502135,1737,95,NONE
2026-07-31 03:23:19.238981,VIN-641086,2025,86,P0300
2026-07-31 03:23:20.238981,VIN-804843,3352,88,P0171
2026-07-31 03:23:21.238981,VIN-640753,3041,96,NONE
2026-07-31 03:23:22.238981,VIN-628984,2561,90,P0300
2026-07-31 03:23:23.238981,VIN-897809,2763,87,P0300
2026-07-31 03:23:24.238981,VIN-648415,1834,104,P0420
2026-07-31 03:23:25.238981,VIN-120485,2093,101,NONE
2026-07-31 03:23:26.238981,VIN-810000,3070,86,P0420
2026-07-31 03:23:27.238981,VIN-715671,2907,101,NONE
2026-07-31 03:23:28.238981,VIN-111480,1512,92,P0171
2026-07-31 03:23:29.238981,VIN-166045,3469,95,P0420
2026-07-31 03:23:30.238981,VIN-464694,3312,97,NONE
2026-07-31 03:23:31.238981,VIN-646929,1724,105,P0171
2026-07-31 03:23:32.238981,VIN-074432,1739,91,NONE
2026-07-31 03:23:33.238981,VIN-596270,2138,88,NONE
2026-07-31 03:23:34.238981,VIN-782042,3429,100,P0171
2026-07-31 03:23:35.238981,VIN-328414,2900,96,P0171
2026-07-31 03:23:36.238981,VIN-691414,2338,99,NONE
2026-07-31 03:23:37.238981,VIN-599468,1717,92,NONE
2026-07-31 03:23:38.238981,VIN-244559,2582,105,NONE
2026-07-31 03:23:39.238981,VIN-379282,0,91,P0300
2026-07-31 03:23:40.238981,VIN-710624,3054,103,NONE
2026-07-31 03:23:41.238981,VIN-602611,3141,101,P0171
2026-07-31 03:23:42.238981,VIN-811214,1801,85,NONE
2026-07-31 03:23:43.238981,VIN-640473,3357,96,P0420
2026-07-31 03:23:44.238981,VIN-217240,1611,86,NONE
2026-07-31 03:23:45.238981,VIN-359451,1595,98,P0171
2026-07-31 03:23:46.238981,VIN-467334,3294,96,NONE
2026-07-31 03:23:47.238981,VIN-904494,2960,95,P0171
2026-07-31 03:23:48.238981,VIN-001241,2994,94,P0420
2026-07-31 03:23:49.238981,VIN-145181,2631,99,NONE
2026-07-31 03:23:50.238981,VIN-619462,1927,87,NONE
2026-07-31 03:23:51.238981,VIN-800648,1823,88,NONE
2026-07-31 03:23:52.238981,VIN-054020,2018,88,NONE
2026-07-31 03:23:53.238981,VIN-489404,1877,97,NONE
2026-07-31 03:23:54.238981,VIN-877939,3239,103,P0171
2026-07-31 03:23:55.238981,VIN-476696,1740,85,NONE
2026-07-31 03:23:56.238981,VIN-442806,1669,96,P0420
2026-07-31 03:23:57.238981,VIN-189389,3494,91,NONE
2026-07-31 03:23:58.238981,VIN-475454,3323,86,P0300
2026-07-31 03:23:59.238981,VIN-380854,2110,91,NONE
2026-07-31 03:24:00.238981,VIN-711719,3207,93,P0300
2026-07-31 03:24:01.238981,VIN-422552,2594,104,P0171
2026-07-31 03:24:02.238981,VIN-638131,3012,101,P0420
2026-07-31 03:24:03.238981,VIN-744906,2348,100,P0420
2026-07-31 03:24:04.238981,VIN-386674,3092,92,P0171
2026-07-31 03:24:05.238981,VIN-095365,2221,95,P0171
2026-07-31 03:24:06.238981,VIN-770811,2622,101,NONE
2026-07-31 03:24:07.238981,VIN-142764,3208,101,P0420
2026-07-31 03:24:08.238981,VIN-607227,2439,98,P0171
2026-07-31 03:24:09.238981,VIN-135147,2307,104,NONE
2026-07-31 03:24:10.238981,VIN-736922,1546,88,P0171
2026-07-31 03:24:11.238981,VIN-853400,1797,105,P0300
2026-07-31 03:24:12.238981,VIN-994049,3437,100,P0171
2026-07-31 03:24:13.238981,VIN-286871,3256,89,NONE
2026-07-31 03:24:14.238981,VIN-123760,2930,98,P0300
2026-07-31 03:24:15.238981,VIN-176111,2161,97,NONE
2026-07-31 03:24:16.238981,VIN-032233,1555,103,NONE
2026-07-31 03:24:17.238981,VIN-200518,0,88,P0420
2026-07-31 03:24:18.238981,VIN-355196,3322,98,P0171
2026-07-31 03:24:19.238981,VIN-950841,1831,86,NONE
2026-07-31 03:24:20.238981,VIN-465878,2913,92,P0420
2026-07-31 03:24:21.238981,VIN-380661,2395,88,NONE
2026-07-31 03:24:22.238981,VIN-771673,3490,101,NONE
2026-07-31 03:24:23.238981,VIN-942216,2985,86,P0300
2026-07-31 03:24:24.238981,VIN-046633,2861,88,NONE
2026-07-31 03:24:25.238981,VIN-660182,1629,93,P0300
2026-07-31 03:24:26.238981,VIN-930876,2030,95,NONE
2026-07-31 03:24:27.238981,VIN-452165,2417,85,P0300
2026-07-31 03:24:28.238981,VIN-536196,3036,88,NONE
2026-07-31 03:24:29.238981,VIN-446641,2331,98,NONE
2026-07-31 03:24:30.238981,VIN-781711,2540,93,P0300
2026-07-31 03:24:31.238981,VIN-903053,3484,92,P0420
2026-07-31 03:24:32.238981,VIN-021678,2033,89,NONE
2026-07-31 03:24:33.238981,VIN-088396,2558,89,P0171
2026-07-31 03:24:34.238981,VIN-485223,2713,104,NONE
2026-07-31 03:24:35.238981,VIN-555405,0,96,P0171
2026-07-31 03:24:36.238981,VIN-848338,2594,92,NONE
2026-07-31 03:24:37.238981,VIN-388722,1557,95,NONE
2026-07-31 03:24:38.238981,VIN-321967,2796,100,P0171
2026-07-31 03:24:39.238981,VIN-528619,2787,96,NONE
2026-07-31 03:24:40.238981,VIN-325349,1801,103,NONE
2026-07-31 03:24:41.238981,VIN-200804,2113,103,NONE
2026-07-31 03:24:42.238981,VIN-768664,1827,85,NONE
2026-07-31 03:24:43.238981,VIN-570329,0,103,P0171
2026-07-31 03:24:44.238981,VIN-249977,3290,87,NONE
2026-07-31 03:24:45.238981,VIN-423628,3402,101,NONE
2026-07-31 03:24:46.238981,VIN-822638,1617,92,NONE
2026-07-31 03:24:47.238981,VIN-266348,2056,100,NONE
2026-07-31 03:24:48.238981,VIN-896290,2348,99,NONE
2026-07-31 03:24:49.238981,VIN-285586,3481,90,P0420
2026-07-31 03:24:50.238981,VIN-726514,2542,87,P0171
2026-07-31 03:24:51.238981,VIN-566795,1909,90,NONE
2026-07-31 03:24:52.238981,VIN-806811,0,102,NONE
2026-07-31 03:24:53.238981,VIN-537432,3125,96,NONE
2026-07-31 03:24:54.238981,VIN-947410,1667,104,NONE
2026-07-31 03:24:55.238981,VIN-848161,2494,100,P0420
2026-07-31 03:24:56.238981,VIN-401174,2982,86,NONE
2026-07-31 03:24:57.238981,VIN-356291,2015,88,NONE
2026-07-31 03:24:58.238981,VIN-963577,3106,90,P0300
2026-07-31 03:24:59.238981,VIN-124936,3407,100,P0171
2026-07-31 03:25:00.238981,VIN-381330,3301,89,P0300
2026-07-31 03:25:01.238981,VIN-453897,3445,98,NONE
2026-07-31 03:25:02.238981,VIN-149724,1774,88,NONE
2026-07-31 03:25:03.238981,VIN-689044,2468,94,NONE
2026-07-31 03:25:04.238981,VIN-691943,2617,105,NONE
2026-07-31 03:25:05.238981,VIN-143640,2068,98,P0171
2026-07-31 03:25:06.238981,VIN-289585,3445,90,NONE
2026-07-31 03:25:07.238981,VIN-479329,1563,92,P0420
2026-07-31 03:25:08.238981,VIN-969433,1668,86,NONE
2026-07-31 03:25:09.238981,VIN-869080,1601,101,NONE
2026-07-31 03:25:10.238981,VIN-428044,2351,99,P0420
2026-07-31 03:25:11.238981,VIN-834400,1516,103,P0171
2026-07-31 03:25:12.238981,VIN-436123,2264,89,P0420
2026-07-31 03:25:13.238981,VIN-099439,3243,97,P0171
2026-07-31 03:25:14.238981,VIN-668453,0,100,NONE
2026-07-31 03:25:15.238981,VIN-065107,3048,90,NONE
2026-07-31 03:25:16.238981,VIN-362772,3324,87,NONE
2026-07-31 03:25:17.238981,VIN-831929,2775,101,P0420
2026-07-31 03:25:18.238981,VIN-126982,3078,101,P0300
2026-07-31 03:25:19.238981,VIN-647740,1835,99,NONE
2026-07-31 03:25:20.238981,VIN-305868,2188,100,NONE
2026-07-31 03:25:21.238981,VIN-042656,2896,87,P0420
2026-07-31 03:25:22.238981,VIN-060414,3446,93,P0420
2026-07-31 03:25:23.238981,VIN-871571,3366,102,NONE
2026-07-31 03:25:24.238981,VIN-869165,2435,98,NONE
2026-07-31 03:25:25.238981,VIN-803282,2052,89,NONE
2026-07-31 03:25:26.238981,VIN-440132,2708,100,NONE
2026-07-31 03:25:27.238981,VIN-951840,2390,90,NONE
2026-07-31 03:25:28.238981,VIN-196608,2107,97,NONE
2026-07-31 03:25:29.238981,VIN-637119,3233,94,P0300
2026-07-31 03:25:30.238981,VIN-667695,1521,86,NONE
2026-07-31 03:25:31.238981,VIN-928290,3323,86,NONE
2026-07-31 03:25:32.238981,VIN-560030,2658,100,NONE
2026-07-31 03:25:33.238981,VIN-091216,2798,85,NONE
2026-07-31 03:25:34.238981,VIN-502588,3337,86,NONE
2026-07-31 03:25:35.238981,VIN-058230,2158,87,NONE
2026-07-31 03:25:36.238981,VIN-956714,1798,100,P0171
2026-07-31 03:25:37.238981,VIN-944917,2115,95,P0420
2026-07-31 03:25:38.238981,VIN-996382,2847,103,P0420
2026-07-31 03:25:39.238981,VIN-684135,0,95,P0171
2026-07-31 03:25:40.238981,VIN-362448,2191,99,P0300
2026-07-31 03:25:41.238981,VIN-220423,2035,97,NONE
2026-07-31 03:25:42.238981,VIN-717926,1910,88,P0420
2026-07-31 03:25:43.238981,VIN-577601,3377,100,P0171
2026-07-31 03:25:44.238981,VIN-660391,2438,102,P0300
2026-07-31 03:25:45.238981,VIN-418691,1551,87,NONE
2026-07-31 03:25:46.238981,VIN-381583,2043,105,NONE
2026-07-31 03:25:47.238981,VIN-222307,2250,104,NONE
2026-07-31 03:25:48.238981,VIN-886490,2418,101,P0171
2026-07-31 03:25:49.238981,VIN-609955,2698,100,P0420
2026-07-31 03:25:50.238981,VIN-062833,2596,95,P0300
2026-07-31 03:25:51.238981,VIN-825687,2804,96,P0420
2026-07-31 03:25:52.238981,VIN-486175,2835,90,P0300
2026-07-31 03:25:53.238981,VIN-156738,3396,103,NONE
2026-07-31 03:25:54.238981,VIN-466697,3362,96,NONE
2026-07-31 03:25:55.238981,VIN-144804,3172,104,P0171
2026-07-31 03:25:56.238981,VIN-369716,3246,103,NONE
2026-07-31 03:25:57.238981,VIN-204705,2506,95,NONE
2026-07-31 03:25:58.238981,VIN-752041,3259,86,P0300
2026-07-31 03:25:59.238981,VIN-254833,0,85,NONE
2026-07-31 03:26:00.238981,VIN-408135,2176,94,NONE
2026-07-31 03:26:01.238981,VIN-739176,3434,94,NONE
2026-07-31 03:26:02.238981,VIN-689998,0,99,NONE
2026-07-31 03:26:03.238981,VIN-121703,2066,105,NONE
2026-07-31 03:26:04.238981,VIN-385662,2810,92,NONE
2026-07-31 03:26:05.238981,VIN-253386,2969,95,NONE
2026-07-31 03:26:06.238981,VIN-238077,0,101,NONE
2026-07-31 03:26:07.238981,VIN-961422,1635,88,NONE
2026-07-31 03:26:08.238981,VIN-441833,2085,96,P0300
2026-07-31 03:26:09.238981,VIN-222260,3350,87,NONE
2026-07-31 03:26:10.238981,VIN-456128,1906,95,NONE
2026-07-31 03:26:11.238981,VIN-422818,1956,101,NONE
2026-07-31 03:26:12.238981,VIN-481733,2962,105,NONE
2026-07-31 03:26:13.238981,VIN-907882,2205,93,NONE
2026-07-31 03:26:14.238981,VIN-051925,1942,87,P0171
2026-07-31 03:26:15.238981,VIN-591807,2487,92,NONE
2026-07-31 03:26:16.238981,VIN-269138,2996,102,NONE
2026-07-31 03:26:17.238981,VIN-015218,2926,87,P0171
2026-07-31 03:26:18.238981,VIN-234859,3297,98,NONE
2026-07-31 03:26:19.238981,VIN-551419,2219,91,NONE
2026-07-31 03:26:20.238981,VIN-725707,1546,102,P0300
2026-07-31 03:26:21.238981,VIN-214954,3266,90,P0300
2026-07-31 03:26:22.238981,VIN-758952,2491,103,NONE
2026-07-31 03:26:23.238981,VIN-327724,3121,92,P0300
2026-07-31 03:26:24.238981,VIN-875853,3247,100,P0420
2026-07-31 03:26:25.238981,VIN-882065,2552,100,NONE
2026-07-31 03:26:26.238981,VIN-670961,1730,87,NONE
2026-07-31 03:26:27.238981,VIN-110448,3475,93,P0300
2026-07-31 03:26:28.238981,VIN-135090,2652,85,NONE
2026-07-31 03:26:29.238981,VIN-242878,3077,90,NONE
2026-07-31 03:26:30.238981,VIN-296275,1737,88,NONE
2026-07-31 03:26:31.238981,VIN-640595,1987,101,NONE
2026-07-31 03:26:32.238981,VIN-094064,1802,101,NONE
2026-07-31 03:26:33.238981,VIN-561713,2860,89,P0300
2026-07-31 03:26:34.238981,VIN-935372,2019,103,NONE
2026-07-31 03:26:35.238981,VIN-716946,1538,104,P0171
2026-07-31 03:26:36.238981,VIN-375273,1857,90,P0171
2026-07-31 03:26:37.238981,VIN-239723,2187,94,NONE
2026-07-31 03:26:38.238981,VIN-174696,2734,105,NONE
2026-07-31 03:26:39.238981,VIN-149042,1995,102,NONE
2026-07-31 03:26:40.238981,VIN-703839,1548,87,P0420
2026-07-31 03:26:41.238981,VIN-612237,2250,98,NONE
2026-07-31 03:26:42.238981,VIN-509390,2229,88,NONE
2026-07-31 03:26:43.238981,VIN-531172,2293,89,P0420
2026-07-31 03:26:44.238981,VIN-268748,1672,92,P0300
2026-07-31 03:26:45.238981,VIN-392908,1845,99,NONE
2026-07-31 03:26:46.238981,VIN-072639,1846,104,P0420
2026-07-31 03:26:47.238981,VIN-725440,3245,98,NONE
2026-07-31 03:26:48.238981,VIN-481986,2896,94,P0420
2026-07-31 03:26:49.238981,VIN-591649,3281,92,P0420
2026-07-31 03:26:50.238981,VIN-460504,2472,103,NONE
2026-07-31 03:26:51.238981,VIN-480291,3390,89,NONE
2026-07-31 03:26:52.238981,VIN-687606,3126,94,P0420
2026-07-31 03:26:53.238981,VIN-077084,1942,95,NONE
2026-07-31 03:26:54.238981,VIN-075835,1590,92,P0420
2026-07-31 03:26:55.238981,VIN-473143,1905,93,P0300
2026-07-31 03:26:56.238981,VIN-338077,3414,89,P0420
2026-07-31 03:26:57.238981,VIN-710855,1776,101,NONE
2026-07-31 03:26:58.238981,VIN-610592,2832,101,NONE
2026-07-31 03:26:59.238981,VIN-954961,2245,91,NONE
2026-07-31 03:27:00.238981,VIN-434806,1992,100,NONE
2026-07-31 03:27:01.238981,VIN-394533,2704,99,P0420
2026-07-31 03:27:02.238981,VIN-568763,2598,86,P0420
2026-07-31 03:27:03.238981,VIN-038206,2569,92,P0171
2026-07-31 03:27:04.238981,VIN-626439,2533,87,NONE
2026-07-31 03:27:05.238981,VIN-156525,3371,105,NONE
2026-07-31 03:27:06.238981,VIN-073302,1847,103,NONE
2026-07-31 03:27:07.238981,VIN-409236,3289,94,NONE
2026-07-31 03:27:08.238981,VIN-956356,3054,103,P0171
2026-07-31 03:27:09.238981,VIN-523164,2806,100,NONE
2026-07-31 03:27:10.238981,VIN-765835,2900,92,P0300
2026-07-31 03:27:11.238981,VIN-425927,3091,95,P0300
2026-07-31 03:27:12.238981,VIN-909511,3065,86,NONE
2026-07-31 03:27:13.238981,VIN-985133,2037,86,P0420
2026-07-31 03:27:14.238981,VIN-708982,1809,85,NONE
2026-07-31 03:27:15.238981,VIN-209254,3277,96,P0420
2026-07-31 03:27:16.238981,VIN-555356,2751,93,NONE
2026-07-31 03:27:17.238981,VIN-093591,2849,94,P0420
2026-07-31 03:27:18.238981,VIN-475542,2977,93,P0420
2026-07-31 03:27:19.238981,VIN-791424,1646,96,P0171
2026-07-31 03:27:20.238981,VIN-992083,2891,94,NONE
2026-07-31 03:27:21.238981,VIN-408700,2532,103,NONE
2026-07-31 03:27:22.238981,VIN-668162,2777,88,NONE
2026-07-31 03:27:23.238981,VIN-128408,2034,101,P0420
2026-07-31 03:27:24.238981,VIN-925429,1820,102,NONE
2026-07-31 03:27:25.238981,VIN-933510,1919,91,NONE
2026-07-31 03:27:26.238981,VIN-187560,2616,88,NONE
2026-07-31 03:27:27.238981,VIN-323536,2770,102,P0420
2026-07-31 03:27:28.238981,VIN-253060,1602,99,NONE
2026-07-31 03:27:29.238981,VIN-558476,2071,90,NONE
2026-07-31 03:27:30.238981,VIN-106238,2978,95,P0420
2026-07-31 03:27:31.238981,VIN-350480,3143,93,NONE
2026-07-31 03:27:32.238981,VIN-090989,3017,88,NONE
2026-07-31 03:27:33.238981,VIN-085378,1642,100,P0420
2026-07-31 03:27:34.238981,VIN-765071,2969,85,P0300
2026-07-31 03:27:35.238981,VIN-591969,2001,93,P0420
2026-07-31 03:27:36.238981,VIN-477001,1927,89,NONE
2026-07-31 03:27:37.238981,VIN-610726,2228,97,NONE
2026-07-31 03:27:38.238981,VIN-132333,2940,85,P0300
2026-07-31 03:27:39.238981,VIN-338973,2804,92,P0420
2026-07-31 03:27:40.238981,VIN-937549,2000,101,NONE
2026-07-31 03:27:41.238981,VIN-242361,2391,103,NONE
2026-07-31 03:27:42.238981,VIN-266323,3343,92,NONE
2026-07-31 03:27:43.238981,VIN-384396,2015,103,P0171
2026-07-31 03:27:44.238981,VIN-201085,1657,97,NONE
2026-07-31 03:27:45.238981,VIN-052544,1744,94,NONE
2026-07-31 03:27:46.238981,VIN-827517,3236,87,NONE
2026-07-31 03:27:47.238981,VIN-549972,2205,94,P0300
2026-07-31 03:27:48.238981,VIN-061493,2624,98,NONE
2026-07-31 03:27:49.238981,VIN-009969,2336,91,P0420
2026-07-31 03:27:50.238981,VIN-481645,2612,91,P0420
2026-07-31 03:27:51.238981,VIN-799701,2617,92,NONE
2026-07-31 03:27:52.238981,VIN-009799,2768,103,P0420
2026-07-31 03:27:53.238981,VIN-634960,2688,99,P0420
2026-07-31 03:27:54.238981,VIN-785290,3373,105,NONE
2026-07-31 03:27:55.238981,VIN-661959,1666,96,NONE
2026-07-31 03:27:56.238981,VIN-321601,3490,94,P0171
2026-07-31 03:27:57.238981,VIN-469995,2488,97,P0420
2026-07-31 03:27:58.238981,VIN-911476,2066,93,NONE
2026-07-31 03:27:59.238981,VIN-688904,1739,87,P0171
2026-07-31 03:28:00.238981,VIN-249219,2307,87,P0420
2026-07-31 03:28:01.238981,VIN-968794,1603,88,NONE
2026-07-31 03:28:02.238981,VIN-727879,1629,105,NONE
2026-07-31 03:28:03.238981,VIN-341584,2418,95,P0171
2026-07-31 03:28:04.238981,VIN-436321,3231,87,NONE
2026-07-31 03:28:05.238981,VIN-703616,2721,101,NONE
2026-07-31 03:28:06.238981,VIN-291352,3290,96,P0300
2026-07-31 03:28:07.238981,VIN-603866,3301,86,NONE
2026-07-31 03:28:08.238981,VIN-654361,3216,98,NONE
2026-07-31 03:28:09.238981,VIN-335867,2715,89,P0171
2026-07-31 03:28:10.238981,VIN-681705,2033,104,NONE
2026-07-31 03:28:11.238981,VIN-244628,1605,86,NONE
2026-07-31 03:28:12.238981,VIN-181759,3114,87,P0300
2026-07-31 03:28:13.238981,VIN-303947,1730,92,P0171
2026-07-31 03:28:14.238981,VIN-958714,2185,86,P0171
2026-07-31 03:28:15.238981,VIN-212977,2484,102,P0420
2026-07-31 03:28:16.238981,VIN-470401,2162,101,NONE
2026-07-31 03:28:17.238981,VIN-221919,2821,104,NONE
2026-07-31 03:28:18.238981,VIN-986650,1822,102,NONE
2026-07-31 03:28:19.238981,VIN-751541,2873,96,NONE
2026-07-31 03:28:20.238981,VIN-890733,1833,88,NONE
2026-07-31 03:28:21.238981,VIN-643025,3337,101,NONE
2026-07-31 03:28:22.238981,VIN-207403,1735,85,NONE
2026-07-31 03:28:23.238981,VIN-972593,2824,92,P0300
2026-07-31 03:28:24.238981,VIN-921644,1841,105,NONE
2026-07-31 03:28:25.238981,VIN-552398,1895,91,P0300
2026-07-31 03:28:26.238981,VIN-363935,3037,98,NONE
2026-07-31 03:28:27.238981,VIN-390971,0,89,P0300
2026-07-31 03:28:28.238981,VIN-743185,2334,104,NONE
2026-07-31 03:28:29.238981,VIN-555619,2488,91,NONE
2026-07-31 03:28:30.238981,VIN-971005,3403,102,P0420
2026-07-31 03:28:31.238981,VIN-300033,2297,85,P0300
2026-07-31 03:28:32.238981,VIN-867874,2216,93,NONE
2026-07-31 03:28:33.238981,VIN-924623,2205,105,NONE
2026-07-31 03:28:34.238981,VIN-724525,1901,89,NONE
2026-07-31 03:28:35.238981,VIN-277064,2464,94,NONE
2026-07-31 03:28:36.238981,VIN-281697,2649,92,NONE
2026-07-31 03:28:37.238981,VIN-586186,1531,97,NONE
2026-07-31 03:28:38.238981,VIN-817959,3245,98,NONE
2026-07-31 03:28:39.238981,VIN-567449,0,100,P0420
2026-07-31 03:28:40.238981,VIN-724231,3130,87,NONE
2026-07-31 03:28:41.238981,VIN-625268,3292,105,P0420
2026-07-31 03:28:42.238981,VIN-881728,2205,96,P0420
2026-07-31 03:28:43.238981,VIN-263922,2969,102,P0300
2026-07-31 03:28:44.238981,VIN-046354,2615,98,NONE
2026-07-31 03:28:45.238981,VIN-941036,2878,91,NONE
2026-07-31 03:28:46.238981,VIN-190507,3433,94,NONE
2026-07-31 03:28:47.238981,VIN-083849,3145,90,P0171
2026-07-31 03:28:48.238981,VIN-831051,2566,90,P0300
2026-07-31 03:28:49.238981,VIN-203963,2705,94,NONE
2026-07-31 03:28:50.238981,VIN-022918,0,86,NONE
2026-07-31 03:28:51.238981,VIN-979840,2191,94,NONE
2026-07-31 03:28:52.238981,VIN-473593,1545,94,P0171
2026-07-31 03:28:53.238981,VIN-273395,1556,98,NONE
2026-07-31 03:28:54.238981,VIN-926526,3047,96,NONE
2026-07-31 03:28:55.238981,VIN-740429,3100,86,NONE
2026-07-31 03:28:56.238981,VIN-469182,3392,105,NONE
2026-07-31 03:28:57.238981,VIN-519913,1963,98,P0420
2026-07-31 03:28:58.238981,VIN-543908,3183,92,P0300
2026-07-31 03:28:59.238981,VIN-903200,2844,89,P0420
2026-07-31 03:29:00.238981,VIN-369563,2119,98,NONE
2026-07-31 03:29:01.238981,VIN-145254,1652,104,NONE
2026-07-31 03:29:02.238981,VIN-982052,1797,96,P0300
2026-07-31 03:29:03.238981,VIN-724928,2041,90,NONE
2026-07-31 03:29:04.238981,VIN-616339,3052,86,P0300
2026-07-31 03:29:05.238981,VIN-957588,2274,85,NONE
2026-07-31 03:29:06.238981,VIN-170352,1588,99,P0171
2026-07-31 03:29:07.238981,VIN-788583,0,98,P0420
2026-07-31 03:29:08.238981,VIN-056085,0,87,NONE
2026-07-31 03:29:09.238981,VIN-789401,1889,86,P0300
2026-07-31 03:29:10.238981,VIN-249121,2962,102,NONE
2026-07-31 03:29:11.238981,VIN-730423,2340,102,NONE
2026-07-31 03:29:12.238981,VIN-390046,1784,99,NONE
2026-07-31 03:29:13.238981,VIN-883872,2016,85,NONE
2026-07-31 03:29:14.238981,VIN-835529,1972,97,NONE
2026-07-31 03:29:15.238981,VIN-785983,1553,102,NONE
2026-07-31 03:29:16.238981,VIN-285091,0,92,NONE
2026-07-31 03:29:17.238981,VIN-995870,3151,88,P0171
2026-07-31 03:29:18.238981,VIN-694754,2541,86,NONE
2026-07-31 03:29:19.238981,VIN-217562,3192,95,NONE
2026-07-31 03:29:20.238981,VIN-594529,1990,86,NONE
2026-07-31 03:29:21.238981,VIN-761291,1817,102,P0300
2026-07-31 03:29:22.238981,VIN-189931,3199,101,P0300
2026-07-31 03:29:23.238981,VIN-543007,3219,92,P0171
2026-07-31 03:29:24.238981,VIN-215539,2284,88,P0420
2026-07-31 03:29:25.238981,VIN-525149,1908,88,P0171
2026-07-31 03:29:26.238981,VIN-133580,2932,95,NONE
2026-07-31 03:29:27.238981,VIN-344449,1676,86,NONE
2026-07-31 03:29:28.238981,VIN-337165,2955,98,P0420
2026-07-31 03:29:29.238981,VIN-419012,3064,103,P0300
2026-07-31 03:29:30.238981,VIN-460047,0,87,P0300
2026-07-31 03:29:31.238981,VIN-153371,0,85,NONE
2026-07-31 03:29:32.238981,VIN-101577,1592,94,NONE
2026-07-31 03:29:33.238981,VIN-960884,3370,99,P0300
2026-07-31 03:29:34.238981,VIN-717695,2485,102,NONE
2026-07-31 03:29:35.238981,VIN-411690,2990,96,NONE
2026-07-31 03:29:36.238981,VIN-061113,0,92,P0420
2026-07-31 03:29:37.238981,VIN-108178,3015,92,NONE
2026-07-31 03:29:38.238981,VIN-778056,2050,88,NONE
2026-07-31 03:29:39.238981,VIN-699358,2766,93,P0420
2026-07-31 03:29:40.238981,VIN-641771,2687,96,P0300
2026-07-31 03:29:41.238981,VIN-627555,2369,102,NONE
2026-07-31 03:29:42.238981,VIN-098478,1948,90,NONE
2026-07-31 03:29:43.238981,VIN-742572,1772,94,NONE
2026-07-31 03:29:44.238981,VIN-143940,2245,88,NONE
2026-07-31 03:29:45.238981,VIN-597524,3033,103,NONE
2026-07-31 03:29:46.238981,VIN-357302,2204,92,NONE
2026-07-31 03:29:47.238981,VIN-579574,1767,97,NONE
2026-07-31 03:29:48.238981,VIN-723020,0,104,NONE
2026-07-31 03:29:49.238981,VIN-586090,2394,102,P0300
2026-07-31 03:29:50.238981,VIN-330704,2945,98,P0420
2026-07-31 03:29:51.238981,VIN-467065,3128,94,P0300
2026-07-31 03:29:52.238981,VIN-682523,2653,91,P0420
2026-07-31 03:29:53.238981,VIN-625596,2897,86,NONE
2026-07-31 03:29:54.238981,VIN-288310,1820,105,P0171
2026-07-31 03:29:55.238981,VIN-870220,2244,100,P0420
2026-07-31 03:29:56.238981,VIN-289159,2354,90,NONE
2026-07-31 03:29:57.238981,VIN-826788,1863,101,NONE
2026-07-31 03:29:58.238981,VIN-202106,3275,95,NONE
2026-07-31 03:29:59.238981,VIN-397457,3391,89,NONE
2026-07-31 03:30:00.238981,VIN-664251,2373,103,NONE
2026-07-31 03:30:01.238981,VIN-890148,2127,97,P0420
2026-07-31 03:30:02.238981,VIN-070154,2164,85,NONE
2026-07-31 03:30:03.238981,VIN-595006,2569,98,P0420
2026-07-31 03:30:04.238981,VIN-461318,2359,93,NONE
2026-07-31 03:30:05.238981,VIN-791402,1693,95,P0171
2026-07-31 03:30:06.238981,VIN-591592,2035,104,NONE
2026-07-31 03:30:07.238981,VIN-546535,2196,98,NONE
2026-07-31 03:30:08.238981,VIN-496001,3032,105,NONE
2026-07-31 03:30:09.238981,VIN-755410,0,96,NONE
2026-07-31 03:30:10.238981,VIN-878033,1665,95,P0300
2026-07-31 03:30:11.238981,VIN-641146,1911,103,P0420
2026-07-31 03:30:12.238981,VIN-658065,1895,88,P0300
2026-07-31 03:30:13.238981,VIN-033957,1570,88,NONE
2026-07-31 03:30:14.238981,VIN-446369,2585,103,P0300
2026-07-31 03:30:15.238981,VIN-877619,1690,98,NONE
2026-07-31 03:30:16.238981,VIN-594855,2579,93,NONE
2026-07-31 03:30:17.238981,VIN-300006,1930,90,NONE
2026-07-31 03:30:18.238981,VIN-189866,2774,85,NONE
2026-07-31 03:30:19.238981,VIN-774498,2729,103,P0171
2026-07-31 03:30:20.238981,VIN-425050,3206,98,NONE
2026-07-31 03:30:21.238981,VIN-835235,1930,97,NONE
2026-07-31 03:30:22.238981,VIN-694089,1640,91,NONE
2026-07-31 03:30:23.238981,VIN-919790,0,90,P0420
2026-07-31 03:30:24.238981,VIN-645018,2360,99,P0420
2026-07-31 03:30:25.238981,VIN-940328,3146,96,NONE
2026-07-31 03:30:26.238981,VIN-956227,2555,92,P0300
2026-07-31 03:30:27.238981,VIN-469697,1974,98,P0300
2026-07-31 03:30:28.238981,VIN-856868,2974,91,P0171
2026-07-31 03:30:29.238981,VIN-186615,1778,105,NONE
2026-07-31 03:30:30.238981,VIN-929669,2504,103,P0300
2026-07-31 03:30:31.238981,VIN-882929,2232,87,NONE
2026-07-31 03:30:32.238981,VIN-930220,2508,103,P0171
2026-07-31 03:30:33.238981,VIN-746627,1819,104,NONE
2026-07-31 03:30:34.238981,VIN-401300,1649,97,NONE
2026-07-31 03:30:35.238981,VIN-858040,3013,97,P0300
2026-07-31 03:30:36.238981,VIN-902541,1906,85,P0300
2026-07-31 03:30:37.238981,VIN-580065,1606,92,NONE
2026-07-31 03:30:38.238981,VIN-315811,2167,97,P0300
2026-07-31 03:30:39.238981,VIN-018353,3461,85,NONE
2026-07-31 03:30:40.238981,VIN-802945,0,89,P0171
2026-07-31 03:30:41.238981,VIN-386805,1920,97,P0171
2026-07-31 03:30:42.238981,VIN-133381,2182,97,NONE
2026-07-31 03:30:43.238981,VIN-033217,3126,94,NONE
2026-07-31 03:30:44.238981,VIN-721330,1921,99,P0171
2026-07-31 03:30:45.238981,VIN-909189,1690,98,P0420
2026-07-31 03:30:46.238981,VIN-494441,2662,97,P0171
2026-07-31 03:30:47.238981,VIN-279118,2262,87,P0171
2026-07-31 03:30:48.238981,VIN-527478,1848,104,NONE
2026-07-31 03:30:49.238981,VIN-704978,2129,96,NONE
2026-07-31 03:30:50.238981,VIN-174061,3190,105,P0420
2026-07-31 03:30:51.238981,VIN-425294,2061,93,P0171
2026-07-31 03:30:52.238981,VIN-033144,3479,101,NONE
2026-07-31 03:30:53.238981,VIN-856907,1692,93,P0300
2026-07-31 03:30:54.238981,VIN-602172,2207,97,P0300
2026-07-31 03:30:55.238981,VIN-744280,2626,88,P0171
2026-07-31 03:30:56.238981,VIN-206816,2641,90,NONE
2026-07-31 03:30:57.238981,VIN-515170,2985,85,P0300
2026-07-31 03:30:58.238981,VIN-674621,3384,95,NONE
2026-07-31 03:30:59.238981,VIN-781271,2956,102,P0300
2026-07-31 03:31:00.238981,VIN-168012,1925,87,P0171
2026-07-31 03:31:01.238981,VIN-108611,2766,94,NONE
2026-07-31 03:31:02.238981,VIN-433293,3316,89,P0300
2026-07-31 03:31:03.238981,VIN-508490,1725,104,NONE
2026-07-31 03:31:04.238981,VIN-868870,2827,88,NONE
2026-07-31 03:31:05.238981,VIN-202183,2510,101,P0300
2026-07-31 03:31:06.238981,VIN-233481,1718,95,NONE
2026-07-31 03:31:07.238981,VIN-502205,2856,90,P0420
2026-07-31 03:31:08.238981,VIN-533802,2957,88,NONE
2026-07-31 03:31:09.238981,VIN-157253,3218,101,NONE
2026-07-31 03:31:10.238981,VIN-831408,2223,101,P0300
2026-07-31 03:31:11.238981,VIN-728046,2483,98,NONE
2026-07-31 03:31:12.238981,VIN-099439,2180,92,NONE
2026-07-31 03:31:13.238981,VIN-234150,0,87,P0420
2026-07-31 03:31:14.238981,VIN-391379,1899,91,P0300
2026-07-31 03:31:15.238981,VIN-675541,2910,97,NONE
2026-07-31 03:31:16.238981,VIN-890158,2766,100,NONE
2026-07-31 03:31:17.238981,VIN-896292,2104,90,NONE
2026-07-31 03:31:18.238981,VIN-119051,2359,89,NONE
2026-07-31 03:31:19.238981,VIN-146484,2967,98,NONE
2026-07-31 03:31:20.238981,VIN-539714,2419,94,P0300
2026-07-31 03:31:21.238981,VIN-312585,2283,87,P0420
2026-07-31 03:31:22.238981,VIN-702375,1733,105,NONE
2026-07-31 03:31:23.238981,VIN-574389,2753,104,P0300
2026-07-31 03:31:24.238981,VIN-354764,2713,98,NONE
2026-07-31 03:31:25.238981,VIN-313677,2060,88,P0300
2026-07-31 03:31:26.238981,VIN-629158,2576,95,P0300
2026-07-31 03:31:27.238981,VIN-557227,3421,92,NONE
2026-07-31 03:31:28.238981,VIN-598917,2911,95,NONE
2026-07-31 03:31:29.238981,VIN-609740,0,105,P0300
2026-07-31 03:31:30.238981,VIN-220913,2665,95,NONE
2026-07-31 03:31:31.238981,VIN-752358,2321,103,NONE
2026-07-31 03:31:32.238981,VIN-231450,2053,99,P0171
2026-07-31 03:31:33.238981,VIN-933911,3004,87,P0300
2026-07-31 03:31:34.238981,VIN-143706,3075,89,P0300
2026-07-31 03:31:35.238981,VIN-771037,3137,86,NONE
2026-07-31 03:31:36.238981,VIN-739461,3264,88,NONE
2026-07-31 03:31:37.238981,VIN-891756,2867,94,P0300
2026-07-31 03:31:38.238981,VIN-491642,3499,101,P0300
2026-07-31 03:31:39.238981,VIN-392680,2797,97,P0300
2026-07-31 03:31:40.238981,VIN-366521,2303,86,P0171
2026-07-31 03:31:41.238981,VIN-359563,2145,95,P0420
2026-07-31 03:31:42.238981,VIN-484328,1911,90,NONE
2026-07-31 03:31:43.238981,VIN-895007,2247,89,NONE
2026-07-31 03:31:44.238981,VIN-534996,1619,103,NONE
2026-07-31 03:31:45.238981,VIN-758834,2830,105,P0171
2026-07-31 03:31:46.238981,VIN-274768,3395,85,P0300
2026-07-31 03:31:47.238981,VIN-147899,2865,99,P0171
2026-07-31 03:31:48.238981,VIN-858625,3419,95,NONE
2026-07-31 03:31:49.238981,VIN-328899,2680,94,P0171
2026-07-31 03:31:50.238981,VIN-009975,3002,99,NONE
2026-07-31 03:31:51.238981,VIN-207483,3081,90,P0171
2026-07-31 03:31:52.238981,VIN-523228,1738,98,NONE
2026-07-31 03:31:53.238981,VIN-860030,2436,87,P0420
2026-07-31 03:31:54.238981,VIN-080830,2039,102,NONE
2026-07-31 03:31:55.238981,VIN-352881,2125,95,NONE
2026-07-31 03:31:56.238981,VIN-161634,2971,95,P0171
2026-07-31 03:31:57.238981,VIN-912149,3446,105,P0300
2026-07-31 03:31:58.238981,VIN-057143,0,87,NONE
2026-07-31 03:31:59.238981,VIN-001003,0,100,NONE
2026-07-31 03:32:00.238981,VIN-723862,1755,104,P0171
2026-07-31 03:32:01.238981,VIN-971031,1530,88,P0171
2026-07-31 03:32:02.238981,VIN-524302,2715,88,P0171
2026-07-31 03:32:03.238981,VIN-388027,2353,102,NONE
2026-07-31 03:32:04.238981,VIN-948855,2361,90,NONE
2026-07-31 03:32:05.238981,VIN-387739,2497,90,NONE
2026-07-31 03:32:06.238981,VIN-768857,2796,85,P0171
2026-07-31 03:32:07.238981,VIN-609029,3073,95,P0300
2026-07-31 03:32:08.238981,VIN-159007,2442,97,NONE
2026-07-31 03:32:09.238981,VIN-263537,2462,99,NONE
2026-07-31 03:32:10.238981,VIN-851084,2143,104,P0420
2026-07-31 03:32:11.238981,VIN-955978,1895,105,NONE
2026-07-31 03:32:12.238981,VIN-622021,1969,98,NONE
2026-07-31 03:32:13.238981,VIN-997361,2116,86,NONE
2026-07-31 03:32:14.238981,VIN-249183,2528,99,P0420
2026-07-31 03:32:15.238981,VIN-699057,2491,100,NONE
2026-07-31 03:32:16.238981,VIN-155854,1984,105,P0300
2026-07-31 03:32:17.238981,VIN-662003,1825,105,P0300
2026-07-31 03:32:18.238981,VIN-087046,2158,96,NONE
2026-07-31 03:32:19.238981,VIN-077558,3265,95,P0171
2026-07-31 03:32:20.238981,VIN-431255,1992,96,NONE
2026-07-31 03:32:21.238981,VIN-165147,1544,102,P0300
2026-07-31 03:32:22.238981,VIN-261759,1771,90,NONE
2026-07-31 03:32:23.238981,VIN-521296,2954,89,P0420
2026-07-31 03:32:24.238981,VIN-902546,0,97,NONE
2026-07-31 03:32:25.238981,VIN-816276,2199,96,NONE
2026-07-31 03:32:26.238981,VIN-032120,2466,100,NONE
2026-07-31 03:32:27.238981,VIN-454734,3490,87,P0300
2026-07-31 03:32:28.238981,VIN-201482,3001,102,P0420
2026-07-31 03:32:29.238981,VIN-361795,2038,91,P0171
2026-07-31 03:32:30.238981,VIN-880777,2060,93,NONE
2026-07-31 03:32:31.238981,VIN-765929,3328,87,NONE
2026-07-31 03:32:32.238981,VIN-646967,3126,96,P0171
2026-07-31 03:32:33.238981,VIN-076586,3463,90,P0171
2026-07-31 03:32:34.238981,VIN-722123,2173,95,P0420
2026-07-31 03:32:35.238981,VIN-572758,2267,85,NONE
2026-07-31 03:32:36.238981,VIN-280784,3013,105,P0300
2026-07-31 03:32:37.238981,VIN-382895,2862,93,P0420
2026-07-31 03:32:38.238981,VIN-497820,2528,86,NONE
2026-07-31 03:32:39.238981,VIN-760758,1578,94,P0420
2026-07-31 03:32:40.238981,VIN-227366,2149,91,NONE
2026-07-31 03:32:41.238981,VIN-587103,3242,100,P0171
2026-07-31 03:32:42.238981,VIN-426892,1947,93,NONE
2026-07-31 03:32:43.238981,VIN-091580,3160,86,NONE
2026-07-31 03:32:44.238981,VIN-715561,2429,102,NONE
2026-07-31 03:32:45.238981,VIN-611595,1928,105,P0171
2026-07-31 03:32:46.238981,VIN-096211,2100,91,NONE
2026-07-31 03:32:47.238981,VIN-569160,2198,97,NONE
2026-07-31 03:32:48.238981,VIN-993447,1534,86,P0171
2026-07-31 03:32:49.238981,VIN-132791,2420,98,NONE
2026-07-31 03:32:50.238981,VIN-683191,2194,98,P0420
2026-07-31 03:32:51.238981,VIN-227260,0,104,NONE
2026-07-31 03:32:52.238981,VIN-603682,2563,93,NONE
2026-07-31 03:32:53.238981,VIN-226121,1786,93,P0420
2026-07-31 03:32:54.238981,VIN-763825,3367,98,P0300
2026-07-31 03:32:55.238981,VIN-912255,2619,105,NONE
2026-07-31 03:32:56.238981,VIN-875691,2365,96,NONE
2026-07-31 03:32:57.238981,VIN-400055,3373,103,NONE
2026-07-31 03:32:58.238981,VIN-470044,0,100,NONE
2026-07-31 03:32:59.238981,VIN-274205,1642,92,NONE
2026-07-31 03:33:00.238981,VIN-655296,1795,100,NONE
2026-07-31 03:33:01.238981,VIN-184916,2674,97,P0420
2026-07-31 03:33:02.238981,VIN-100351,0,99,P0300
2026-07-31 03:33:03.238981,VIN-553764,2444,105,NONE
2026-07-31 03:33:04.238981,VIN-018616,3245,93,NONE
2026-07-31 03:33:05.238981,VIN-223467,1946,95,P0171
2026-07-31 03:33:06.238981,VIN-334627,3280,90,NONE
2026-07-31 03:33:07.238981,VIN-513820,2494,98,P0171
2026-07-31 03:33:08.238981,VIN-691902,2533,88,P0420
2026-07-31 03:33:09.238981,VIN-265140,2757,99,P0420
2026-07-31 03:33:10.238981,VIN-871017,1510,105,P0420
2026-07-31 03:33:11.238981,VIN-726031,3020,85,P0171
2026-07-31 03:33:12.238981,VIN-401635,2254,101,P0300
2026-07-31 03:33:13.238981,VIN-353076,2341,96,P0171
2026-07-31 03:33:14.238981,VIN-151043,2747,105,NONE
2026-07-31 03:33:15.238981,VIN-127725,1985,90,P0300
2026-07-31 03:33:16.238981,VIN-261880,0,90,NONE
2026-07-31 03:33:17.238981,VIN-239621,1656,89,NONE
2026-07-31 03:33:18.238981,VIN-705135,2564,88,NONE
2026-07-31 03:33:19.238981,VIN-033023,1633,94,NONE
2026-07-31 03:33:20.238981,VIN-264460,3028,99,NONE
2026-07-31 03:33:21.238981,VIN-502673,2934,101,NONE
2026-07-31 03:33:22.238981,VIN-471608,2302,105,NONE
2026-07-31 03:33:23.238981,VIN-098711,2249,92,NONE
2026-07-31 03:33:24.238981,VIN-705460,1594,102,NONE
2026-07-31 03:33:25.238981,VIN-086285,1689,96,NONE
2026-07-31 03:33:26.238981,VIN-100935,1839,85,P0300
2026-07-31 03:33:27.238981,VIN-546403,3282,85,P0420
2026-07-31 03:33:28.238981,VIN-200553,3239,91,NONE
2026-07-31 03:33:29.238981,VIN-202318,3252,100,NONE
2026-07-31 03:33:30.238981,VIN-685681,1771,102,NONE
2026-07-31 03:33:31.238981,VIN-851496,3446,92,P0300
2026-07-31 03:33:32.238981,VIN-106313,2759,92,NONE
2026-07-31 03:33:33.238981,VIN-286574,2383,89,NONE
2026-07-31 03:33:34.238981,VIN-997178,3019,100,P0420
2026-07-31 03:33:35.238981,VIN-026040,3138,86,P0300
2026-07-31 03:33:36.238981,VIN-173132,1661,93,NONE
2026-07-31 03:33:37.238981,VIN-844196,2040,90,NONE
2026-07-31 03:33:38.238981,VIN-079169,3301,86,NONE
2026-07-31 03:33:39.238981,VIN-270270,2525,99,NONE
2026-07-31 03:33:40.238981,VIN-614833,1629,103,P0171
2026-07-31 03:33:41.238981,VIN-065658,2081,89,P0171
2026-07-31 03:33:42.238981,VIN-555455,1655,102,NONE
2026-07-31 03:33:43.238981,VIN-351343,1971,96,NONE
2026-07-31 03:33:44.238981,VIN-382333,1863,92,NONE
2026-07-31 03:33:45.238981,VIN-598518,3418,93,NONE
2026-07-31 03:33:46.238981,VIN-388341,1834,100,P0171
2026-07-31 03:33:47.238981,VIN-339158,2937,99,P0171
2026-07-31 03:33:48.238981,VIN-712042,2327,90,NONE
2026-07-31 03:33:49.238981,VIN-635627,2096,102,NONE
2026-07-31 03:33:50.238981,VIN-443715,1920,85,NONE
2026-07-31 03:33:51.238981,VIN-064618,2428,92,NONE
2026-07-31 03:33:52.238981,VIN-376832,1943,99,NONE
2026-07-31 03:33:53.238981,VIN-037756,2519,99,P0300
2026-07-31 03:33:54.238981,VIN-654259,1591,89,NONE
2026-07-31 03:33:55.238981,VIN-737752,2979,102,NONE
2026-07-31 03:33:56.238981,VIN-164796,2030,96,NONE
2026-07-31 03:33:57.238981,VIN-262068,2424,101,P0171
2026-07-31 03:33:58.238981,VIN-282767,2102,102,P0300
2026-07-31 03:33:59.238981,VIN-509956,2109,100,NONE
2026-07-31 03:34:00.238981,VIN-584568,0,93,P0300
2026-07-31 03:34:01.238981,VIN-433001,3194,86,NONE
2026-07-31 03:34:02.238981,VIN-147699,3192,92,P0420
2026-07-31 03:34:03.238981,VIN-281865,3067,90,NONE
2026-07-31 03:34:04.238981,VIN-818746,2075,91,NONE
2026-07-31 03:34:05.238981,VIN-619834,1869,103,NONE
2026-07-31 03:34:06.238981,VIN-185030,1677,98,P0300
2026-07-31 03:34:07.238981,VIN-904526,3379,87,P0300
2026-07-31 03:34:08.238981,VIN-610128,2479,95,P0300
2026-07-31 03:34:09.238981,VIN-431010,3138,91,P0300
2026-07-31 03:34:10.238981,VIN-897652,2593,103,P0300
2026-07-31 03:34:11.238981,VIN-612439,1558,86,NONE
2026-07-31 03:34:12.238981,VIN-587364,2514,89,P0171
2026-07-31 03:34:13.238981,VIN-223041,1890,92,P0420
2026-07-31 03:34:14.238981,VIN-774563,1672,91,NONE
2026-07-31 03:34:15.238981,VIN-544422,3310,104,NONE
2026-07-31 03:34:16.238981,VIN-642770,1958,93,P0171
2026-07-31 03:34:17.238981,VIN-183813,3160,97,NONE
2026-07-31 03:34:18.238981,VIN-165485,2508,103,P0171
2026-07-31 03:34:19.238981,VIN-771692,2826,101,P0420
2026-07-31 03:34:20.238981,VIN-802776,2562,102,P0300
2026-07-31 03:34:21.238981,VIN-576686,1771,91,P0420
2026-07-31 03:34:22.238981,VIN-093760,3267,85,P0171
2026-07-31 03:34:23.238981,VIN-092149,0,103,P0171
2026-07-31 03:34:24.238981,VIN-720807,1976,103,NONE
2026-07-31 03:34:25.238981,VIN-045335,3237,91,P0420
2026-07-31 03:34:26.238981,VIN-490658,1597,94,NONE
2026-07-31 03:34:27.238981,VIN-057992,2412,104,P0300
2026-07-31 03:34:28.238981,VIN-259044,1970,98,NONE
2026-07-31 03:34:29.238981,VIN-982759,2305,92,NONE
2026-07-31 03:34:30.238981,VIN-680213,1897,100,P0300
2026-07-31 03:34:31.238981,VIN-161189,1614,92,P0420
2026-07-31 03:34:32.238981,VIN-347579,3358,90,P0300
2026-07-31 03:34:33.238981,VIN-335142,1503,97,NONE
2026-07-31 03:34:34.238981,VIN-635172,0,94,P0300
2026-07-31 03:34:35.238981,VIN-939125,1665,88,P0171
2026-07-31 03:34:36.238981,VIN-403163,2656,93,P0420
2026-07-31 03:34:37.238981,VIN-189050,3220,96,P0300
2026-07-31 03:34:38.238981,VIN-168228,3041,87,NONE
2026-07-31 03:34:39.238981,VIN-834784,1835,96,P0171
2026-07-31 03:34:40.238981,VIN-536121,3235,85,P0171
2026-07-31 03:34:41.238981,VIN-021270,2979,85,NONE
2026-07-31 03:34:42.238981,VIN-890228,3328,99,NONE
2026-07-31 03:34:43.238981,VIN-038187,2567,96,NONE
2026-07-31 03:34:44.238981,VIN-910626,2008,99,P0300
2026-07-31 03:34:45.238981,VIN-170089,0,105,P0171
2026-07-31 03:34:46.238981,VIN-288243,3441,90,NONE
2026-07-31 03:34:47.238981,VIN-854481,2774,88,NONE
2026-07-31 03:34:48.238981,VIN-134702,1944,87,P0300
2026-07-31 03:34:49.238981,VIN-554293,1858,95,P0300
2026-07-31 03:34:50.238981,VIN-560617,2155,85,NONE
2026-07-31 03:34:51.238981,VIN-668687,2895,96,NONE
2026-07-31 03:34:52.238981,VIN-705588,2511,102,NONE
2026-07-31 03:34:53.238981,VIN-038864,3190,103,NONE
2026-07-31 03:34:54.238981,VIN-883010,3021,99,NONE
2026-07-31 03:34:55.238981,VIN-304225,1783,101,NONE
2026-07-31 03:34:56.238981,VIN-824324,1633,89,NONE
2026-07-31 03:34:57.238981,VIN-489745,1665,95,NONE
2026-07-31 03:34:58.238981,VIN-571314,3243,102,NONE
2026-07-31 03:34:59.238981,VIN-280288,2575,86,NONE
2026-07-31 03:35:00.238981,VIN-923417,1595,94,NONE
2026-07-31 03:35:01.238981,VIN-160808,2953,92,P0171
2026-07-31 03:35:02.238981,VIN-280759,0,105,NONE
2026-07-31 03:35:03.238981,VIN-840889,2437,90,P0300
2026-07-31 03:35:04.238981,VIN-118880,2689,97,NONE
2026-07-31 03:35:05.238981,VIN-705147,1753,89,P0420
2026-07-31 03:35:06.238981,VIN-107590,1995,101,P0300
2026-07-31 03:35:07.238981,VIN-816510,1836,85,NONE
2026-07-31 03:35:08.238981,VIN-895374,3262,104,P0420
2026-07-31 03:35:09.238981,VIN-483028,3265,90,NONE
2026-07-31 03:35:10.238981,VIN-133014,2771,104,P0300
2026-07-31 03:35:11.238981,VIN-523600,2199,93,NONE
2026-07-31 03:35:12.238981,VIN-415665,1704,103,NONE
2026-07-31 03:35:13.238981,VIN-625602,3066,102,P0171
2026-07-31 03:35:14.238981,VIN-465304,3308,104,NONE
2026-07-31 03:35:15.238981,VIN-911796,3345,100,NONE
2026-07-31 03:35:16.238981,VIN-736167,2346,95,NONE
2026-07-31 03:35:17.238981,VIN-517249,1808,91,NONE
2026-07-31 03:35:18.238981,VIN-351983,2465,87,P0420
2026-07-31 03:35:19.238981,VIN-096421,2338,97,P0420
2026-07-31 03:35:20.238981,VIN-801375,3462,90,NONE
2026-07-31 03:35:21.238981,VIN-607611,1583,105,P0420
2026-07-31 03:35:22.238981,VIN-477588,1712,88,P0171
2026-07-31 03:35:23.238981,VIN-760085,1962,98,NONE
2026-07-31 03:35:24.238981,VIN-931563,2383,86,P0300
2026-07-31 03:35:25.238981,VIN-182994,2274,96,P0171
2026-07-31 03:35:26.238981,VIN-129638,2599,100,P0420
2026-07-31 03:35:27.238981,VIN-349914,1549,96,NONE
2026-07-31 03:35:28.238981,VIN-204650,3124,101,NONE
2026-07-31 03:35:29.238981,VIN-240797,2771,90,NONE
2026-07-31 03:35:30.238981,VIN-538295,3014,85,P0300
2026-07-31 03:35:31.238981,VIN-285946,2191,104,P0171
2026-07-31 03:35:32.238981,VIN-983274,1850,105,NONE
2026-07-31 03:35:33.238981,VIN-047745,1716,103,NONE
2026-07-31 03:35:34.238981,VIN-566830,2920,91,P0300
2026-07-31 03:35:35.238981,VIN-474064,2734,93,P0300
2026-07-31 03:35:36.238981,VIN-321042,2977,90,NONE
2026-07-31 03:35:37.238981,VIN-260802,1628,85,NONE
2026-07-31 03:35:38.238981,VIN-686413,1727,95,P0300
2026-07-31 03:35:39.238981,VIN-508762,3431,86,NONE
2026-07-31 03:35:40.238981,VIN-144014,3403,99,NONE
2026-07-31 03:35:41.238981,VIN-702964,2335,101,P0171
2026-07-31 03:35:42.238981,VIN-711088,0,90,NONE
2026-07-31 03:35:43.238981,VIN-592247,2249,90,NONE
2026-07-31 03:35:44.238981,VIN-116825,3015,88,NONE
2026-07-31 03:35:45.238981,VIN-016937,2418,93,P0300
2026-07-31 03:35:46.238981,VIN-798772,2133,87,P0420
2026-07-31 03:35:47.238981,VIN-507851,3396,86,NONE
2026-07-31 03:35:48.238981,VIN-691679,2975,96,NONE
2026-07-31 03:35:49.238981,VIN-471293,3440,105,NONE
2026-07-31 03:35:50.238981,VIN-885100,1721,98,NONE
2026-07-31 03:35:51.238981,VIN-526311,2007,96,NONE
2026-07-31 03:35:52.238981,VIN-008686,2105,100,NONE
2026-07-31 03:35:53.238981,VIN-179344,1559,102,NONE
2026-07-31 03:35:54.238981,VIN-310525,1914,91,P0171
2026-07-31 03:35:55.238981,VIN-577804,2768,93,NONE
2026-07-31 03:35:56.238981,VIN-143285,2364,102,P0300
2026-07-31 03:35:57.238981,VIN-403495,1726,105,NONE
2026-07-31 03:35:58.238981,VIN-679513,1516,98,NONE
2026-07-31 03:35:59.238981,VIN-428192,2178,89,NONE
2026-07-31 03:36:00.238981,VIN-544996,1851,90,NONE
2026-07-31 03:36:01.238981,VIN-649442,1860,92,NONE
2026-07-31 03:36:02.238981,VIN-627275,2813,92,NONE
2026-07-31 03:36:03.238981,VIN-760185,1799,89,NONE
2026-07-31 03:36:04.238981,VIN-548971,3341,103,NONE
2026-07-31 03:36:05.238981,VIN-016955,2668,99,P0171
2026-07-31 03:36:06.238981,VIN-012513,2457,90,NONE
2026-07-31 03:36:07.238981,VIN-255236,1899,95,P0300
2026-07-31 03:36:08.238981,VIN-341069,1707,100,NONE
2026-07-31 03:36:09.238981,VIN-522759,2540,99,NONE
2026-07-31 03:36:10.238981,VIN-360921,3412,97,NONE
2026-07-31 03:36:11.238981,VIN-411799,3372,87,NONE
2026-07-31 03:36:12.238981,VIN-448287,3413,95,NONE
2026-07-31 03:36:13.238981,VIN-764379,2870,86,P0171
2026-07-31 03:36:14.238981,VIN-597833,2288,92,NONE
2026-07-31 03:36:15.238981,VIN-380159,0,99,P0300
2026-07-31 03:36:16.238981,VIN-611268,1970,101,NONE
2026-07-31 03:36:17.238981,VIN-936564,1578,98,NONE
2026-07-31 03:36:18.238981,VIN-379035,1701,101,NONE
2026-07-31 03:36:19.238981,VIN-234656,3406,85,NONE
2026-07-31 03:36:20.238981,VIN-295144,1612,86,P0300
2026-07-31 03:36:21.238981,VIN-703429,3062,105,P0300
2026-07-31 03:36:22.238981,VIN-538410,2257,86,NONE
2026-07-31 03:36:23.238981,VIN-666855,2136,104,P0300
2026-07-31 03:36:24.238981,VIN-936498,2373,104,P0171
2026-07-31 03:36:25.238981,VIN-415534,2548,97,NONE
2026-07-31 03:36:26.238981,VIN-269514,2343,104,P0420
2026-07-31 03:36:27.238981,VIN-016650,2168,101,P0171
2026-07-31 03:36:28.238981,VIN-891439,3026,98,NONE
2026-07-31 03:36:29.238981,VIN-139855,3073,96,NONE
2026-07-31 03:36:30.238981,VIN-019305,2533,91,NONE
2026-07-31 03:36:31.238981,VIN-838871,2522,96,NONE
2026-07-31 03:36:32.238981,VIN-521899,2280,100,P0171
2026-07-31 03:36:33.238981,VIN-872251,2891,102,P0300
2026-07-31 03:36:34.238981,VIN-193275,2120,87,NONE
2026-07-31 03:36:35.238981,VIN-805028,3315,96,P0420
2026-07-31 03:36:36.238981,VIN-600012,2613,94,NONE
2026-07-31 03:36:37.238981,VIN-711662,3447,95,NONE
2026-07-31 03:36:38.238981,VIN-001628,3245,98,NONE
2026-07-31 03:36:39.238981,VIN-213180,1923,86,NONE
2026-07-31 03:36:40.238981,VIN-653131,3094,94,NONE
2026-07-31 03:36:41.238981,VIN-317776,2574,92,NONE
2026-07-31 03:36:42.238981,VIN-854383,1531,88,NONE
2026-07-31 03:36:43.238981,VIN-794068,2065,101,NONE
2026-07-31 03:36:44.238981,VIN-761266,2759,90,NONE
2026-07-31 03:36:45.238981,VIN-385441,2643,86,P0420
2026-07-31 03:36:46.238981,VIN-249220,2395,100,NONE
2026-07-31 03:36:47.238981,VIN-194341,3387,99,NONE
2026-07-31 03:36:48.238981,VIN-624355,1733,105,P0171
2026-07-31 03:36:49.238981,VIN-206326,1679,97,NONE
2026-07-31 03:36:50.238981,VIN-444296,3413,91,NONE
2026-07-31 03:36:51.238981,VIN-751107,3091,102,P0171
2026-07-31 03:36:52.238981,VIN-966917,3185,88,P0420
2026-07-31 03:36:53.238981,VIN-012198,1555,102,P0171
2026-07-31 03:36:54.238981,VIN-335724,1769,92,P0300
2026-07-31 03:36:55.238981,VIN-955911,3031,89,P0420
2026-07-31 03:36:56.238981,VIN-431238,2161,95,P0420
2026-07-31 03:36:57.238981,VIN-138773,3019,91,NONE
2026-07-31 03:36:58.238981,VIN-652199,2658,90,P0420
2026-07-31 03:36:59.238981,VIN-557716,1756,88,NONE
2026-07-31 03:37:00.238981,VIN-587552,1648,94,NONE
2026-07-31 03:37:01.238981,VIN-301722,2894,105,NONE
2026-07-31 03:37:02.238981,VIN-826944,1895,88,P0171
2026-07-31 03:37:03.238981,VIN-303205,2026,104,P0300
2026-07-31 03:37:04.238981,VIN-676096,1539,101,NONE
2026-07-31 03:37:05.238981,VIN-243784,1634,98,P0300
2026-07-31 03:37:06.238981,VIN-998622,2397,100,NONE
2026-07-31 03:37:07.238981,VIN-909365,1702,85,P0171
2026-07-31 03:37:08.238981,VIN-715881,2349,95,P0171
2026-07-31 03:37:09.238981,VIN-180624,2117,103,NONE
2026-07-31 03:37:10.238981,VIN-765575,3492,85,NONE
2026-07-31 03:37:11.238981,VIN-412300,3240,87,P0171
2026-07-31 03:37:12.238981,VIN-344771,0,92,P0420
2026-07-31 03:37:13.238981,VIN-825063,3483,89,NONE
2026-07-31 03:37:14.238981,VIN-056830,1659,89,P0420
2026-07-31 03:37:15.238981,VIN-985406,2506,90,NONE
2026-07-31 03:37:16.238981,VIN-278391,1956,103,P0300
2026-07-31 03:37:17.238981,VIN-991274,1516,89,NONE
2026-07-31 03:37:18.238981,VIN-739663,2023,101,P0420
2026-07-31 03:37:19.238981,VIN-529683,2265,93,NONE
2026-07-31 03:37:20.238981,VIN-379675,2563,96,P0420
2026-07-31 03:37:21.238981,VIN-804570,3406,99,P0300
2026-07-31 03:37:22.238981,VIN-057755,3178,101,NONE
2026-07-31 03:37:23.238981,VIN-910658,2291,103,NONE
2026-07-31 03:37:24.238981,VIN-919173,2592,95,NONE
2026-07-31 03:37:25.238981,VIN-292712,2520,93,P0420
2026-07-31 03:37:26.238981,VIN-747896,2619,86,P0420
2026-07-31 03:37:27.238981,VIN-442649,2486,100,NONE
2026-07-31 03:37:28.238981,VIN-609622,3144,101,P0420
2026-07-31 03:37:29.238981,VIN-684877,2960,93,NONE
2026-07-31 03:37:30.238981,VIN-789668,1886,104,P0300
2026-07-31 03:37:31.238981,VIN-750721,2575,100,NONE
2026-07-31 03:37:32.238981,VIN-366095,2381,89,NONE
2026-07-31 03:37:33.238981,VIN-564872,2050,104,P0420
2026-07-31 03:37:34.238981,VIN-644946,2030,94,NONE
2026-07-31 03:37:35.238981,VIN-870843,2767,96,P0420
2026-07-31 03:37:36.238981,VIN-658272,3282,95,NONE
2026-07-31 03:37:37.238981,VIN-354968,2925,99,P0300
2026-07-31 03:37:38.238981,VIN-441199,1901,91,P0420
2026-07-31 03:37:39.238981,VIN-699344,2550,98,NONE
2026-07-31 03:37:40.238981,VIN-346512,2733,91,NONE
2026-07-31 03:37:41.238981,VIN-807535,1859,88,P0171
2026-07-31 03:37:42.238981,VIN-444040,2820,89,P0300
2026-07-31 03:37:43.238981,VIN-754573,2511,87,NONE
2026-07-31 03:37:44.238981,VIN-380651,2241,89,NONE
2026-07-31 03:37:45.238981,VIN-319051,1799,85,NONE
2026-07-31 03:37:46.238981,VIN-208709,2391,85,NONE
2026-07-31 03:37:47.238981,VIN-845468,2639,85,NONE
2026-07-31 03:37:48.238981,VIN-754433,1669,92,P0171
2026-07-31 03:37:49.238981,VIN-230249,2872,87,P0300
2026-07-31 03:37:50.238981,VIN-926999,1528,96,P0420
2026-07-31 03:37:51.238981,VIN-303591,2114,105,NONE
2026-07-31 03:37:52.238981,VIN-680767,2347,100,NONE
2026-07-31 03:37:53.238981,VIN-521931,2473,87,NONE
2026-07-31 03:37:54.238981,VIN-501937,2324,91,P0300
2026-07-31 03:37:55.238981,VIN-094225,2303,100,NONE
2026-07-31 03:37:56.238981,VIN-142974,2914,89,NONE
2026-07-31 03:37:57.238981,VIN-003258,3426,85,NONE
2026-07-31 03:37:58.238981,VIN-651196,1989,89,P0171
2026-07-31 03:37:59.238981,VIN-792042,2774,102,NONE
2026-07-31 03:38:00.238981,VIN-296886,2126,98,NONE
2026-07-31 03:38:01.238981,VIN-568190,2138,99,P0171
2026-07-31 03:38:02.238981,VIN-175444,3317,92,NONE
2026-07-31 03:38:03.238981,VIN-342972,3365,97,NONE
2026-07-31 03:38:04.238981,VIN-982603,1860,100,NONE
2026-07-31 03:38:05.238981,VIN-457034,3451,91,NONE
2026-07-31 03:38:06.238981,VIN-689212,2005,87,NONE
2026-07-31 03:38:07.238981,VIN-335224,2673,96,NONE
2026-07-31 03:38:08.238981,VIN-318754,2364,85,NONE
2026-07-31 03:38:09.238981,VIN-638645,0,91,P0171
2026-07-31 03:38:10.238981,VIN-018951,2414,89,P0300
2026-07-31 03:38:11.238981,VIN-705913,1939,101,NONE
2026-07-31 03:38:12.238981,VIN-888681,1913,85,NONE
2026-07-31 03:38:13.238981,VIN-666784,1826,85,NONE
2026-07-31 03:38:14.238981,VIN-660249,1506,93,P0300
2026-07-31 03:38:15.238981,VIN-133789,3258,105,NONE
2026-07-31 03:38:16.238981,VIN-048909,3299,99,NONE
2026-07-31 03:38:17.238981,VIN-761987,1600,92,NONE
2026-07-31 03:38:18.238981,VIN-409958,3414,93,NONE
2026-07-31 03:38:19.238981,VIN-134797,3299,88,P0300
2026-07-31 03:38:20.238981,VIN-466420,2600,97,P0171
2026-07-31 03:38:21.238981,VIN-044476,1503,88,NONE
2026-07-31 03:38:22.238981,VIN-985307,3258,100,NONE
2026-07-31 03:38:23.238981,VIN-525746,1960,97,P0171
2026-07-31 03:38:24.238981,VIN-144289,1874,86,P0300
2026-07-31 03:38:25.238981,VIN-030435,2528,100,NONE
2026-07-31 03:38:26.238981,VIN-053418,2377,89,NONE
2026-07-31 03:38:27.238981,VIN-322478,2607,105,P0171
2026-07-31 03:38:28.238981,VIN-596604,2229,93,NONE
2026-07-31 03:38:29.238981,VIN-752894,3089,93,NONE
2026-07-31 03:38:30.238981,VIN-091468,2510,104,P0300
2026-07-31 03:38:31.238981,VIN-172448,2032,89,NONE
2026-07-31 03:38:32.238981,VIN-124381,2558,93,P0420
2026-07-31 03:38:33.238981,VIN-624763,1901,94,P0420
2026-07-31 03:38:34.238981,VIN-836116,2249,96,NONE
2026-07-31 03:38:35.238981,VIN-586029,2379,105,NONE
2026-07-31 03:38:36.238981,VIN-297235,2823,94,NONE
2026-07-31 03:38:37.238981,VIN-345286,2135,91,NONE
2026-07-31 03:38:38.238981,VIN-090282,3240,96,NONE
2026-07-31 03:38:39.238981,VIN-850954,1542,93,P0300
2026-07-31 03:38:40.238981,VIN-145040,2664,94,P0300
2026-07-31 03:38:41.238981,VIN-303351,2816,99,P0420
2026-07-31 03:38:42.238981,VIN-998584,2706,99,NONE
2026-07-31 03:38:43.238981,VIN-271881,2475,85,NONE
2026-07-31 03:38:44.238981,VIN-770217,1943,85,NONE
2026-07-31 03:38:45.238981,VIN-336909,1994,98,P0300
2026-07-31 03:38:46.238981,VIN-270878,2534,91,P0171
2026-07-31 03:38:47.238981,VIN-755029,2745,97,NONE
2026-07-31 03:38:48.238981,VIN-789848,1713,94,P0420
2026-07-31 03:38:49.238981,VIN-344220,2403,87,NONE
2026-07-31 03:38:50.238981,VIN-133287,2377,102,P0300
2026-07-31 03:38:51.238981,VIN-274123,2126,90,P0300
2026-07-31 03:38:52.238981,VIN-866343,0,91,NONE
2026-07-31 03:38:53.238981,VIN-948511,2613,104,NONE
2026-07-31 03:38:54.238981,VIN-289533,2736,90,P0171
2026-07-31 03:38:55.238981,VIN-105435,1691,86,P0300
2026-07-31 03:38:56.238981,VIN-574958,2778,89,NONE
2026-07-31 03:38:57.238981,VIN-538296,1892,88,P0171
2026-07-31 03:38:58.238981,VIN-783778,2238,102,NONE
2026-07-31 03:38:59.238981,VIN-529443,2567,99,NONE
2026-07-31 03:39:00.238981,VIN-364606,1875,86,NONE
2026-07-31 03:39:01.238981,VIN-450796,2656,96,P0171
2026-07-31 03:39:02.238981,VIN-832785,3308,90,NONE
2026-07-31 03:39:03.238981,VIN-747454,0,89,P0171
2026-07-31 03:39:04.238981,VIN-204712,2471,88,NONE
2026-07-31 03:39:05.238981,VIN-408247,2444,92,NONE
2026-07-31 03:39:06.238981,VIN-645474,3229,89,NONE
2026-07-31 03:39:07.238981,VIN-541740,2590,103,NONE
2026-07-31 03:39:08.238981,VIN-536812,2633,105,P0171
2026-07-31 03:39:09.238981,VIN-190331,2045,88,NONE
2026-07-31 03:39:10.238981,VIN-132179,1587,85,NONE
2026-07-31 03:39:11.238981,VIN-733723,1604,86,NONE
2026-07-31 03:39:12.238981,VIN-961462,2796,88,P0300
2026-07-31 03:39:13.238981,VIN-897311,2010,105,NONE
2026-07-31 03:39:14.238981,VIN-611491,3395,91,P0300
2026-07-31 03:39:15.238981,VIN-058012,0,92,NONE
2026-07-31 03:39:16.238981,VIN-816825,2697,102,P0171
2026-07-31 03:39:17.238981,VIN-436214,2805,102,NONE
2026-07-31 03:39:18.238981,VIN-585570,1804,88,P0300
2026-07-31 03:39:19.238981,VIN-372483,1614,101,NONE
2026-07-31 03:39:20.238981,VIN-656075,1555,92,NONE
2026-07-31 03:39:21.238981,VIN-343867,1673,95,P0420
2026-07-31 03:39:22.238981,VIN-409982,1849,86,P0300
2026-07-31 03:39:23.238981,VIN-430760,2221,98,NONE
2026-07-31 03:39:24.238981,VIN-559998,0,100,NONE
2026-07-31 03:39:25.238981,VIN-316265,2063,85,NONE
2026-07-31 03:39:26.238981,VIN-782027,2958,96,NONE
2026-07-31 03:39:27.238981,VIN-807300,1502,86,P0420
2026-07-31 03:39:28.238981,VIN-657143,2900,89,NONE
2026-07-31 03:39:29.238981,VIN-604120,2155,88,P0171
2026-07-31 03:39:30.238981,VIN-805424,3303,103,P0300
2026-07-31 03:39:31.238981,VIN-388130,2159,92,NONE
2026-07-31 03:39:32.238981,VIN-611519,2078,105,P0171
2026-07-31 03:39:33.238981,VIN-376870,2015,94,NONE
2026-07-31 03:39:34.238981,VIN-235330,2067,104,NONE
2026-07-31 03:39:35.238981,VIN-374773,2549,87,NONE
2026-07-31 03:39:36.238981,VIN-504971,2582,103,NONE
2026-07-31 03:39:37.238981,VIN-566429,2653,93,NONE
2026-07-31 03:39:38.238981,VIN-785375,1668,95,P0171
2026-07-31 03:39:39.238981,VIN-055871,3412,88,P0171
2026-07-31 03:39:40.238981,VIN-782067,1672,93,NONE
2026-07-31 03:39:41.238981,VIN-319767,2119,87,NONE
2026-07-31 03:39:42.238981,VIN-318047,2778,99,P0171
2026-07-31 03:39:43.238981,VIN-315928,2025,103,P0300
2026-07-31 03:39:44.238981,VIN-977541,3244,90,P0171
2026-07-31 03:39:45.238981,VIN-198496,1563,86,P0300
2026-07-31 03:39:46.238981,VIN-797198,2314,100,P0300
2026-07-31 03:39:47.238981,VIN-441990,2952,103,NONE
2026-07-31 03:39:48.238981,VIN-251337,3444,100,P0300
2026-07-31 03:39:49.238981,VIN-975159,2601,92,P0420
2026-07-31 03:39:50.238981,VIN-911680,2113,103,NONE
2026-07-31 03:39:51.238981,VIN-193298,3037,94,P0420
2026-07-31 03:39:52.238981,VIN-664960,2879,91,P0420
2026-07-31 03:39:53.238981,VIN-356948,2396,105,NONE
2026-07-31 03:39:54.238981,VIN-826333,0,87,NONE
2026-07-31 03:39:55.238981,VIN-483596,1552,88,NONE
2026-07-31 03:39:56.238981,VIN-422123,2705,92,NONE
2026-07-31 03:39:57.238981,VIN-564707,1719,103,NONE
2026-07-31 03:39:58.238981,VIN-130984,2018,98,NONE
2026-07-31 03:39:59.238981,VIN-796056,2121,99,NONE
2026-07-31 03:40:00.238981,VIN-862268,2968,88,NONE
2026-07-31 03:40:01.238981,VIN-247718,1585,86,NONE
2026-07-31 03:40:02.238981,VIN-839393,1749,92,P0171
2026-07-31 03:40:03.238981,VIN-076063,3217,104,NONE
2026-07-31 03:40:04.238981,VIN-907621,2454,92,NONE
2026-07-31 03:40:05.238981,VIN-038991,2207,101,P0171
2026-07-31 03:40:06.238981,VIN-231373,2753,96,NONE
2026-07-31 03:40:07.238981,VIN-645915,2979,92,NONE
2026-07-31 03:40:08.238981,VIN-448650,1639,101,NONE
2026-07-31 03:40:09.238981,VIN-448870,2794,101,NONE
2026-07-31 03:40:10.238981,VIN-839818,2818,97,P0300
2026-07-31 03:40:11.238981,VIN-951199,1795,101,NONE
2026-07-31 03:40:12.238981,VIN-441438,2030,89,NONE
2026-07-31 03:40:13.238981,VIN-259390,3053,105,P0420
2026-07-31 03:40:14.238981,VIN-125702,1633,85,NONE
2026-07-31 03:40:15.238981,VIN-709362,1839,96,NONE
2026-07-31 03:40:16.238981,VIN-235321,3283,85,P0300
2026-07-31 03:40:17.238981,VIN-839105,2098,103,NONE
2026-07-31 03:40:18.238981,VIN-914156,2843,103,P0420
2026-07-31 03:40:19.238981,VIN-156672,2290,97,NONE
2026-07-31 03:40:20.238981,VIN-713895,2451,104,NONE
2026-07-31 03:40:21.238981,VIN-102587,1672,104,P0300
2026-07-31 03:40:22.238981,VIN-212471,0,103,NONE
2026-07-31 03:40:23.238981,VIN-095158,3296,87,P0420
2026-07-31 03:40:24.238981,VIN-720029,3360,93,NONE
2026-07-31 03:40:25.238981,VIN-352633,0,86,NONE
2026-07-31 03:40:26.238981,VIN-345548,2121,85,P0420
2026-07-31 03:40:27.238981,VIN-399814,2768,93,P0300
2026-07-31 03:40:28.238981,VIN-951674,2079,96,P0420
2026-07-31 03:40:29.238981,VIN-101657,2640,85,NONE
2026-07-31 03:40:30.238981,VIN-411362,2827,96,NONE
2026-07-31 03:40:31.238981,VIN-790319,1901,102,P0420
2026-07-31 03:40:32.238981,VIN-787054,0,105,P0171
2026-07-31 03:40:33.238981,VIN-571767,3270,91,NONE
2026-07-31 03:40:34.238981,VIN-846322,2597,102,P0171
2026-07-31 03:40:35.238981,VIN-206127,2672,87,NONE
2026-07-31 03:40:36.238981,VIN-457226,2364,101,P0300
2026-07-31 03:40:37.238981,VIN-212534,1804,102,NONE
2026-07-31 03:40:38.238981,VIN-213029,1959,105,NONE
2026-07-31 03:40:39.238981,VIN-315661,2350,98,NONE
2026-07-31 03:40:40.238981,VIN-014670,3204,95,NONE
2026-07-31 03:40:41.238981,VIN-266448,1946,104,NONE
2026-07-31 03:40:42.238981,VIN-882414,3232,91,NONE
2026-07-31 03:40:43.238981,VIN-180112,2460,100,P0171
2026-07-31 03:40:44.238981,VIN-071121,3159,93,P0420
2026-07-31 03:40:45.238981,VIN-925799,2389,93,NONE
2026-07-31 03:40:46.238981,VIN-612834,3412,95,NONE
2026-07-31 03:40:47.238981,VIN-459359,2821,87,P0420
2026-07-31 03:40:48.238981,VIN-414090,2711,104,NONE
2026-07-31 03:40:49.238981,VIN-128513,2840,92,NONE
2026-07-31 03:40:50.238981,VIN-630052,2742,91,NONE
2026-07-31 03:40:51.238981,VIN-920947,2845,95,NONE
2026-07-31 03:40:52.238981,VIN-201370,2972,98,NONE
2026-07-31 03:40:53.238981,VIN-030291,3263,89,NONE
2026-07-31 03:40:54.238981,VIN-607424,3375,90,P0300
2026-07-31 03:40:55.238981,VIN-710815,2413,87,P0300
2026-07-31 03:40:56.238981,VIN-748503,0,87,NONE
2026-07-31 03:40:57.238981,VIN-377363,1959,88,NONE
2026-07-31 03:40:58.238981,VIN-465697,1918,93,P0171
2026-07-31 03:40:59.238981,VIN-238863,1731,92,NONE
2026-07-31 03:41:00.238981,VIN-536676,0,93,NONE
2026-07-31 03:41:01.238981,VIN-951584,2781,98,NONE
2026-07-31 03:41:02.238981,VIN-459302,3480,86,NONE
2026-07-31 03:41:03.238981,VIN-038682,2312,97,P0420
2026-07-31 03:41:04.238981,VIN-555733,2490,104,NONE
2026-07-31 03:41:05.238981,VIN-179073,3347,101,NONE
2026-07-31 03:41:06.238981,VIN-909279,3090,102,P0300
2026-07-31 03:41:07.238981,VIN-229786,2708,85,NONE
2026-07-31 03:41:08.238981,VIN-606484,0,88,NONE
2026-07-31 03:41:09.238981,VIN-728643,0,105,NONE
2026-07-31 03:41:10.238981,VIN-273899,1513,97,NONE
2026-07-31 03:41:11.238981,VIN-011694,2520,104,P0300
2026-07-31 03:41:12.238981,VIN-453145,1827,91,NONE
2026-07-31 03:41:13.238981,VIN-271046,2738,99,P0300
2026-07-31 03:41:14.238981,VIN-902504,3323,101,NONE
2026-07-31 03:41:15.238981,VIN-003308,3476,86,P0420
2026-07-31 03:41:16.238981,VIN-728905,0,97,NONE
2026-07-31 03:41:17.238981,VIN-560520,1685,96,NONE
2026-07-31 03:41:18.238981,VIN-791885,0,96,NONE
2026-07-31 03:41:19.238981,VIN-193233,3466,93,P0171
2026-07-31 03:41:20.238981,VIN-172896,2046,101,NONE
2026-07-31 03:41:21.238981,VIN-953368,2500,94,P0420
2026-07-31 03:41:22.238981,VIN-184079,1811,98,NONE
2026-07-31 03:41:23.238981,VIN-948428,3133,102,NONE
2026-07-31 03:41:24.238981,VIN-931728,3307,90,P0171
2026-07-31 03:41:25.238981,VIN-571078,2906,101,P0300
2026-07-31 03:41:26.238981,VIN-329326,2936,93,NONE
2026-07-31 03:41:27.238981,VIN-915510,2469,89,NONE
2026-07-31 03:41:28.238981,VIN-440181,3017,100,NONE
2026-07-31 03:41:29.238981,VIN-798154,3054,101,P0300
2026-07-31 03:41:30.238981,VIN-887498,1947,101,NONE
2026-07-31 03:41:31.238981,VIN-440540,1977,90,P0300
2026-07-31 03:41:32.238981,VIN-650005,2094,102,NONE
2026-07-31 03:41:33.238981,VIN-112316,1802,98,P0300
2026-07-31 03:41:34.238981,VIN-915604,1884,94,P0420
2026-07-31 03:41:35.238981,VIN-313603,2653,91,NONE
2026-07-31 03:41:36.238981,VIN-944529,3185,96,NONE
2026-07-31 03:41:37.238981,VIN-163136,2772,91,P0300
2026-07-31 03:41:38.238981,VIN-627824,3279,94,NONE
2026-07-31 03:41:39.238981,VIN-410157,2954,101,NONE
2026-07-31 03:41:40.238981,VIN-482591,3108,91,P0420
2026-07-31 03:41:41.238981,VIN-045966,0,101,NONE
2026-07-31 03:41:42.238981,VIN-856643,1695,86,P0420
2026-07-31 03:41:43.238981,VIN-475606,2801,94,P0420
2026-07-31 03:41:44.238981,VIN-499504,2757,102,NONE
2026-07-31 03:41:45.238981,VIN-813169,2982,95,P0300
2026-07-31 03:41:46.238981,VIN-305222,2677,95,NONE
2026-07-31 03:41:47.238981,VIN-552936,2748,86,NONE
2026-07-31 03:41:48.238981,VIN-407389,1887,100,NONE
2026-07-31 03:41:49.238981,VIN-284475,2659,105,NONE
2026-07-31 03:41:50.238981,VIN-028949,1944,103,P0420
2026-07-31 03:41:51.238981,VIN-301906,3170,97,NONE
2026-07-31 03:41:52.238981,VIN-550952,1777,86,P0420
2026-07-31 03:41:53.238981,VIN-374255,1567,96,P0171
2026-07-31 03:41:54.238981,VIN-017551,3137,90,NONE
2026-07-31 03:41:55.238981,VIN-194542,2175,91,NONE
2026-07-31 03:41:56.238981,VIN-144733,1641,86,P0300
2026-07-31 03:41:57.238981,VIN-619228,2931,93,NONE
2026-07-31 03:41:58.238981,VIN-904522,3116,102,P0300
2026-07-31 03:41:59.238981,VIN-692227,2796,97,P0420
2026-07-31 03:42:00.238981,VIN-331804,2015,88,P0171
2026-07-31 03:42:01.238981,VIN-592138,2786,102,NONE
2026-07-31 03:42:02.238981,VIN-413500,0,90,P0171
2026-07-31 03:42:03.238981,VIN-276598,2918,98,NONE
2026-07-31 03:42:04.238981,VIN-550875,2404,85,P0300
2026-07-31 03:42:05.238981,VIN-667944,1892,95,NONE
2026-07-31 03:42:06.238981,VIN-827722,2247,92,P0420
2026-07-31 03:42:07.238981,VIN-323455,2333,101,NONE
2026-07-31 03:42:08.238981,VIN-033958,1762,101,NONE
2026-07-31 03:42:09.238981,VIN-563765,1940,87,NONE
2026-07-31 03:42:10.238981,VIN-083076,1578,87,P0171
2026-07-31 03:42:11.238981,VIN-697479,1662,93,P0171
2026-07-31 03:42:12.238981,VIN-770832,0,92,P0420
2026-07-31 03:42:13.238981,VIN-610281,3226,88,NONE
2026-07-31 03:42:14.238981,VIN-337539,3460,90,NONE
2026-07-31 03:42:15.238981,VIN-499676,1558,103,NONE
2026-07-31 03:42:16.238981,VIN-076803,2404,101,P0420
2026-07-31 03:42:17.238981,VIN-617834,1544,90,P0300
2026-07-31 03:42:18.238981,VIN-520475,3219,89,NONE
2026-07-31 03:42:19.238981,VIN-307271,0,86,NONE
2026-07-31 03:42:20.238981,VIN-378316,2924,105,P0420
2026-07-31 03:42:21.238981,VIN-099236,3080,98,NONE
2026-07-31 03:42:22.238981,VIN-772237,3419,102,NONE
2026-07-31 03:42:23.238981,VIN-950314,3393,90,P0300
2026-07-31 03:42:24.238981,VIN-940514,2457,103,NONE
2026-07-31 03:42:25.238981,VIN-983279,2426,96,NONE
2026-07-31 03:42:26.238981,VIN-422563,2173,100,P0171
2026-07-31 03:42:27.238981,VIN-270144,2579,87,NONE
2026-07-31 03:42:28.238981,VIN-727508,2578,85,P0300
2026-07-31 03:42:29.238981,VIN-817791,2904,99,P0300
2026-07-31 03:42:30.238981,VIN-690153,2684,98,NONE
2026-07-31 03:42:31.238981,VIN-048419,2161,100,NONE
2026-07-31 03:42:32.238981,VIN-048310,2496,97,NONE
2026-07-31 03:42:33.238981,VIN-515723,2594,104,P0171
2026-07-31 03:42:34.238981,VIN-887114,3446,86,NONE
2026-07-31 03:42:35.238981,VIN-601618,3053,100,NONE
2026-07-31 03:42:36.238981,VIN-663527,1701,90,NONE
2026-07-31 03:42:37.238981,VIN-860472,1515,90,NONE
2026-07-31 03:42:38.238981,VIN-573844,2749,91,P0300
2026-07-31 03:42:39.238981,VIN-663176,2353,103,NONE
2026-07-31 03:42:40.238981,VIN-085282,2072,86,P0420
2026-07-31 03:42:41.238981,VIN-095620,1894,94,P0420
2026-07-31 03:42:42.238981,VIN-041349,2521,98,NONE
2026-07-31 03:42:43.238981,VIN-902939,2267,95,P0420
2026-07-31 03:42:44.238981,VIN-910368,2481,90,NONE
2026-07-31 03:42:45.238981,VIN-365922,2084,93,P0171
2026-07-31 03:42:46.238981,VIN-541456,3081,89,P0171
2026-07-31 03:42:47.238981,VIN-664291,1873,87,P0420
2026-07-31 03:42:48.238981,VIN-609528,3427,86,P0171
2026-07-31 03:42:49.238981,VIN-946751,2184,102,NONE
2026-07-31 03:42:50.238981,VIN-322854,2744,98,NONE
2026-07-31 03:42:51.238981,VIN-615191,1949,88,P0171
2026-07-31 03:42:52.238981,VIN-421925,1637,91,P0420
2026-07-31 03:42:53.238981,VIN-861949,3284,96,NONE
2026-07-31 03:42:54.238981,VIN-638174,2042,89,NONE
2026-07-31 03:42:55.238981,VIN-674065,1705,101,NONE
2026-07-31 03:42:56.238981,VIN-237733,2328,90,NONE
2026-07-31 03:42:57.238981,VIN-824274,1529,85,NONE
2026-07-31 03:42:58.238981,VIN-608848,3415,97,NONE
2026-07-31 03:42:59.238981,VIN-580223,2104,88,P0420
2026-07-31 03:43:00.238981,VIN-625105,3250,102,NONE
2026-07-31 03:43:01.238981,VIN-402992,2309,103,NONE
2026-07-31 03:43:02.238981,VIN-631792,1602,103,P0300
2026-07-31 03:43:03.238981,VIN-767250,2608,103,P0420
2026-07-31 03:43:04.238981,VIN-802844,0,87,NONE
2026-07-31 03:43:05.238981,VIN-538104,1966,94,NONE
2026-07-31 03:43:06.238981,VIN-367510,2307,89,NONE
2026-07-31 03:43:07.238981,VIN-140541,2319,105,NONE
2026-07-31 03:43:08.238981,VIN-435835,0,91,P0420
2026-07-31 03:43:09.238981,VIN-947756,2382,89,NONE
2026-07-31 03:43:10.238981,VIN-623976,2804,87,NONE
2026-07-31 03:43:11.238981,VIN-260114,3362,102,NONE
2026-07-31 03:43:12.238981,VIN-121030,2910,99,NONE
2026-07-31 03:43:13.238981,VIN-709195,2971,87,P0300
2026-07-31 03:43:14.238981,VIN-255377,3500,89,P0420
2026-07-31 03:43:15.238981,VIN-381658,3342,99,P0420
2026-07-31 03:43:16.238981,VIN-876095,2857,92,P0300
2026-07-31 03:43:17.238981,VIN-750687,1819,86,P0300
2026-07-31 03:43:18.238981,VIN-220302,2386,105,P0420
2026-07-31 03:43:19.238981,VIN-618204,1758,101,NONE
2026-07-31 03:43:20.238981,VIN-789098,3389,103,P0420
2026-07-31 03:43:21.238981,VIN-779525,2448,95,P0171
2026-07-31 03:43:22.238981,VIN-361429,3162,85,P0171
2026-07-31 03:43:23.238981,VIN-154035,2998,94,NONE
2026-07-31 03:43:24.238981,VIN-384402,2361,102,P0300
2026-07-31 03:43:25.238981,VIN-259623,3089,95,NONE
2026-07-31 03:43:26.238981,VIN-286117,2836,99,P0171
2026-07-31 03:43:27.238981,VIN-031035,2700,91,NONE
2026-07-31 03:43:28.238981,VIN-233148,2526,88,NONE
2026-07-31 03:43:29.238981,VIN-633553,1564,97,P0420
2026-07-31 03:43:30.238981,VIN-769815,0,103,P0420
2026-07-31 03:43:31.238981,VIN-889705,1579,87,P0300
2026-07-31 03:43:32.238981,VIN-869541,1528,85,P0420
2026-07-31 03:43:33.238981,VIN-462996,2830,91,NONE
2026-07-31 03:43:34.238981,VIN-645069,3072,91,NONE
2026-07-31 03:43:35.238981,VIN-090003,3142,105,NONE
2026-07-31 03:43:36.238981,VIN-428772,2104,101,NONE
2026-07-31 03:43:37.238981,VIN-831682,2172,99,P0300
2026-07-31 03:43:38.238981,VIN-415884,2555,101,P0300
2026-07-31 03:43:39.238981,VIN-952477,3032,105,NONE
2026-07-31 03:43:40.238981,VIN-128185,2407,95,NONE
2026-07-31 03:43:41.238981,VIN-785497,2216,87,P0171
2026-07-31 03:43:42.238981,VIN-001803,2904,86,NONE
2026-07-31 03:43:43.238981,VIN-805742,1921,87,P0300
2026-07-31 03:43:44.238981,VIN-365263,2769,100,NONE
2026-07-31 03:43:45.238981,VIN-876264,1734,91,NONE
2026-07-31 03:43:46.238981,VIN-817945,2407,103,NONE
2026-07-31 03:43:47.238981,VIN-907834,2221,91,NONE
2026-07-31 03:43:48.238981,VIN-201224,0,95,P0420
2026-07-31 03:43:49.238981,VIN-532820,3443,104,NONE
2026-07-31 03:43:50.238981,VIN-636706,2953,100,NONE
2026-07-31 03:43:51.238981,VIN-816292,2800,85,NONE
2026-07-31 03:43:52.238981,VIN-121408,2407,95,P0420
2026-07-31 03:43:53.238981,VIN-332147,2145,96,NONE
2026-07-31 03:43:54.238981,VIN-794889,1554,92,NONE
2026-07-31 03:43:55.238981,VIN-137794,3377,102,NONE
2026-07-31 03:43:56.238981,VIN-707571,3305,89,NONE
2026-07-31 03:43:57.238981,VIN-513907,1995,96,P0171
2026-07-31 03:43:58.238981,VIN-782377,3364,90,P0171
2026-07-31 03:43:59.238981,VIN-307981,0,86,P0420
2026-07-31 03:44:00.238981,VIN-842560,1562,86,P0300
2026-07-31 03:44:01.238981,VIN-385099,3018,96,NONE
2026-07-31 03:44:02.238981,VIN-469637,3014,95,NONE
2026-07-31 03:44:03.238981,VIN-875231,1904,105,P0171
2026-07-31 03:44:04.238981,VIN-982210,2360,105,NONE
2026-07-31 03:44:05.238981,VIN-320666,2068,90,NONE
2026-07-31 03:44:06.238981,VIN-818177,3385,90,NONE
2026-07-31 03:44:07.238981,VIN-066270,3269,97,NONE
2026-07-31 03:44:08.238981,VIN-283666,3023,90,NONE
2026-07-31 03:44:09.238981,VIN-878718,2138,101,NONE
2026-07-31 03:44:10.238981,VIN-806988,2873,98,NONE
2026-07-31 03:44:11.238981,VIN-606268,3409,94,NONE
2026-07-31 03:44:12.238981,VIN-123112,1570,101,NONE
2026-07-31 03:44:13.238981,VIN-173756,2276,85,P0300
2026-07-31 03:44:14.238981,VIN-758495,3459,90,NONE
2026-07-31 03:44:15.238981,VIN-122828,2100,105,NONE
2026-07-31 03:44:16.238981,VIN-921688,1812,102,NONE
2026-07-31 03:44:17.238981,VIN-708095,1529,96,P0420
2026-07-31 03:44:18.238981,VIN-095253,2375,96,P0171
2026-07-31 03:44:19.238981,VIN-957143,2243,101,P0171
2026-07-31 03:44:20.238981,VIN-356521,1678,101,NONE
2026-07-31 03:44:21.238981,VIN-057079,2417,86,P0300
2026-07-31 03:44:22.238981,VIN-797458,2767,102,P0300
2026-07-31 03:44:23.238981,VIN-276882,2518,102,P0300
2026-07-31 03:44:24.238981,VIN-085735,3384,96,NONE
2026-07-31 03:44:25.238981,VIN-874719,2664,95,P0171
2026-07-31 03:44:26.238981,VIN-235340,1525,93,NONE
2026-07-31 03:44:27.238981,VIN-401349,1779,85,NONE
2026-07-31 03:44:28.238981,VIN-813989,2601,87,NONE
2026-07-31 03:44:29.238981,VIN-456759,2485,89,NONE
2026-07-31 03:44:30.238981,VIN-198057,2432,87,NONE
2026-07-31 03:44:31.238981,VIN-271999,0,101,P0420
2026-07-31 03:44:32.238981,VIN-590629,3321,86,NONE
2026-07-31 03:44:33.238981,VIN-323103,3026,89,P0171
2026-07-31 03:44:34.238981,VIN-841182,2792,89,NONE
2026-07-31 03:44:35.238981,VIN-056702,1875,95,P0171
2026-07-31 03:44:36.238981,VIN-413290,3110,94,NONE
2026-07-31 03:44:37.238981,VIN-475151,3189,89,NONE
2026-07-31 03:44:38.238981,VIN-309665,1786,88,NONE
2026-07-31 03:44:39.238981,VIN-375710,2814,96,P0171
2026-07-31 03:44:40.238981,VIN-282927,2064,90,P0300
2026-07-31 03:44:41.238981,VIN-938892,1502,95,NONE
2026-07-31 03:44:42.238981,VIN-954230,1970,95,NONE
2026-07-31 03:44:43.238981,VIN-128608,2803,102,NONE
2026-07-31 03:44:44.238981,VIN-348055,1999,85,P0300
2026-07-31 03:44:45.238981,VIN-156589,2831,86,NONE
2026-07-31 03:44:46.238981,VIN-610417,2135,105,NONE
2026-07-31 03:44:47.238981,VIN-477525,2057,101,P0171
2026-07-31 03:44:48.238981,VIN-306202,2097,105,NONE
2026-07-31 03:44:49.238981,VIN-964639,2934,93,NONE
2026-07-31 03:44:50.238981,VIN-179684,2670,85,P0171
2026-07-31 03:44:51.238981,VIN-015070,1916,85,NONE
2026-07-31 03:44:52.238981,VIN-095688,1805,90,NONE
2026-07-31 03:44:53.238981,VIN-026585,1874,89,NONE
2026-07-31 03:44:54.238981,VIN-864468,2256,105,NONE
2026-07-31 03:44:55.238981,VIN-187534,2897,104,P0420
2026-07-31 03:44:56.238981,VIN-563461,2881,92,NONE
2026-07-31 03:44:57.238981,VIN-643594,1623,88,P0171
2026-07-31 03:44:58.238981,VIN-829306,2016,96,P0420
2026-07-31 03:44:59.238981,VIN-418925,2663,90,NONE
2026-07-31 03:45:00.238981,VIN-969744,1542,102,P0420
2026-07-31 03:45:01.238981,VIN-686316,1842,100,P0171
2026-07-31 03:45:02.238981,VIN-284132,2941,103,NONE
2026-07-31 03:45:03.238981,VIN-321131,3184,94,P0300
2026-07-31 03:45:04.238981,VIN-450046,2292,95,NONE
2026-07-31 03:45:05.238981,VIN-975103,0,88,P0300
2026-07-31 03:45:06.238981,VIN-374975,1654,93,P0420
2026-07-31 03:45:07.238981,VIN-564516,3251,94,NONE
2026-07-31 03:45:08.238981,VIN-090379,3218,86,NONE
2026-07-31 03:45:09.238981,VIN-609903,2732,92,P0171
2026-07-31 03:45:10.238981,VIN-210185,2992,88,NONE
2026-07-31 03:45:11.238981,VIN-228880,3329,102,NONE
2026-07-31 03:45:12.238981,VIN-422451,2440,102,NONE
2026-07-31 03:45:13.238981,VIN-168338,2064,104,NONE
2026-07-31 03:45:14.238981,VIN-431472,1798,93,P0171
2026-07-31 03:45:15.238981,VIN-527437,3482,100,P0420
2026-07-31 03:45:16.238981,VIN-546295,1996,93,NONE
2026-07-31 03:45:17.238981,VIN-241559,1687,94,NONE
2026-07-31 03:45:18.238981,VIN-707970,2243,86,P0420
2026-07-31 03:45:19.238981,VIN-763580,1874,88,NONE
2026-07-31 03:45:20.238981,VIN-189355,3405,100,NONE
2026-07-31 03:45:21.238981,VIN-777687,3098,89,NONE
2026-07-31 03:45:22.238981,VIN-524139,0,88,NONE
2026-07-31 03:45:23.238981,VIN-293633,2355,103,P0171
2026-07-31 03:45:24.238981,VIN-245281,1556,92,NONE
2026-07-31 03:45:25.238981,VIN-928697,2135,101,NONE
2026-07-31 03:45:26.238981,VIN-423886,1583,86,NONE
2026-07-31 03:45:27.238981,VIN-710832,3464,93,NONE
2026-07-31 03:45:28.238981,VIN-079220,2064,91,NONE
2026-07-31 03:45:29.238981,VIN-127757,1632,105,NONE
2026-07-31 03:45:30.238981,VIN-003513,2968,98,NONE
2026-07-31 03:45:31.238981,VIN-520202,1965,96,NONE
2026-07-31 03:45:32.238981,VIN-931198,3423,97,P0300
2026-07-31 03:45:33.238981,VIN-189849,0,91,NONE
2026-07-31 03:45:34.238981,VIN-362341,2925,91,P0300
2026-07-31 03:45:35.238981,VIN-260886,2893,99,NONE
2026-07-31 03:45:36.238981,VIN-438279,0,92,NONE
2026-07-31 03:45:37.238981,VIN-411069,0,92,P0420
2026-07-31 03:45:38.238981,VIN-325793,3262,86,NONE
2026-07-31 03:45:39.238981,VIN-806588,2332,86,P0420
2026-07-31 03:45:40.238981,VIN-932377,0,95,NONE
2026-07-31 03:45:41.238981,VIN-221413,2244,86,NONE
2026-07-31 03:45:42.238981,VIN-042379,3003,85,P0420
2026-07-31 03:45:43.238981,VIN-921437,3071,99,P0420
2026-07-31 03:45:44.238981,VIN-596324,2187,100,P0420
2026-07-31 03:45:45.238981,VIN-855179,2426,89,NONE
2026-07-31 03:45:46.238981,VIN-894380,2152,99,P0300
2026-07-31 03:45:47.238981,VIN-894473,2195,88,NONE
2026-07-31 03:45:48.238981,VIN-818171,2515,103,NONE
2026-07-31 03:45:49.238981,VIN-369950,3116,95,NONE
2026-07-31 03:45:50.238981,VIN-471483,3136,92,NONE
2026-07-31 03:45:51.238981,VIN-384242,1943,101,NONE
2026-07-31 03:45:52.238981,VIN-365619,3129,100,P0300
2026-07-31 03:45:53.238981,VIN-441442,2569,98,P0171
2026-07-31 03:45:54.238981,VIN-821553,1604,87,NONE
2026-07-31 03:45:55.238981,VIN-576192,3134,101,P0300
2026-07-31 03:45:56.238981,VIN-002926,3049,104,P0420
2026-07-31 03:45:57.238981,VIN-389088,2378,103,P0171
2026-07-31 03:45:58.238981,VIN-937654,2980,87,NONE
2026-07-31 03:45:59.238981,VIN-362102,1871,87,NONE
2026-07-31 03:46:00.238981,VIN-874911,0,86,NONE
2026-07-31 03:46:01.238981,VIN-645975,2954,104,NONE
2026-07-31 03:46:02.238981,VIN-612833,3060,89,P0171
2026-07-31 03:46:03.238981,VIN-816247,2360,103,NONE
2026-07-31 03:46:04.238981,VIN-061800,2346,90,NONE
2026-07-31 03:46:05.238981,VIN-986354,1885,100,P0171
2026-07-31 03:46:06.238981,VIN-743336,2560,101,P0300
2026-07-31 03:46:07.238981,VIN-679159,3019,97,NONE
2026-07-31 03:46:08.238981,VIN-703862,2077,98,P0171
2026-07-31 03:46:09.238981,VIN-636164,2864,90,NONE
2026-07-31 03:46:10.238981,VIN-831900,3177,86,NONE
2026-07-31 03:46:11.238981,VIN-097058,2523,99,P0171
2026-07-31 03:46:12.238981,VIN-484056,2291,96,NONE
2026-07-31 03:46:13.238981,VIN-930899,2074,85,P0300
2026-07-31 03:46:14.238981,VIN-301061,2330,88,NONE
2026-07-31 03:46:15.238981,VIN-486646,3495,95,P0420
2026-07-31 03:46:16.238981,VIN-989266,1534,101,NONE
2026-07-31 03:46:17.238981,VIN-614912,2081,95,NONE
2026-07-31 03:46:18.238981,VIN-439324,2875,90,NONE
2026-07-31 03:46:19.238981,VIN-585732,3097,91,NONE
2026-07-31 03:46:20.238981,VIN-108929,1547,104,NONE
2026-07-31 03:46:21.238981,VIN-080486,0,98,P0300
2026-07-31 03:46:22.238981,VIN-736058,2083,100,P0171
2026-07-31 03:46:23.238981,VIN-929531,2456,99,NONE
2026-07-31 03:46:24.238981,VIN-209616,0,89,NONE
2026-07-31 03:46:25.238981,VIN-524710,2070,93,NONE
2026-07-31 03:46:26.238981,VIN-206658,3272,98,P0171
2026-07-31 03:46:27.238981,VIN-260276,2508,91,P0171
2026-07-31 03:46:28.238981,VIN-758771,3029,89,P0300
2026-07-31 03:46:29.238981,VIN-983469,3150,98,P0420
2026-07-31 03:46:30.238981,VIN-266025,3256,85,NONE
2026-07-31 03:46:31.238981,VIN-217547,0,88,NONE
2026-07-31 03:46:32.238981,VIN-763632,2187,89,NONE
2026-07-31 03:46:33.238981,VIN-592409,3356,86,P0171
2026-07-31 03:46:34.238981,VIN-649123,2826,89,NONE
2026-07-31 03:46:35.238981,VIN-420283,3054,94,P0171
2026-07-31 03:46:36.238981,VIN-432629,1973,101,P0420
2026-07-31 03:46:37.238981,VIN-430825,1635,91,NONE
2026-07-31 03:46:38.238981,VIN-398406,1656,95,NONE
2026-07-31 03:46:39.238981,VIN-109234,2660,91,P0300
2026-07-31 03:46:40.238981,VIN-226055,2446,85,P0171
2026-07-31 03:46:41.238981,VIN-918369,3241,105,NONE
2026-07-31 03:46:42.238981,VIN-733296,1761,98,NONE
2026-07-31 03:46:43.238981,VIN-775674,2396,89,NONE
2026-07-31 03:46:44.238981,VIN-574307,2086,99,NONE
2026-07-31 03:46:45.238981,VIN-756241,2387,91,NONE
2026-07-31 03:46:46.238981,VIN-200180,2878,98,P0420
2026-07-31 03:46:47.238981,VIN-947860,3319,91,P0420
2026-07-31 03:46:48.238981,VIN-837540,3373,88,NONE
2026-07-31 03:46:49.238981,VIN-350898,3478,99,P0171
2026-07-31 03:46:50.238981,VIN-440226,2181,102,NONE
2026-07-31 03:46:51.238981,VIN-854929,1580,104,NONE
2026-07-31 03:46:52.238981,VIN-344737,3067,91,NONE
2026-07-31 03:46:53.238981,VIN-399740,3431,103,P0420
2026-07-31 03:46:54.238981,VIN-352849,1953,90,NONE
2026-07-31 03:46:55.238981,VIN-424992,1860,104,NONE
2026-07-31 03:46:56.238981,VIN-774640,2833,93,P0420
2026-07-31 03:46:57.238981,VIN-952797,2293,103,NONE
2026-07-31 03:46:58.238981,VIN-865664,2828,86,NONE
2026-07-31 03:46:59.238981,VIN-153288,2489,94,NONE
2026-07-31 03:47:00.238981,VIN-260729,2670,98,P0420
2026-07-31 03:47:01.238981,VIN-372763,2863,87,P0420
2026-07-31 03:47:02.238981,VIN-160632,3272,105,NONE
2026-07-31 03:47:03.238981,VIN-081724,2494,93,NONE
2026-07-31 03:47:04.238981,VIN-550350,2669,94,NONE
2026-07-31 03:47:05.238981,VIN-790170,2634,89,NONE
2026-07-31 03:47:06.238981,VIN-277440,2215,85,P0420
2026-07-31 03:47:07.238981,VIN-111637,3074,90,NONE
2026-07-31 03:47:08.238981,VIN-776264,1813,94,P0420
2026-07-31 03:47:09.238981,VIN-781108,3226,95,P0420
2026-07-31 03:47:10.238981,VIN-221419,2467,86,NONE
2026-07-31 03:47:11.238981,VIN-788054,3049,100,NONE
2026-07-31 03:47:12.238981,VIN-183367,2773,87,NONE
2026-07-31 03:47:13.238981,VIN-533673,2817,105,NONE
2026-07-31 03:47:14.238981,VIN-295648,1708,88,NONE
2026-07-31 03:47:15.238981,VIN-324296,1769,86,P0420
2026-07-31 03:47:16.238981,VIN-645313,2369,93,P0171
2026-07-31 03:47:17.238981,VIN-470061,3435,105,NONE
2026-07-31 03:47:18.238981,VIN-637706,2576,94,NONE
2026-07-31 03:47:19.238981,VIN-823527,0,99,NONE
2026-07-31 03:47:20.238981,VIN-940607,2568,97,P0171
2026-07-31 03:47:21.238981,VIN-057498,3171,85,NONE
2026-07-31 03:47:22.238981,VIN-400756,3299,91,NONE
2026-07-31 03:47:23.238981,VIN-297364,2264,101,NONE
2026-07-31 03:47:24.238981,VIN-013103,3070,98,NONE
2026-07-31 03:47:25.238981,VIN-464631,3471,100,P0300
2026-07-31 03:47:26.238981,VIN-806212,2173,92,P0300
2026-07-31 03:47:27.238981,VIN-002074,1545,105,NONE
2026-07-31 03:47:28.238981,VIN-780430,1862,105,NONE
2026-07-31 03:47:29.238981,VIN-147840,2223,104,P0300
2026-07-31 03:47:30.238981,VIN-355234,0,98,P0171
2026-07-31 03:47:31.238981,VIN-765230,1843,96,NONE
2026-07-31 03:47:32.238981,VIN-817293,3410,90,NONE
2026-07-31 03:47:33.238981,VIN-029218,2838,86,NONE
2026-07-31 03:47:34.238981,VIN-903603,3011,105,NONE
2026-07-31 03:47:35.238981,VIN-740075,2802,98,NONE
2026-07-31 03:47:36.238981,VIN-687612,1680,97,P0300
2026-07-31 03:47:37.238981,VIN-633881,2583,85,NONE
2026-07-31 03:47:38.238981,VIN-352902,3366,90,P0300
2026-07-31 03:47:39.238981,VIN-505365,3024,102,P0171
2026-07-31 03:47:40.238981,VIN-619251,3314,93,P0420
2026-07-31 03:47:41.238981,VIN-216915,2856,95,NONE
2026-07-31 03:47:42.238981,VIN-811277,3409,97,NONE
2026-07-31 03:47:43.238981,VIN-135531,2362,94,NONE
2026-07-31 03:47:44.238981,VIN-058452,2401,99,P0300
2026-07-31 03:47:45.238981,VIN-972013,3308,97,P0300
2026-07-31 03:47:46.238981,VIN-205511,2733,91,P0171
2026-07-31 03:47:47.238981,VIN-782421,3181,99,P0300
2026-07-31 03:47:48.238981,VIN-005331,3447,104,NONE
2026-07-31 03:47:49.238981,VIN-908018,1661,97,NONE
2026-07-31 03:47:50.238981,VIN-396435,0,101,NONE
2026-07-31 03:47:51.238981,VIN-091987,1698,94,NONE
2026-07-31 03:47:52.238981,VIN-786486,2190,102,NONE
2026-07-31 03:47:53.238981,VIN-827815,2031,97,NONE
2026-07-31 03:47:54.238981,VIN-595643,2327,103,P0171
2026-07-31 03:47:55.238981,VIN-771347,2142,101,P0171
2026-07-31 03:47:56.238981,VIN-037797,0,104,NONE
2026-07-31 03:47:57.238981,VIN-444740,2360,94,NONE
2026-07-31 03:47:58.238981,VIN-219013,2518,102,P0420
2026-07-31 03:47:59.238981,VIN-755275,2237,98,NONE
2026-07-31 03:48:00.238981,VIN-324837,2901,92,P0420
2026-07-31 03:48:01.238981,VIN-810590,2675,90,NONE
2026-07-31 03:48:02.238981,VIN-502797,1521,104,NONE
2026-07-31 03:48:03.238981,VIN-583513,3018,101,NONE
2026-07-31 03:48:04.238981,VIN-191349,3297,85,P0300
2026-07-31 03:48:05.238981,VIN-657112,0,97,NONE
2026-07-31 03:48:06.238981,VIN-748433,1637,101,P0171
2026-07-31 03:48:07.238981,VIN-606524,0,105,P0300
2026-07-31 03:48:08.238981,VIN-453477,1787,86,P0300
2026-07-31 03:48:09.238981,VIN-259510,1740,98,P0171
2026-07-31 03:48:10.238981,VIN-009195,1791,85,P0420
2026-07-31 03:48:11.238981,VIN-741497,2162,91,P0420
2026-07-31 03:48:12.238981,VIN-436295,2702,88,P0300
2026-07-31 03:48:13.238981,VIN-373839,1674,101,P0300
2026-07-31 03:48:14.238981,VIN-350801,1845,88,NONE
2026-07-31 03:48:15.238981,VIN-798082,1602,104,P0171
2026-07-31 03:48:16.238981,VIN-213469,2116,103,NONE
2026-07-31 03:48:17.238981,VIN-423150,2333,96,NONE
2026-07-31 03:48:18.238981,VIN-106227,2325,103,NONE
2026-07-31 03:48:19.238981,VIN-978436,2045,105,P0420
2026-07-31 03:48:20.238981,VIN-653921,1974,97,P0300
2026-07-31 03:48:21.238981,VIN-729636,1517,103,NONE
2026-07-31 03:48:22.238981,VIN-993555,2915,104,P0420
2026-07-31 03:48:23.238981,VIN-092924,1591,105,NONE
2026-07-31 03:48:24.238981,VIN-536263,2107,103,NONE
2026-07-31 03:48:25.238981,VIN-866226,1933,98,P0420
2026-07-31 03:48:26.238981,VIN-773181,1891,96,NONE
2026-07-31 03:48:27.238981,VIN-845179,3192,95,P0420
2026-07-31 03:48:28.238981,VIN-821825,1686,101,P0420
2026-07-31 03:48:29.238981,VIN-596527,0,92,P0420
2026-07-31 03:48:30.238981,VIN-462321,1911,98,P0171
2026-07-31 03:48:31.238981,VIN-322338,2714,97,NONE
2026-07-31 03:48:32.238981,VIN-690076,2897,85,NONE
2026-07-31 03:48:33.238981,VIN-880445,1759,89,NONE
2026-07-31 03:48:34.238981,VIN-172320,2807,101,P0420
2026-07-31 03:48:35.238981,VIN-139092,3316,98,NONE
2026-07-31 03:48:36.238981,VIN-425411,3431,92,NONE
2026-07-31 03:48:37.238981,VIN-838239,2818,100,NONE
2026-07-31 03:48:38.238981,VIN-186676,2070,90,NONE
2026-07-31 03:48:39.238981,VIN-241417,2317,92,NONE
2026-07-31 03:48:40.238981,VIN-457933,2206,102,P0300
2026-07-31 03:48:41.238981,VIN-707135,2510,96,P0420
2026-07-31 03:48:42.238981,VIN-111818,1536,105,P0420
2026-07-31 03:48:43.238981,VIN-355766,3140,94,P0420
2026-07-31 03:48:44.238981,VIN-613316,3386,101,NONE
2026-07-31 03:48:45.238981,VIN-683943,3041,90,P0171
2026-07-31 03:48:46.238981,VIN-126802,3342,102,NONE
2026-07-31 03:48:47.238981,VIN-580281,1810,103,P0420
2026-07-31 03:48:48.238981,VIN-709771,2551,89,NONE
2026-07-31 03:48:49.238981,VIN-952390,3258,95,P0171
2026-07-31 03:48:50.238981,VIN-867357,2019,97,NONE
2026-07-31 03:48:51.238981,VIN-821162,2550,97,P0420
2026-07-31 03:48:52.238981,VIN-144644,2110,92,NONE
2026-07-31 03:48:53.238981,VIN-943702,1642,92,P0420
2026-07-31 03:48:54.238981,VIN-210578,2246,91,NONE
2026-07-31 03:48:55.238981,VIN-424701,2632,105,P0171
2026-07-31 03:48:56.238981,VIN-168981,2241,104,NONE
2026-07-31 03:48:57.238981,VIN-577402,1720,97,NONE
2026-07-31 03:48:58.238981,VIN-306991,2164,95,P0420
2026-07-31 03:48:59.238981,VIN-776840,1514,92,NONE
2026-07-31 03:49:00.238981,VIN-785782,2461,93,NONE
2026-07-31 03:49:01.238981,VIN-257879,3212,97,P0420
2026-07-31 03:49:02.238981,VIN-872745,3229,97,NONE
2026-07-31 03:49:03.238981,VIN-330458,2331,96,P0171
2026-07-31 03:49:04.238981,VIN-091464,0,100,NONE
2026-07-31 03:49:05.238981,VIN-621425,2302,99,P0420
2026-07-31 03:49:06.238981,VIN-543103,3206,99,NONE
2026-07-31 03:49:07.238981,VIN-428342,0,95,NONE
2026-07-31 03:49:08.238981,VIN-614569,0,96,NONE
2026-07-31 03:49:09.238981,VIN-622113,0,94,NONE
2026-07-31 03:49:10.238981,VIN-529128,2123,101,P0300
2026-07-31 03:49:11.238981,VIN-021809,2935,89,NONE
2026-07-31 03:49:12.238981,VIN-178923,1818,89,P0420
2026-07-31 03:49:13.238981,VIN-886981,2264,91,NONE
2026-07-31 03:49:14.238981,VIN-944345,2456,99,P0300
2026-07-31 03:49:15.238981,VIN-178966,2520,103,NONE
2026-07-31 03:49:16.238981,VIN-450188,1562,86,NONE
2026-07-31 03:49:17.238981,VIN-456735,2207,98,NONE
2026-07-31 03:49:18.238981,VIN-148930,1652,85,NONE
2026-07-31 03:49:19.238981,VIN-568576,1552,86,NONE
2026-07-31 03:49:20.238981,VIN-452751,2434,97,P0420
2026-07-31 03:49:21.238981,VIN-056571,3040,89,NONE
2026-07-31 03:49:22.238981,VIN-403191,2769,85,NONE
2026-07-31 03:49:23.238981,VIN-632973,2996,92,P0420
2026-07-31 03:49:24.238981,VIN-659346,2171,103,P0420
2026-07-31 03:49:25.238981,VIN-551768,2462,105,P0300
2026-07-31 03:49:26.238981,VIN-617681,1722,103,NONE
2026-07-31 03:49:27.238981,VIN-273630,2029,99,P0300
2026-07-31 03:49:28.238981,VIN-456725,2067,86,NONE
2026-07-31 03:49:29.238981,VIN-455479,3163,97,P0300
2026-07-31 03:49:30.238981,VIN-990986,2458,87,NONE
2026-07-31 03:49:31.238981,VIN-042688,2162,99,NONE
2026-07-31 03:49:32.238981,VIN-961994,2582,88,NONE
2026-07-31 03:49:33.238981,VIN-309538,2755,103,P0420
2026-07-31 03:49:34.238981,VIN-469398,2189,102,P0300
2026-07-31 03:49:35.238981,VIN-992283,0,90,NONE
2026-07-31 03:49:36.238981,VIN-274853,3013,85,P0300
2026-07-31 03:49:37.238981,VIN-553408,0,102,NONE
2026-07-31 03:49:38.238981,VIN-961282,3204,86,P0171
2026-07-31 03:49:39.238981,VIN-098443,2562,101,NONE
2026-07-31 03:49:40.238981,VIN-530229,1989,102,NONE
2026-07-31 03:49:41.238981,VIN-632371,3255,95,NONE
2026-07-31 03:49:42.238981,VIN-288230,2171,103,P0300
2026-07-31 03:49:43.238981,VIN-836807,3109,105,NONE
2026-07-31 03:49:44.238981,VIN-381773,2567,97,P0420
2026-07-31 03:49:45.238981,VIN-019826,2506,85,P0300
2026-07-31 03:49:46.238981,VIN-929268,3148,104,P0300
2026-07-31 03:49:47.238981,VIN-639605,2096,98,P0171
2026-07-31 03:49:48.238981,VIN-384985,2666,86,P0171
2026-07-31 03:49:49.238981,VIN-472286,2515,87,P0420
2026-07-31 03:49:50.238981,VIN-711648,2125,86,NONE
2026-07-31 03:49:51.238981,VIN-383543,1952,87,P0300
2026-07-31 03:49:52.238981,VIN-658569,2861,94,NONE
2026-07-31 03:49:53.238981,VIN-650560,1543,98,P0171
2026-07-31 03:49:54.238981,VIN-194062,1673,98,P0420
2026-07-31 03:49:55.238981,VIN-448443,2093,87,NONE
2026-07-31 03:49:56.238981,VIN-923443,3093,103,NONE
2026-07-31 03:49:57.238981,VIN-677657,1621,98,NONE
2026-07-31 03:49:58.238981,VIN-095792,2273,94,NONE
2026-07-31 03:49:59.238981,VIN-848053,1878,98,P0300
2026-07-31 03:50:00.238981,VIN-237516,3231,98,P0420
2026-07-31 03:50:01.238981,VIN-591627,2475,96,NONE
2026-07-31 03:50:02.238981,VIN-155473,2572,103,P0171
2026-07-31 03:50:03.238981,VIN-675339,2531,92,P0300
2026-07-31 03:50:04.238981,VIN-527376,2445,92,NONE
2026-07-31 03:50:05.238981,VIN-388352,1836,85,NONE
2026-07-31 03:50:06.238981,VIN-482679,2442,102,NONE
2026-07-31 03:50:07.238981,VIN-596577,2516,88,P0171
2026-07-31 03:50:08.238981,VIN-698660,3144,88,NONE
2026-07-31 03:50:09.238981,VIN-061397,2640,97,P0420
2026-07-31 03:50:10.238981,VIN-428344,2133,86,NONE
2026-07-31 03:50:11.238981,VIN-456753,2542,95,P0300
2026-07-31 03:50:12.238981,VIN-042706,2653,103,NONE
2026-07-31 03:50:13.238981,VIN-374197,3216,103,P0300
2026-07-31 03:50:14.238981,VIN-186196,2970,92,NONE
2026-07-31 03:50:15.238981,VIN-805789,1559,93,NONE
2026-07-31 03:50:16.238981,VIN-986136,0,90,NONE
2026-07-31 03:50:17.238981,VIN-553387,3039,95,NONE
2026-07-31 03:50:18.238981,VIN-564041,3276,93,NONE
2026-07-31 03:50:19.238981,VIN-636011,3375,98,P0420
2026-07-31 03:50:20.238981,VIN-019282,3003,104,NONE
2026-07-31 03:50:21.238981,VIN-240377,1743,85,NONE
2026-07-31 03:50:22.238981,VIN-407808,2314,86,NONE
2026-07-31 03:50:23.238981,VIN-822478,2778,99,NONE
2026-07-31 03:50:24.238981,VIN-467961,2088,94,NONE
2026-07-31 03:50:25.238981,VIN-990074,3299,105,NONE
2026-07-31 03:50:26.238981,VIN-171479,3197,90,NONE
2026-07-31 03:50:27.238981,VIN-530541,2591,85,P0171
2026-07-31 03:50:28.238981,VIN-057153,3211,85,P0171
2026-07-31 03:50:29.238981,VIN-450696,3367,93,P0300
2026-07-31 03:50:30.238981,VIN-907290,2955,90,NONE
2026-07-31 03:50:31.238981,VIN-973992,2534,93,NONE
2026-07-31 03:50:32.238981,VIN-484095,2833,90,NONE
2026-07-31 03:50:33.238981,VIN-372036,2951,103,P0420
2026-07-31 03:50:34.238981,VIN-416770,2064,95,P0420
2026-07-31 03:50:35.238981,VIN-837344,2981,90,NONE
2026-07-31 03:50:36.238981,VIN-730041,0,86,NONE
2026-07-31 03:50:37.238981,VIN-275561,2095,105,P0300
2026-07-31 03:50:38.238981,VIN-629642,1862,88,NONE
2026-07-31 03:50:39.238981,VIN-306746,2992,101,NONE
2026-07-31 03:50:40.238981,VIN-469409,2678,93,NONE
2026-07-31 03:50:41.238981,VIN-939160,3399,85,NONE
2026-07-31 03:50:42.238981,VIN-150777,2077,93,NONE
2026-07-31 03:50:43.238981,VIN-882082,3398,96,NONE
2026-07-31 03:50:44.238981,VIN-885697,2530,98,NONE
2026-07-31 03:50:45.238981,VIN-188833,0,101,NONE
2026-07-31 03:50:46.238981,VIN-710321,2203,90,P0300
2026-07-31 03:50:47.238981,VIN-769292,2929,105,P0420
2026-07-31 03:50:48.238981,VIN-838926,2692,85,NONE
2026-07-31 03:50:49.238981,VIN-828575,2097,105,P0300
2026-07-31 03:50:50.238981,VIN-711106,2964,102,NONE
2026-07-31 03:50:51.238981,VIN-639170,2917,90,P0300
2026-07-31 03:50:52.238981,VIN-865531,2107,101,P0420
2026-07-31 03:50:53.238981,VIN-602114,2687,91,NONE
2026-07-31 03:50:54.238981,VIN-794363,3320,89,NONE
2026-07-31 03:50:55.238981,VIN-954987,3436,88,P0300
2026-07-31 03:50:56.238981,VIN-646235,1786,91,NONE
2026-07-31 03:50:57.238981,VIN-841986,1911,90,NONE
2026-07-31 03:50:58.238981,VIN-128369,3213,95,NONE
2026-07-31 03:50:59.238981,VIN-705039,2709,97,P0300
2026-07-31 03:51:00.238981,VIN-686045,2411,91,NONE
2026-07-31 03:51:01.238981,VIN-075726,2309,88,P0420
2026-07-31 03:51:02.238981,VIN-199010,2815,103,NONE
2026-07-31 03:51:03.238981,VIN-073833,1523,100,P0171
2026-07-31 03:51:04.238981,VIN-083924,1801,98,NONE
2026-07-31 03:51:05.238981,VIN-121785,2131,86,P0420
2026-07-31 03:51:06.238981,VIN-799054,2028,91,NONE
2026-07-31 03:51:07.238981,VIN-405182,0,88,NONE
2026-07-31 03:51:08.238981,VIN-460474,2701,91,P0420
2026-07-31 03:51:09.238981,VIN-929654,1702,104,NONE
2026-07-31 03:51:10.238981,VIN-098940,2222,103,NONE
2026-07-31 03:51:11.238981,VIN-797712,3207,88,P0300
2026-07-31 03:51:12.238981,VIN-853334,0,94,NONE
2026-07-31 03:51:13.238981,VIN-126804,2231,86,NONE
2026-07-31 03:51:14.238981,VIN-368948,3017,102,NONE
2026-07-31 03:51:15.238981,VIN-112588,2667,90,NONE
2026-07-31 03:51:16.238981,VIN-461334,2889,95,P0420
2026-07-31 03:51:17.238981,VIN-823007,2990,89,P0171
2026-07-31 03:51:18.238981,VIN-505586,0,87,NONE
2026-07-31 03:51:19.238981,VIN-844379,1521,86,NONE
2026-07-31 03:51:20.238981,VIN-899337,3408,97,NONE
2026-07-31 03:51:21.238981,VIN-544006,2877,85,NONE
2026-07-31 03:51:22.238981,VIN-542803,2248,98,NONE
2026-07-31 03:51:23.238981,VIN-887433,3409,103,P0171
2026-07-31 03:51:24.238981,VIN-480251,1984,102,P0420
2026-07-31 03:51:25.238981,VIN-884068,3234,97,P0171
2026-07-31 03:51:26.238981,VIN-857102,1896,99,NONE
2026-07-31 03:51:27.238981,VIN-292862,3024,89,P0171
2026-07-31 03:51:28.238981,VIN-126135,2131,89,NONE
2026-07-31 03:51:29.238981,VIN-564744,1956,91,NONE
2026-07-31 03:51:30.238981,VIN-395992,2074,92,NONE
2026-07-31 03:51:31.238981,VIN-558460,0,95,NONE
2026-07-31 03:51:32.238981,VIN-386161,1929,85,NONE
2026-07-31 03:51:33.238981,VIN-370493,3341,105,NONE
2026-07-31 03:51:34.238981,VIN-749459,1814,87,NONE
2026-07-31 03:51:35.238981,VIN-611623,1714,99,P0171
2026-07-31 03:51:36.238981,VIN-417677,1548,93,NONE
2026-07-31 03:51:37.238981,VIN-298494,3115,88,P0420
2026-07-31 03:51:38.238981,VIN-383618,1661,97,NONE
2026-07-31 03:51:39.238981,VIN-758771,3368,97,NONE
2026-07-31 03:51:40.238981,VIN-213964,2508,99,NONE
2026-07-31 03:51:41.238981,VIN-231012,2590,93,P0171
2026-07-31 03:51:42.238981,VIN-038365,1775,101,NONE
2026-07-31 03:51:43.238981,VIN-821747,1615,102,NONE
2026-07-31 03:51:44.238981,VIN-457456,3181,105,NONE
2026-07-31 03:51:45.238981,VIN-730855,3077,103,NONE
2026-07-31 03:51:46.238981,VIN-007120,2781,85,NONE
2026-07-31 03:51:47.238981,VIN-148274,2892,101,P0171
2026-07-31 03:51:48.238981,VIN-479731,2721,98,P0171
2026-07-31 03:51:49.238981,VIN-122587,3093,92,NONE
2026-07-31 03:51:50.238981,VIN-370587,3005,96,P0420
2026-07-31 03:51:51.238981,VIN-090409,1542,105,NONE
2026-07-31 03:51:52.238981,VIN-889438,2289,93,NONE
2026-07-31 03:51:53.238981,VIN-232116,2068,97,P0420
2026-07-31 03:51:54.238981,VIN-478333,2684,86,P0171
2026-07-31 03:51:55.238981,VIN-866252,3406,90,P0420
2026-07-31 03:51:56.238981,VIN-449227,2239,85,NONE
2026-07-31 03:51:57.238981,VIN-083624,2032,102,NONE
2026-07-31 03:51:58.238981,VIN-649168,3480,97,NONE
2026-07-31 03:51:59.238981,VIN-580728,3263,92,P0171
2026-07-31 03:52:00.238981,VIN-270327,3415,99,P0420
2026-07-31 03:52:01.238981,VIN-170518,2483,85,NONE
2026-07-31 03:52:02.238981,VIN-326749,2623,95,P0171
2026-07-31 03:52:03.238981,VIN-575161,3335,96,P0420
2026-07-31 03:52:04.238981,VIN-706074,1682,98,NONE
2026-07-31 03:52:05.238981,VIN-816908,1797,98,P0420
2026-07-31 03:52:06.238981,VIN-930691,1515,103,NONE
2026-07-31 03:52:07.238981,VIN-378618,2084,95,NONE
2026-07-31 03:52:08.238981,VIN-730967,2748,95,NONE
2026-07-31 03:52:09.238981,VIN-616930,2220,92,NONE
2026-07-31 03:52:10.238981,VIN-047896,1676,97,P0420
2026-07-31 03:52:11.238981,VIN-267721,1548,96,NONE
2026-07-31 03:52:12.238981,VIN-125427,2833,102,NONE
2026-07-31 03:52:13.238981,VIN-029935,1744,97,P0420
2026-07-31 03:52:14.238981,VIN-239122,1539,104,NONE
2026-07-31 03:52:15.238981,VIN-285231,2552,103,NONE
2026-07-31 03:52:16.238981,VIN-630086,1677,93,NONE
2026-07-31 03:52:17.238981,VIN-448441,2502,92,P0300
2026-07-31 03:52:18.238981,VIN-558601,1898,93,P0300
2026-07-31 03:52:19.238981,VIN-887131,1660,85,P0420
2026-07-31 03:52:20.238981,VIN-428982,1700,102,NONE
2026-07-31 03:52:21.238981,VIN-628166,3326,98,P0171
2026-07-31 03:52:22.238981,VIN-690088,2469,99,P0300
2026-07-31 03:52:23.238981,VIN-028407,0,86,P0171
2026-07-31 03:52:24.238981,VIN-591506,3062,104,NONE
2026-07-31 03:52:25.238981,VIN-828745,2702,86,P0300
2026-07-31 03:52:26.238981,VIN-366977,2339,96,NONE
2026-07-31 03:52:27.238981,VIN-574311,1518,103,P0300
2026-07-31 03:52:28.238981,VIN-572973,1534,103,NONE
2026-07-31 03:52:29.238981,VIN-077051,2079,88,NONE
2026-07-31 03:52:30.238981,VIN-149677,1589,91,NONE
2026-07-31 03:52:31.238981,VIN-436600,2062,102,P0300
2026-07-31 03:52:32.238981,VIN-796599,2560,94,NONE
2026-07-31 03:52:33.238981,VIN-608260,1871,88,NONE
2026-07-31 03:52:34.238981,VIN-255313,3310,95,NONE
2026-07-31 03:52:35.238981,VIN-298818,1673,88,NONE
2026-07-31 03:52:36.238981,VIN-463007,3214,93,P0420
2026-07-31 03:52:37.238981,VIN-594976,3447,104,NONE
2026-07-31 03:52:38.238981,VIN-482114,2595,103,P0300
2026-07-31 03:52:39.238981,VIN-611322,1708,89,NONE
2026-07-31 03:52:40.238981,VIN-701575,2287,98,P0300
2026-07-31 03:52:41.238981,VIN-702729,2271,92,P0171
2026-07-31 03:52:42.238981,VIN-148370,1894,94,NONE
2026-07-31 03:52:43.238981,VIN-313220,1936,85,P0300
2026-07-31 03:52:44.238981,VIN-148315,2758,105,P0300
2026-07-31 03:52:45.238981,VIN-162620,2682,87,P0300
2026-07-31 03:52:46.238981,VIN-552907,1723,95,NONE
2026-07-31 03:52:47.238981,VIN-471501,2316,95,NONE
2026-07-31 03:52:48.238981,VIN-268115,1717,92,NONE
2026-07-31 03:52:49.238981,VIN-526585,2555,103,NONE
2026-07-31 03:52:50.238981,VIN-797791,1669,99,P0300
2026-07-31 03:52:51.238981,VIN-672599,1754,98,NONE
2026-07-31 03:52:52.238981,VIN-673420,3269,98,NONE
2026-07-31 03:52:53.238981,VIN-272700,1618,88,NONE
2026-07-31 03:52:54.238981,VIN-929506,2366,103,NONE
2026-07-31 03:52:55.238981,VIN-236953,2171,90,P0420
2026-07-31 03:52:56.238981,VIN-292567,3087,95,P0171
2026-07-31 03:52:57.238981,VIN-947990,2650,104,NONE
2026-07-31 03:52:58.238981,VIN-636435,2312,92,NONE
2026-07-31 03:52:59.238981,VIN-867626,2825,85,P0171
2026-07-31 03:53:00.238981,VIN-830487,2781,105,NONE
2026-07-31 03:53:01.238981,VIN-454012,0,94,P0300
2026-07-31 03:53:02.238981,VIN-893211,0,87,NONE
2026-07-31 03:53:03.238981,VIN-431541,1779,104,NONE
2026-07-31 03:53:04.238981,VIN-361301,3131,99,P0420
2026-07-31 03:53:05.238981,VIN-749360,1715,91,P0171
2026-07-31 03:53:06.238981,VIN-460013,2197,92,NONE
2026-07-31 03:53:07.238981,VIN-872916,0,103,P0171
2026-07-31 03:53:08.238981,VIN-132906,3258,99,NONE
2026-07-31 03:53:09.238981,VIN-649306,2534,97,NONE
2026-07-31 03:53:10.238981,VIN-098761,2595,94,P0171
2026-07-31 03:53:11.238981,VIN-257492,2296,96,NONE
2026-07-31 03:53:12.238981,VIN-645017,2862,97,NONE
2026-07-31 03:53:13.238981,VIN-507254,2052,98,NONE
2026-07-31 03:53:14.238981,VIN-280530,2149,93,P0300
2026-07-31 03:53:15.238981,VIN-113388,1894,89,NONE
2026-07-31 03:53:16.238981,VIN-931029,1687,104,P0171
2026-07-31 03:53:17.238981,VIN-961789,3227,91,P0171
2026-07-31 03:53:18.238981,VIN-849984,2267,94,NONE
2026-07-31 03:53:19.238981,VIN-484820,2121,101,NONE
2026-07-31 03:53:20.238981,VIN-728171,2111,94,NONE
2026-07-31 03:53:21.238981,VIN-258835,2754,94,NONE
2026-07-31 03:53:22.238981,VIN-307206,2971,95,NONE
2026-07-31 03:53:23.238981,VIN-559243,3091,101,NONE
2026-07-31 03:53:24.238981,VIN-448640,2793,103,P0171
2026-07-31 03:53:25.238981,VIN-528521,1957,86,P0420
2026-07-31 03:53:26.238981,VIN-806033,2873,97,P0171
2026-07-31 03:53:27.238981,VIN-691466,1662,102,NONE
2026-07-31 03:53:28.238981,VIN-203699,1541,91,P0300
2026-07-31 03:53:29.238981,VIN-222737,3214,92,NONE
2026-07-31 03:53:30.238981,VIN-826477,2641,98,NONE
2026-07-31 03:53:31.238981,VIN-001192,2266,97,NONE
2026-07-31 03:53:32.238981,VIN-133884,1721,96,P0300
2026-07-31 03:53:33.238981,VIN-333322,2304,88,NONE
2026-07-31 03:53:34.238981,VIN-591797,2298,86,NONE
2026-07-31 03:53:35.238981,VIN-580430,3290,95,NONE
2026-07-31 03:53:36.238981,VIN-362923,3072,89,P0171
2026-07-31 03:53:37.238981,VIN-462593,1589,95,NONE
2026-07-31 03:53:38.238981,VIN-564030,2667,100,NONE
2026-07-31 03:53:39.238981,VIN-522699,2856,99,P0420
2026-07-31 03:53:40.238981,VIN-916066,3104,90,NONE
2026-07-31 03:53:41.238981,VIN-628609,2477,100,NONE
2026-07-31 03:53:42.238981,VIN-253727,1657,98,NONE
2026-07-31 03:53:43.238981,VIN-313545,2836,102,P0300
2026-07-31 03:53:44.238981,VIN-681421,2150,93,NONE
2026-07-31 03:53:45.238981,VIN-566662,2970,91,NONE
2026-07-31 03:53:46.238981,VIN-082991,2870,98,P0300
2026-07-31 03:53:47.238981,VIN-446854,3230,88,NONE
2026-07-31 03:53:48.238981,VIN-894424,1581,98,NONE
2026-07-31 03:53:49.238981,VIN-560321,3222,100,NONE
2026-07-31 03:53:50.238981,VIN-669164,2410,97,P0300
2026-07-31 03:53:51.238981,VIN-398002,3395,93,NONE
2026-07-31 03:53:52.238981,VIN-119961,2263,102,NONE
2026-07-31 03:53:53.238981,VIN-598192,2436,92,NONE
2026-07-31 03:53:54.238981,VIN-068848,0,98,NONE
2026-07-31 03:53:55.238981,VIN-305187,3155,96,NONE
2026-07-31 03:53:56.238981,VIN-112646,2120,103,NONE
2026-07-31 03:53:57.238981,VIN-880839,0,98,NONE
2026-07-31 03:53:58.238981,VIN-605899,2180,97,NONE
2026-07-31 03:53:59.238981,VIN-728679,0,98,NONE
2026-07-31 03:54:00.238981,VIN-359550,3090,86,NONE
2026-07-31 03:54:01.238981,VIN-503917,1932,102,P0171
2026-07-31 03:54:02.238981,VIN-776136,1760,94,NONE
2026-07-31 03:54:03.238981,VIN-445231,2514,90,P0171
2026-07-31 03:54:04.238981,VIN-752615,2068,93,NONE
2026-07-31 03:54:05.238981,VIN-540677,0,88,NONE
2026-07-31 03:54:06.238981,VIN-951721,1790,89,P0300
2026-07-31 03:54:07.238981,VIN-129899,1913,94,NONE
2026-07-31 03:54:08.238981,VIN-243139,3424,93,P0420
2026-07-31 03:54:09.238981,VIN-406494,3023,90,P0171
2026-07-31 03:54:10.238981,VIN-320763,1664,99,P0300
2026-07-31 03:54:11.238981,VIN-605504,1524,90,P0171
2026-07-31 03:54:12.238981,VIN-967309,3472,104,NONE
2026-07-31 03:54:13.238981,VIN-254344,2097,97,P0420
2026-07-31 03:54:14.238981,VIN-760732,3331,95,NONE
2026-07-31 03:54:15.238981,VIN-523186,1829,100,NONE
2026-07-31 03:54:16.238981,VIN-622350,2189,90,NONE
2026-07-31 03:54:17.238981,VIN-934164,1770,103,P0300
2026-07-31 03:54:18.238981,VIN-529393,1636,85,P0300
2026-07-31 03:54:19.238981,VIN-291226,3482,99,P0171
2026-07-31 03:54:20.238981,VIN-699942,1636,99,P0300
2026-07-31 03:54:21.238981,VIN-937338,2019,88,NONE
2026-07-31 03:54:22.238981,VIN-500030,2442,96,NONE
2026-07-31 03:54:23.238981,VIN-180013,2213,102,P0171
2026-07-31 03:54:24.238981,VIN-985950,3327,102,P0171
2026-07-31 03:54:25.238981,VIN-889295,2750,97,NONE
2026-07-31 03:54:26.238981,VIN-772231,1514,102,NONE
2026-07-31 03:54:27.238981,VIN-937335,2376,102,NONE
2026-07-31 03:54:28.238981,VIN-864388,1773,102,NONE
2026-07-31 03:54:29.238981,VIN-099542,2163,87,NONE
2026-07-31 03:54:30.238981,VIN-176771,2166,97,NONE
2026-07-31 03:54:31.238981,VIN-837966,2842,88,NONE
2026-07-31 03:54:32.238981,VIN-230291,1637,104,P0300
2026-07-31 03:54:33.238981,VIN-579413,1939,85,NONE
2026-07-31 03:54:34.238981,VIN-159790,3196,85,NONE
2026-07-31 03:54:35.238981,VIN-548151,3226,85,NONE
2026-07-31 03:54:36.238981,VIN-755984,2297,105,P0420
2026-07-31 03:54:37.238981,VIN-849352,3007,87,NONE
2026-07-31 03:54:38.238981,VIN-794420,2604,89,P0300
2026-07-31 03:54:39.238981,VIN-163017,2970,102,P0420
2026-07-31 03:54:40.238981,VIN-165048,2680,94,NONE
2026-07-31 03:54:41.238981,VIN-543843,1777,104,P0420
2026-07-31 03:54:42.238981,VIN-835573,2994,103,P0300
2026-07-31 03:54:43.238981,VIN-395187,2789,98,P0171
2026-07-31 03:54:44.238981,VIN-620464,2749,97,NONE
2026-07-31 03:54:45.238981,VIN-611394,3061,103,P0171
2026-07-31 03:54:46.238981,VIN-884897,3342,85,P0420
2026-07-31 03:54:47.238981,VIN-091654,0,86,P0171
2026-07-31 03:54:48.238981,VIN-932221,2349,95,NONE
2026-07-31 03:54:49.238981,VIN-969269,2169,91,NONE
2026-07-31 03:54:50.238981,VIN-147999,1955,101,NONE
2026-07-31 03:54:51.238981,VIN-128686,2341,89,NONE
2026-07-31 03:54:52.238981,VIN-320555,3308,103,P0171
2026-07-31 03:54:53.238981,VIN-955530,1873,93,P0300
2026-07-31 03:54:54.238981,VIN-164659,0,99,NONE
2026-07-31 03:54:55.238981,VIN-724493,2203,95,NONE
2026-07-31 03:54:56.238981,VIN-375823,1958,92,NONE
2026-07-31 03:54:57.238981,VIN-407458,2319,97,P0420
2026-07-31 03:54:58.238981,VIN-975090,2260,90,P0300
2026-07-31 03:54:59.238981,VIN-400917,1766,93,NONE
2026-07-31 03:55:00.238981,VIN-470373,3248,97,NONE
2026-07-31 03:55:01.238981,VIN-992773,2634,96,P0171
2026-07-31 03:55:02.238981,VIN-021042,1968,89,P0300
2026-07-31 03:55:03.238981,VIN-234514,1980,97,NONE
2026-07-31 03:55:04.238981,VIN-373420,1638,101,NONE
2026-07-31 03:55:05.238981,VIN-320373,3055,89,P0171
2026-07-31 03:55:06.238981,VIN-855484,3265,102,NONE
2026-07-31 03:55:07.238981,VIN-168368,2981,102,P0420
2026-07-31 03:55:08.238981,VIN-188200,1976,97,P0300
2026-07-31 03:55:09.238981,VIN-966611,2647,100,P0300
2026-07-31 03:55:10.238981,VIN-244918,1886,105,NONE
2026-07-31 03:55:11.238981,VIN-526675,2388,89,NONE
2026-07-31 03:55:12.238981,VIN-914648,1990,90,NONE
2026-07-31 03:55:13.238981,VIN-238679,2293,90,NONE
2026-07-31 03:55:14.238981,VIN-467033,2259,89,NONE
2026-07-31 03:55:15.238981,VIN-611418,2445,101,NONE
2026-07-31 03:55:16.238981,VIN-096729,3029,96,NONE
2026-07-31 03:55:17.238981,VIN-469996,2461,93,P0171
2026-07-31 03:55:18.238981,VIN-692552,3171,104,NONE
2026-07-31 03:55:19.238981,VIN-114672,2852,103,NONE
2026-07-31 03:55:20.238981,VIN-317128,2291,88,P0420
2026-07-31 03:55:21.238981,VIN-307050,0,89,NONE
2026-07-31 03:55:22.238981,VIN-719963,1737,102,NONE
2026-07-31 03:55:23.238981,VIN-225328,2873,99,NONE
2026-07-31 03:55:24.238981,VIN-931063,3342,98,P0420
2026-07-31 03:55:25.238981,VIN-831161,2409,89,NONE
2026-07-31 03:55:26.238981,VIN-349378,2338,103,NONE
2026-07-31 03:55:27.238981,VIN-177272,3398,91,NONE
2026-07-31 03:55:28.238981,VIN-993143,3225,87,P0171
2026-07-31 03:55:29.238981,VIN-461337,2838,85,NONE
2026-07-31 03:55:30.238981,VIN-216185,2988,87,NONE
2026-07-31 03:55:31.238981,VIN-767296,1622,96,P0171
2026-07-31 03:55:32.238981,VIN-522344,2523,105,NONE
2026-07-31 03:55:33.238981,VIN-418837,0,95,NONE
2026-07-31 03:55:34.238981,VIN-369488,2840,98,P0300
2026-07-31 03:55:35.238981,VIN-617640,2921,99,P0171
2026-07-31 03:55:36.238981,VIN-663154,2432,85,NONE
2026-07-31 03:55:37.238981,VIN-490749,1652,101,P0420
2026-07-31 03:55:38.238981,VIN-562049,2409,100,P0171
2026-07-31 03:55:39.238981,VIN-097556,1717,97,NONE
2026-07-31 03:55:40.238981,VIN-915706,2268,92,P0420
2026-07-31 03:55:41.238981,VIN-591190,0,105,NONE
2026-07-31 03:55:42.238981,VIN-590496,2422,90,NONE
2026-07-31 03:55:43.238981,VIN-767232,2654,87,NONE
2026-07-31 03:55:44.238981,VIN-912004,3085,88,NONE
2026-07-31 03:55:45.238981,VIN-391972,3122,103,NONE
2026-07-31 03:55:46.238981,VIN-510821,2185,90,NONE
2026-07-31 03:55:47.238981,VIN-454146,3412,105,NONE
2026-07-31 03:55:48.238981,VIN-053364,2477,90,NONE
2026-07-31 03:55:49.238981,VIN-351801,3253,85,NONE
2026-07-31 03:55:50.238981,VIN-228946,2726,86,NONE
2026-07-31 03:55:51.238981,VIN-663279,1525,102,NONE
2026-07-31 03:55:52.238981,VIN-494860,3159,99,NONE
2026-07-31 03:55:53.238981,VIN-954365,3121,94,NONE
2026-07-31 03:55:54.238981,VIN-589441,1757,102,NONE
2026-07-31 03:55:55.238981,VIN-199640,1571,85,P0420
2026-07-31 03:55:56.238981,VIN-988049,3276,89,NONE
2026-07-31 03:55:57.238981,VIN-104157,2544,100,NONE
2026-07-31 03:55:58.238981,VIN-042103,3490,93,NONE
2026-07-31 03:55:59.238981,VIN-679647,2546,89,NONE
2026-07-31 03:56:00.238981,VIN-181877,1537,104,P0300
2026-07-31 03:56:01.238981,VIN-978369,3262,87,NONE
2026-07-31 03:56:02.238981,VIN-054216,3351,87,NONE
2026-07-31 03:56:03.238981,VIN-624880,2444,89,P0300
2026-07-31 03:56:04.238981,VIN-644626,1986,95,P0171
2026-07-31 03:56:05.238981,VIN-473663,1564,102,P0300
2026-07-31 03:56:06.238981,VIN-935560,1529,89,P0420
2026-07-31 03:56:07.238981,VIN-054664,1636,94,P0420
2026-07-31 03:56:08.238981,VIN-441222,2019,93,NONE
2026-07-31 03:56:09.238981,VIN-676484,3059,90,P0420
2026-07-31 03:56:10.238981,VIN-736075,1704,94,P0300
2026-07-31 03:56:11.238981,VIN-755931,2142,100,NONE
2026-07-31 03:56:12.238981,VIN-166855,3455,86,NONE
2026-07-31 03:56:13.238981,VIN-252315,2842,85,NONE
2026-07-31 03:56:14.238981,VIN-393900,2777,87,NONE
2026-07-31 03:56:15.238981,VIN-095021,1786,101,NONE
2026-07-31 03:56:16.238981,VIN-245229,2041,104,P0300
2026-07-31 03:56:17.238981,VIN-172702,3031,91,NONE
2026-07-31 03:56:18.238981,VIN-284682,2118,100,NONE
2026-07-31 03:56:19.238981,VIN-723872,2766,88,P0171
2026-07-31 03:56:20.238981,VIN-806573,1516,101,P0171
2026-07-31 03:56:21.238981,VIN-934258,3088,92,NONE
2026-07-31 03:56:22.238981,VIN-528007,1654,86,NONE
2026-07-31 03:56:23.238981,VIN-603237,1859,96,NONE
2026-07-31 03:56:24.238981,VIN-884969,2538,85,NONE
2026-07-31 03:56:25.238981,VIN-532009,3131,99,P0420
2026-07-31 03:56:26.238981,VIN-014367,2345,103,NONE
2026-07-31 03:56:27.238981,VIN-670124,0,86,P0300
2026-07-31 03:56:28.238981,VIN-131258,2555,89,NONE
2026-07-31 03:56:29.238981,VIN-564190,3048,105,NONE
2026-07-31 03:56:30.238981,VIN-316966,2994,96,NONE
2026-07-31 03:56:31.238981,VIN-047152,3359,102,P0171
2026-07-31 03:56:32.238981,VIN-292672,3390,102,NONE
2026-07-31 03:56:33.238981,VIN-115975,3274,96,NONE
2026-07-31 03:56:34.238981,VIN-507651,2014,93,NONE
2026-07-31 03:56:35.238981,VIN-692765,2131,95,NONE
2026-07-31 03:56:36.238981,VIN-603847,3049,91,NONE
2026-07-31 03:56:37.238981,VIN-078645,3341,91,P0420
2026-07-31 03:56:38.238981,VIN-453374,1688,103,P0171
2026-07-31 03:56:39.238981,VIN-416249,3161,86,P0300
2026-07-31 03:56:40.238981,VIN-483530,3310,97,NONE
2026-07-31 03:56:41.238981,VIN-787723,3456,103,NONE
2026-07-31 03:56:42.238981,VIN-318810,2843,87,NONE
2026-07-31 03:56:43.238981,VIN-561749,1844,102,NONE
2026-07-31 03:56:44.238981,VIN-960431,1838,105,NONE
2026-07-31 03:56:45.238981,VIN-723020,2974,95,NONE
2026-07-31 03:56:46.238981,VIN-076522,3474,97,NONE
2026-07-31 03:56:47.238981,VIN-898119,2504,100,P0171
2026-07-31 03:56:48.238981,VIN-624768,2273,98,P0300
2026-07-31 03:56:49.238981,VIN-042463,2836,105,P0420
2026-07-31 03:56:50.238981,VIN-135782,3008,102,NONE
2026-07-31 03:56:51.238981,VIN-294935,3279,98,NONE
2026-07-31 03:56:52.238981,VIN-321963,1994,99,NONE
2026-07-31 03:56:53.238981,VIN-091909,1897,95,P0420
2026-07-31 03:56:54.238981,VIN-130662,2975,99,P0300
2026-07-31 03:56:55.238981,VIN-344044,3319,97,NONE
2026-07-31 03:56:56.238981,VIN-936364,2603,89,NONE
2026-07-31 03:56:57.238981,VIN-114525,1521,105,P0420
2026-07-31 03:56:58.238981,VIN-087123,2607,103,P0420
2026-07-31 03:56:59.238981,VIN-033114,1748,85,P0420
2026-07-31 03:57:00.238981,VIN-719378,3372,99,NONE
2026-07-31 03:57:01.238981,VIN-609050,2017,97,P0300
2026-07-31 03:57:02.238981,VIN-814982,2468,98,P0420
2026-07-31 03:57:03.238981,VIN-988133,2275,99,P0171
2026-07-31 03:57:04.238981,VIN-843831,3250,98,NONE
2026-07-31 03:57:05.238981,VIN-883222,1758,105,NONE
2026-07-31 03:57:06.238981,VIN-275551,2759,99,P0420
2026-07-31 03:57:07.238981,VIN-848947,1506,104,P0171
2026-07-31 03:57:08.238981,VIN-863232,3109,87,P0171
2026-07-31 03:57:09.238981,VIN-720752,1995,87,NONE
2026-07-31 03:57:10.238981,VIN-665915,2130,90,NONE
2026-07-31 03:57:11.238981,VIN-050412,3268,104,NONE
2026-07-31 03:57:12.238981,VIN-866837,3093,103,P0420
2026-07-31 03:57:13.238981,VIN-322281,3325,94,P0300
2026-07-31 03:57:14.238981,VIN-560453,3067,97,NONE
2026-07-31 03:57:15.238981,VIN-060680,2366,99,NONE
2026-07-31 03:57:16.238981,VIN-270188,2095,103,NONE
2026-07-31 03:57:17.238981,VIN-925591,2221,104,P0420
2026-07-31 03:57:18.238981,VIN-386978,2508,100,NONE
2026-07-31 03:57:19.238981,VIN-879537,2992,92,P0420
2026-07-31 03:57:20.238981,VIN-326571,2175,87,P0171
2026-07-31 03:57:21.238981,VIN-427681,1592,98,NONE
2026-07-31 03:57:22.238981,VIN-226285,1606,105,NONE
2026-07-31 03:57:23.238981,VIN-030904,3033,95,NONE
2026-07-31 03:57:24.238981,VIN-730990,3341,96,NONE
2026-07-31 03:57:25.238981,VIN-999828,2261,88,NONE
2026-07-31 03:57:26.238981,VIN-952777,2473,86,NONE
2026-07-31 03:57:27.238981,VIN-130632,1899,101,P0300
2026-07-31 03:57:28.238981,VIN-011843,2150,85,NONE
2026-07-31 03:57:29.238981,VIN-702336,3471,95,NONE
2026-07-31 03:57:30.238981,VIN-836249,2926,104,NONE
2026-07-31 03:57:31.238981,VIN-868588,1754,88,NONE
2026-07-31 03:57:32.238981,VIN-559946,3497,91,NONE
2026-07-31 03:57:33.238981,VIN-771203,3101,100,P0171
2026-07-31 03:57:34.238981,VIN-327897,3226,99,NONE
2026-07-31 03:57:35.238981,VIN-224745,3227,94,NONE
2026-07-31 03:57:36.238981,VIN-700063,3473,104,P0300
2026-07-31 03:57:37.238981,VIN-222794,0,87,P0420
2026-07-31 03:57:38.238981,VIN-525519,3182,88,NONE
2026-07-31 03:57:39.238981,VIN-156917,1579,95,P0171
2026-07-31 03:57:40.238981,VIN-392455,3310,90,P0420
2026-07-31 03:57:41.238981,VIN-727712,0,88,P0171
2026-07-31 03:57:42.238981,VIN-163221,1589,86,NONE
2026-07-31 03:57:43.238981,VIN-829775,2649,105,NONE
2026-07-31 03:57:44.238981,VIN-331816,2229,105,NONE
2026-07-31 03:57:45.238981,VIN-343766,3023,95,P0171
2026-07-31 03:57:46.238981,VIN-206451,3424,91,P0171
2026-07-31 03:57:47.238981,VIN-877308,2085,91,P0420
2026-07-31 03:57:48.238981,VIN-431915,1872,91,NONE
2026-07-31 03:57:49.238981,VIN-109603,3316,96,P0300
2026-07-31 03:57:50.238981,VIN-483676,3252,102,P0171
2026-07-31 03:57:51.238981,VIN-156515,1888,104,NONE
2026-07-31 03:57:52.238981,VIN-894846,1917,94,NONE
2026-07-31 03:57:53.238981,VIN-331200,1872,98,NONE
2026-07-31 03:57:54.238981,VIN-530829,2863,92,P0171
2026-07-31 03:57:55.238981,VIN-453342,2220,96,NONE
2026-07-31 03:57:56.238981,VIN-707858,2113,96,NONE
2026-07-31 03:57:57.238981,VIN-772427,1745,95,NONE
2026-07-31 03:57:58.238981,VIN-095167,3191,105,P0171
2026-07-31 03:57:59.238981,VIN-622462,3283,97,NONE
2026-07-31 03:58:00.238981,VIN-271220,2424,100,NONE
2026-07-31 03:58:01.238981,VIN-880250,1617,90,P0420
2026-07-31 03:58:02.238981,VIN-362782,2047,86,NONE
2026-07-31 03:58:03.238981,VIN-990931,1635,105,NONE
2026-07-31 03:58:04.238981,VIN-178834,2188,99,NONE
2026-07-31 03:58:05.238981,VIN-460142,2914,92,P0420
2026-07-31 03:58:06.238981,VIN-519383,1749,102,NONE
2026-07-31 03:58:07.238981,VIN-975089,2179,92,NONE
2026-07-31 03:58:08.238981,VIN-537946,2889,94,NONE
2026-07-31 03:58:09.238981,VIN-744252,3221,87,P0420
2026-07-31 03:58:10.238981,VIN-159108,2810,88,NONE
2026-07-31 03:58:11.238981,VIN-509395,2963,86,NONE
2026-07-31 03:58:12.238981,VIN-679167,1892,85,NONE
2026-07-31 03:58:13.238981,VIN-459455,2082,96,NONE
2026-07-31 03:58:14.238981,VIN-226132,2826,104,P0171
2026-07-31 03:58:15.238981,VIN-181588,0,98,P0171
2026-07-31 03:58:16.238981,VIN-132035,2380,104,P0420
2026-07-31 03:58:17.238981,VIN-352770,1611,101,P0420
2026-07-31 03:58:18.238981,VIN-987146,2745,94,P0300
2026-07-31 03:58:19.238981,VIN-947224,3017,92,NONE
2026-07-31 03:58:20.238981,VIN-269798,2077,99,P0300
2026-07-31 03:58:21.238981,VIN-366846,2472,97,NONE
2026-07-31 03:58:22.238981,VIN-079979,2867,103,NONE
2026-07-31 03:58:23.238981,VIN-925123,2039,102,NONE
2026-07-31 03:58:24.238981,VIN-219827,2923,88,NONE
2026-07-31 03:58:25.238981,VIN-111638,1816,89,NONE
2026-07-31 03:58:26.238981,VIN-332971,3027,98,P0420
2026-07-31 03:58:27.238981,VIN-682574,0,95,P0300
2026-07-31 03:58:28.238981,VIN-575032,2315,103,P0420
2026-07-31 03:58:29.238981,VIN-081361,1716,97,NONE
2026-07-31 03:58:30.238981,VIN-639527,3216,104,P0420
2026-07-31 03:58:31.238981,VIN-717549,2330,88,P0420
2026-07-31 03:58:32.238981,VIN-601039,2253,91,NONE
2026-07-31 03:58:33.238981,VIN-037557,2065,96,P0420
2026-07-31 03:58:34.238981,VIN-873410,2220,102,NONE
2026-07-31 03:58:35.238981,VIN-124169,2242,94,P0171
2026-07-31 03:58:36.238981,VIN-471742,1783,104,NONE
2026-07-31 03:58:37.238981,VIN-202668,2634,92,P0300
2026-07-31 03:58:38.238981,VIN-386240,3301,98,NONE
2026-07-31 03:58:39.238981,VIN-296161,2924,97,NONE
2026-07-31 03:58:40.238981,VIN-142713,3057,98,NONE
2026-07-31 03:58:41.238981,VIN-057772,2663,92,P0171
2026-07-31 03:58:42.238981,VIN-394541,1763,91,P0300
2026-07-31 03:58:43.238981,VIN-622383,1848,92,P0171
2026-07-31 03:58:44.238981,VIN-124963,2346,85,P0420
2026-07-31 03:58:45.238981,VIN-357498,1653,94,P0420
2026-07-31 03:58:46.238981,VIN-496019,3104,87,NONE
2026-07-31 03:58:47.238981,VIN-074837,2576,91,NONE
2026-07-31 03:58:48.238981,VIN-426339,1893,98,NONE
2026-07-31 03:58:49.238981,VIN-050928,2502,91,P0300
2026-07-31 03:58:50.238981,VIN-454371,1903,87,P0420
2026-07-31 03:58:51.238981,VIN-667485,1876,100,P0420
2026-07-31 03:58:52.238981,VIN-919751,2419,97,P0300
2026-07-31 03:58:53.238981,VIN-517877,3062,85,NONE
2026-07-31 03:58:54.238981,VIN-755292,2097,97,NONE
2026-07-31 03:58:55.238981,VIN-629869,1696,91,NONE
2026-07-31 03:58:56.238981,VIN-616849,3494,96,NONE
2026-07-31 03:58:57.238981,VIN-339100,1654,103,NONE
2026-07-31 03:58:58.238981,VIN-190522,1546,100,NONE
2026-07-31 03:58:59.238981,VIN-011924,3469,86,P0420
2026-07-31 03:59:00.238981,VIN-360906,2310,97,NONE
2026-07-31 03:59:01.238981,VIN-767048,3460,88,NONE
2026-07-31 03:59:02.238981,VIN-003963,3466,101,NONE
2026-07-31 03:59:03.238981,VIN-968888,2066,101,NONE
2026-07-31 03:59:04.238981,VIN-113089,2401,97,NONE
2026-07-31 03:59:05.238981,VIN-813408,3377,91,P0300
2026-07-31 03:59:06.238981,VIN-236426,2321,100,NONE
2026-07-31 03:59:07.238981,VIN-995804,2869,99,P0171
2026-07-31 03:59:08.238981,VIN-920981,1826,101,P0300
2026-07-31 03:59:09.238981,VIN-689254,0,98,NONE
2026-07-31 03:59:10.238981,VIN-224627,2278,100,P0420
2026-07-31 03:59:11.238981,VIN-074941,1753,85,P0171
2026-07-31 03:59:12.238981,VIN-422100,3480,102,P0300
2026-07-31 03:59:13.238981,VIN-280710,3373,97,P0420
2026-07-31 03:59:14.238981,VIN-247966,3465,92,P0300
2026-07-31 03:59:15.238981,VIN-706364,1981,99,NONE
2026-07-31 03:59:16.238981,VIN-320138,3205,88,NONE
2026-07-31 03:59:17.238981,VIN-729968,3176,101,NONE
2026-07-31 03:59:18.238981,VIN-028252,0,86,P0420
2026-07-31 03:59:19.238981,VIN-804372,0,100,NONE
2026-07-31 03:59:20.238981,VIN-434458,3455,103,NONE
2026-07-31 03:59:21.238981,VIN-386433,2547,88,P0171
2026-07-31 03:59:22.238981,VIN-237904,1799,94,NONE
2026-07-31 03:59:23.238981,VIN-836712,2794,89,NONE
2026-07-31 03:59:24.238981,VIN-928139,2833,105,P0420
2026-07-31 03:59:25.238981,VIN-934713,2165,86,P0171
2026-07-31 03:59:26.238981,VIN-058028,1922,90,NONE
2026-07-31 03:59:27.238981,VIN-993919,2883,85,P0420
2026-07-31 03:59:28.238981,VIN-071415,2070,86,P0300
2026-07-31 03:59:29.238981,VIN-143102,2797,90,P0420
2026-07-31 03:59:30.238981,VIN-984236,2085,85,P0171
2026-07-31 03:59:31.238981,VIN-614660,1851,91,NONE
2026-07-31 03:59:32.238981,VIN-841647,1940,86,NONE
2026-07-31 03:59:33.238981,VIN-804820,2904,99,P0300
2026-07-31 03:59:34.238981,VIN-545638,3305,95,P0171
2026-07-31 03:59:35.238981,VIN-714988,3097,96,NONE
2026-07-31 03:59:36.238981,VIN-522380,0,96,NONE
2026-07-31 03:59:37.238981,VIN-999615,2953,98,P0300
2026-07-31 03:59:38.238981,VIN-496700,1605,101,NONE
2026-07-31 03:59:39.238981,VIN-993126,1930,96,NONE
2026-07-31 03:59:40.238981,VIN-743359,2597,102,NONE
2026-07-31 03:59:41.238981,VIN-352927,1725,92,NONE
2026-07-31 03:59:42.238981,VIN-528632,3078,93,P0420
2026-07-31 03:59:43.238981,VIN-426906,2696,105,NONE
2026-07-31 03:59:44.238981,VIN-022711,0,103,NONE
2026-07-31 03:59:45.238981,VIN-162289,2872,97,P0420
2026-07-31 03:59:46.238981,VIN-437131,1629,104,P0300
2026-07-31 03:59:47.238981,VIN-352397,0,98,NONE
2026-07-31 03:59:48.238981,VIN-910040,2740,100,P0300
2026-07-31 03:59:49.238981,VIN-441498,1707,92,NONE
2026-07-31 03:59:50.238981,VIN-261216,3325,96,NONE
2026-07-31 03:59:51.238981,VIN-274907,1939,86,NONE
2026-07-31 03:59:52.238981,VIN-055460,3409,92,NONE
2026-07-31 03:59:53.238981,VIN-751085,1771,91,NONE
2026-07-31 03:59:54.238981,VIN-091193,1909,89,P0171
2026-07-31 03:59:55.238981,VIN-717235,2834,97,NONE
2026-07-31 03:59:56.238981,VIN-044009,2673,87,NONE
2026-07-31 03:59:57.238981,VIN-098521,1679,104,NONE
2026-07-31 03:59:58.238981,VIN-296964,2630,99,NONE
2026-07-31 03:59:59.238981,VIN-834802,2831,88,NONE
2026-07-31 04:00:00.238981,VIN-943755,1950,92,NONE
2026-07-31 04:00:01.238981,VIN-819539,1806,92,P0171
2026-07-31 04:00:02.238981,VIN-026502,2370,95,NONE
2026-07-31 04:00:03.238981,VIN-993980,2143,88,P0300
2026-07-31 04:00:04.238981,VIN-131626,3353,98,NONE
2026-07-31 04:00:05.238981,VIN-144994,1740,101,NONE
2026-07-31 04:00:06.238981,VIN-734859,1544,86,NONE
2026-07-31 04:00:07.238981,VIN-576392,1553,96,P0300
2026-07-31 04:00:08.238981,VIN-233683,0,88,P0171
2026-07-31 04:00:09.238981,VIN-306540,2346,92,P0420
2026-07-31 04:00:10.238981,VIN-295162,2292,85,NONE
2026-07-31 04:00:11.238981,VIN-963435,2175,98,NONE
2026-07-31 04:00:12.238981,VIN-430943,1986,91,NONE
2026-07-31 04:00:13.238981,VIN-291260,3241,89,P0420
2026-07-31 04:00:14.238981,VIN-399315,3235,85,NONE
2026-07-31 04:00:15.238981,VIN-007372,3082,104,NONE
2026-07-31 04:00:16.238981,VIN-955632,3284,102,NONE
2026-07-31 04:00:17.238981,VIN-727335,1917,85,P0300
2026-07-31 04:00:18.238981,VIN-735004,1941,98,NONE
2026-07-31 04:00:19.238981,VIN-359883,3122,95,P0300
2026-07-31 04:00:20.238981,VIN-286343,3344,90,NONE
2026-07-31 04:00:21.238981,VIN-547544,2769,90,P0300
2026-07-31 04:00:22.238981,VIN-496491,1512,90,NONE
2026-07-31 04:00:23.238981,VIN-881683,3088,102,P0300
2026-07-31 04:00:24.238981,VIN-708008,2839,103,NONE
2026-07-31 04:00:25.238981,VIN-246528,2416,85,NONE
2026-07-31 04:00:26.238981,VIN-661132,2798,91,NONE
2026-07-31 04:00:27.238981,VIN-618145,2369,105,P0420
2026-07-31 04:00:28.238981,VIN-232073,3044,92,NONE
2026-07-31 04:00:29.238981,VIN-208365,0,90,P0171
2026-07-31 04:00:30.238981,VIN-130084,3202,104,NONE
2026-07-31 04:00:31.238981,VIN-005804,2555,90,NONE
2026-07-31 04:00:32.238981,VIN-341255,1762,88,P0300
2026-07-31 04:00:33.238981,VIN-646116,3485,90,NONE
2026-07-31 04:00:34.238981,VIN-144811,2572,88,NONE
2026-07-31 04:00:35.238981,VIN-602440,3125,93,P0300
2026-07-31 04:00:36.238981,VIN-453462,1523,86,NONE
2026-07-31 04:00:37.238981,VIN-274584,1884,85,NONE
2026-07-31 04:00:38.238981,VIN-138462,2679,96,NONE
2026-07-31 04:00:39.238981,VIN-037392,3223,95,NONE
2026-07-31 04:00:40.238981,VIN-461234,3248,91,NONE
2026-07-31 04:00:41.238981,VIN-698158,1978,97,P0171
2026-07-31 04:00:42.238981,VIN-167132,1724,97,NONE
2026-07-31 04:00:43.238981,VIN-877672,1820,95,P0300
2026-07-31 04:00:44.238981,VIN-888618,1828,89,NONE
2026-07-31 04:00:45.238981,VIN-304621,2068,98,NONE
2026-07-31 04:00:46.238981,VIN-079878,2520,87,P0300
2026-07-31 04:00:47.238981,VIN-242302,2228,99,NONE
2026-07-31 04:00:48.238981,VIN-568074,1904,101,P0420
2026-07-31 04:00:49.238981,VIN-312912,1593,99,NONE
2026-07-31 04:00:50.238981,VIN-735581,1807,104,P0420
2026-07-31 04:00:51.238981,VIN-737915,2401,85,P0300
2026-07-31 04:00:52.238981,VIN-443620,2445,85,NONE
2026-07-31 04:00:53.238981,VIN-697517,0,90,NONE
2026-07-31 04:00:54.238981,VIN-803441,1529,93,NONE
2026-07-31 04:00:55.238981,VIN-572760,3020,105,P0171
2026-07-31 04:00:56.238981,VIN-678617,3287,87,P0171
2026-07-31 04:00:57.238981,VIN-899840,2883,87,P0171
2026-07-31 04:00:58.238981,VIN-942295,2535,96,P0300
2026-07-31 04:00:59.238981,VIN-526919,2132,96,P0300
2026-07-31 04:01:00.238981,VIN-029638,1691,95,P0171
2026-07-31 04:01:01.238981,VIN-744138,0,101,NONE
2026-07-31 04:01:02.238981,VIN-096502,3232,87,P0171
2026-07-31 04:01:03.238981,VIN-606043,2782,88,NONE
2026-07-31 04:01:04.238981,VIN-773158,0,95,NONE
2026-07-31 04:01:05.238981,VIN-588704,2559,100,P0300
2026-07-31 04:01:06.238981,VIN-806115,2854,101,NONE
2026-07-31 04:01:07.238981,VIN-040933,1948,99,P0171
2026-07-31 04:01:08.238981,VIN-328151,2497,89,P0300
2026-07-31 04:01:09.238981,VIN-646298,2228,94,NONE
2026-07-31 04:01:10.238981,VIN-150378,2976,91,P0420
2026-07-31 04:01:11.238981,VIN-214555,0,104,NONE
2026-07-31 04:01:12.238981,VIN-758610,3373,93,P0300
2026-07-31 04:01:13.238981,VIN-075641,2823,101,P0300
2026-07-31 04:01:14.238981,VIN-977148,3234,90,P0300
2026-07-31 04:01:15.238981,VIN-039904,2172,88,P0300
2026-07-31 04:01:16.238981,VIN-309521,1891,104,P0300
2026-07-31 04:01:17.238981,VIN-201696,1523,104,NONE
2026-07-31 04:01:18.238981,VIN-416542,3305,98,NONE
2026-07-31 04:01:19.238981,VIN-258351,1994,91,NONE
2026-07-31 04:01:20.238981,VIN-501784,1588,101,NONE
2026-07-31 04:01:21.238981,VIN-584931,2182,97,P0420
2026-07-31 04:01:22.238981,VIN-747471,0,102,P0420
2026-07-31 04:01:23.238981,VIN-027204,2244,91,NONE
2026-07-31 04:01:24.238981,VIN-126547,3275,102,NONE
2026-07-31 04:01:25.238981,VIN-607211,2525,99,P0420
2026-07-31 04:01:26.238981,VIN-973655,1676,97,P0171
2026-07-31 04:01:27.238981,VIN-247847,2162,103,NONE
2026-07-31 04:01:28.238981,VIN-823373,2503,85,NONE
2026-07-31 04:01:29.238981,VIN-296498,2930,102,P0420
2026-07-31 04:01:30.238981,VIN-847110,2371,98,NONE
2026-07-31 04:01:31.238981,VIN-396613,2750,97,NONE
2026-07-31 04:01:32.238981,VIN-156503,2806,93,P0420
2026-07-31 04:01:33.238981,VIN-924130,3060,87,P0300
2026-07-31 04:01:34.238981,VIN-602476,3395,90,NONE
2026-07-31 04:01:35.238981,VIN-715127,3057,86,P0420
2026-07-31 04:01:36.238981,VIN-766841,2890,102,NONE
2026-07-31 04:01:37.238981,VIN-989245,1648,95,NONE
2026-07-31 04:01:38.238981,VIN-871017,2255,87,NONE
2026-07-31 04:01:39.238981,VIN-726386,2701,101,NONE
2026-07-31 04:01:40.238981,VIN-558948,2465,104,P0420
2026-07-31 04:01:41.238981,VIN-371198,1596,89,P0300
2026-07-31 04:01:42.238981,VIN-851793,2185,103,NONE
2026-07-31 04:01:43.238981,VIN-738463,2602,95,P0171
2026-07-31 04:01:44.238981,VIN-757402,3182,89,NONE
2026-07-31 04:01:45.238981,VIN-602172,2188,100,NONE
2026-07-31 04:01:46.238981,VIN-972227,2639,93,NONE
2026-07-31 04:01:47.238981,VIN-460554,3382,95,P0300
2026-07-31 04:01:48.238981,VIN-930871,2155,93,P0171
2026-07-31 04:01:49.238981,VIN-657560,2098,96,P0171
2026-07-31 04:01:50.238981,VIN-252770,0,95,NONE
2026-07-31 04:01:51.238981,VIN-692445,1824,103,NONE
2026-07-31 04:01:52.238981,VIN-099628,1980,95,P0300
2026-07-31 04:01:53.238981,VIN-692642,0,88,P0300
2026-07-31 04:01:54.238981,VIN-463704,2707,87,NONE
2026-07-31 04:01:55.238981,VIN-571779,3449,89,NONE
2026-07-31 04:01:56.238981,VIN-026791,3323,89,P0300
2026-07-31 04:01:57.238981,VIN-679291,1810,90,P0420
2026-07-31 04:01:58.238981,VIN-802466,1536,105,NONE
2026-07-31 04:01:59.238981,VIN-754849,2977,104,NONE
2026-07-31 04:02:00.238981,VIN-172346,1863,91,NONE
2026-07-31 04:02:01.238981,VIN-730204,1879,104,NONE
2026-07-31 04:02:02.238981,VIN-815670,3453,94,NONE
2026-07-31 04:02:03.238981,VIN-336412,1897,97,NONE
2026-07-31 04:02:04.238981,VIN-415071,2713,97,NONE
2026-07-31 04:02:05.238981,VIN-530481,2970,102,NONE
2026-07-31 04:02:06.238981,VIN-593050,3183,102,NONE
2026-07-31 04:02:07.238981,VIN-172432,2849,102,NONE
2026-07-31 04:02:08.238981,VIN-776435,1574,89,NONE
2026-07-31 04:02:09.238981,VIN-844098,0,93,NONE
2026-07-31 04:02:10.238981,VIN-154501,2640,103,P0420
2026-07-31 04:02:11.238981,VIN-184567,2760,96,NONE
2026-07-31 04:02:12.238981,VIN-935203,1805,99,NONE
2026-07-31 04:02:13.238981,VIN-496336,1986,99,NONE
2026-07-31 04:02:14.238981,VIN-196704,1814,102,NONE
2026-07-31 04:02:15.238981,VIN-449759,1628,99,P0420
2026-07-31 04:02:16.238981,VIN-913875,1816,105,NONE
2026-07-31 04:02:17.238981,VIN-375640,3067,88,NONE
2026-07-31 04:02:18.238981,VIN-004164,3162,88,P0420
2026-07-31 04:02:19.238981,VIN-726845,1864,99,NONE
2026-07-31 04:02:20.238981,VIN-245550,1955,103,NONE
2026-07-31 04:02:21.238981,VIN-397048,2717,86,P0420
2026-07-31 04:02:22.238981,VIN-336934,1944,87,NONE
2026-07-31 04:02:23.238981,VIN-436094,2592,97,P0300
2026-07-31 04:02:24.238981,VIN-549660,2391,96,NONE
2026-07-31 04:02:25.238981,VIN-253088,2755,104,NONE
2026-07-31 04:02:26.238981,VIN-588128,2698,99,P0300
2026-07-31 04:02:27.238981,VIN-679200,2552,91,P0420
2026-07-31 04:02:28.238981,VIN-363668,2922,105,NONE
2026-07-31 04:02:29.238981,VIN-542301,3264,97,P0420
2026-07-31 04:02:30.238981,VIN-616783,3102,93,P0420
2026-07-31 04:02:31.238981,VIN-115840,2185,85,P0420
2026-07-31 04:02:32.238981,VIN-587395,1674,89,P0300
2026-07-31 04:02:33.238981,VIN-802194,2988,85,NONE
2026-07-31 04:02:34.238981,VIN-548312,2156,104,NONE
2026-07-31 04:02:35.238981,VIN-705807,1911,105,NONE
2026-07-31 04:02:36.238981,VIN-242897,3266,91,P0300
2026-07-31 04:02:37.238981,VIN-797152,2567,95,NONE
2026-07-31 04:02:38.238981,VIN-675981,1733,102,NONE
2026-07-31 04:02:39.238981,VIN-998686,3475,90,P0420
2026-07-31 04:02:40.238981,VIN-415399,2389,97,NONE
2026-07-31 04:02:41.238981,VIN-397531,3377,86,NONE
2026-07-31 04:02:42.238981,VIN-714551,3261,99,P0420
2026-07-31 04:02:43.238981,VIN-812120,2873,101,P0171
2026-07-31 04:02:44.238981,VIN-953009,1821,86,NONE
2026-07-31 04:02:45.238981,VIN-448215,3027,85,P0300
2026-07-31 04:02:46.238981,VIN-546443,3201,96,NONE
2026-07-31 04:02:47.238981,VIN-088375,1685,100,P0420
2026-07-31 04:02:48.238981,VIN-767629,2200,104,NONE
2026-07-31 04:02:49.238981,VIN-205074,1842,89,NONE
2026-07-31 04:02:50.238981,VIN-478271,1748,101,NONE
2026-07-31 04:02:51.238981,VIN-652347,3442,92,NONE
2026-07-31 04:02:52.238981,VIN-082514,3149,86,P0171
2026-07-31 04:02:53.238981,VIN-360350,3103,95,NONE
2026-07-31 04:02:54.238981,VIN-114763,3093,86,NONE
2026-07-31 04:02:55.238981,VIN-786358,2964,94,P0171
2026-07-31 04:02:56.238981,VIN-275401,3079,103,NONE
2026-07-31 04:02:57.238981,VIN-208408,3221,90,P0300
2026-07-31 04:02:58.238981,VIN-953860,2674,85,NONE
2026-07-31 04:02:59.238981,VIN-168021,3289,88,NONE
2026-07-31 04:03:00.238981,VIN-208584,1915,103,NONE
2026-07-31 04:03:01.238981,VIN-257896,1948,103,NONE
2026-07-31 04:03:02.238981,VIN-112428,2481,90,P0171
2026-07-31 04:03:03.238981,VIN-442162,2896,105,NONE
2026-07-31 04:03:04.238981,VIN-301317,1610,86,NONE
2026-07-31 04:03:05.238981,VIN-689109,1827,104,P0420
2026-07-31 04:03:06.238981,VIN-478404,0,101,NONE
2026-07-31 04:03:07.238981,VIN-889663,3149,102,NONE
2026-07-31 04:03:08.238981,VIN-274022,3305,104,NONE
2026-07-31 04:03:09.238981,VIN-305735,2334,100,NONE
2026-07-31 04:03:10.238981,VIN-382835,2272,91,P0300
2026-07-31 04:03:11.238981,VIN-821929,2871,92,NONE
2026-07-31 04:03:12.238981,VIN-776666,1978,92,P0171
2026-07-31 04:03:13.238981,VIN-805786,1878,101,P0420
2026-07-31 04:03:14.238981,VIN-127156,1575,94,NONE
2026-07-31 04:03:15.238981,VIN-852724,3405,100,P0300
2026-07-31 04:03:16.238981,VIN-452365,2940,91,NONE
2026-07-31 04:03:17.238981,VIN-391541,2347,87,P0300
2026-07-31 04:03:18.238981,VIN-530713,0,99,NONE
2026-07-31 04:03:19.238981,VIN-088562,2732,89,P0171
2026-07-31 04:03:20.238981,VIN-588590,3350,93,NONE
2026-07-31 04:03:21.238981,VIN-830630,2689,90,P0420
2026-07-31 04:03:22.238981,VIN-781889,3414,86,NONE
2026-07-31 04:03:23.238981,VIN-980051,2021,92,P0171
2026-07-31 04:03:24.238981,VIN-860595,3256,90,NONE
2026-07-31 04:03:25.238981,VIN-363369,3086,93,P0300
2026-07-31 04:03:26.238981,VIN-012580,1868,100,NONE
2026-07-31 04:03:27.238981,VIN-958020,0,94,P0420
2026-07-31 04:03:28.238981,VIN-253111,3229,96,NONE
2026-07-31 04:03:29.238981,VIN-688412,2050,97,P0420
2026-07-31 04:03:30.238981,VIN-023005,3323,104,NONE
2026-07-31 04:03:31.238981,VIN-480009,2016,91,NONE
2026-07-31 04:03:32.238981,VIN-249949,1925,90,NONE
2026-07-31 04:03:33.238981,VIN-114602,1675,96,P0171
2026-07-31 04:03:34.238981,VIN-660421,1501,88,NONE
2026-07-31 04:03:35.238981,VIN-326254,2766,88,P0300
2026-07-31 04:03:36.238981,VIN-756071,1883,94,P0420
2026-07-31 04:03:37.238981,VIN-169574,1805,104,NONE
2026-07-31 04:03:38.238981,VIN-393676,2357,105,NONE
2026-07-31 04:03:39.238981,VIN-813607,2153,95,NONE
2026-07-31 04:03:40.238981,VIN-904145,2566,95,P0300
2026-07-31 04:03:41.238981,VIN-281984,3420,86,P0300
2026-07-31 04:03:42.238981,VIN-428309,1683,102,NONE
2026-07-31 04:03:43.238981,VIN-827216,0,104,P0420
2026-07-31 04:03:44.238981,VIN-460725,2756,94,P0171
2026-07-31 04:03:45.238981,VIN-986466,2422,101,NONE
2026-07-31 04:03:46.238981,VIN-306450,3217,105,NONE
2026-07-31 04:03:47.238981,VIN-989223,3128,105,NONE
2026-07-31 04:03:48.238981,VIN-854797,1965,94,NONE
2026-07-31 04:03:49.238981,VIN-860641,3246,87,P0300
2026-07-31 04:03:50.238981,VIN-547635,1574,97,P0171
2026-07-31 04:03:51.238981,VIN-343242,1702,103,P0171
2026-07-31 04:03:52.238981,VIN-937724,2403,98,NONE
2026-07-31 04:03:53.238981,VIN-610554,1983,95,P0171
2026-07-31 04:03:54.238981,VIN-448231,3018,98,NONE
2026-07-31 04:03:55.238981,VIN-587544,2525,102,P0300
2026-07-31 04:03:56.238981,VIN-104997,1769,99,P0300
2026-07-31 04:03:57.238981,VIN-006067,3046,98,P0171
2026-07-31 04:03:58.238981,VIN-428644,1601,92,NONE
2026-07-31 04:03:59.238981,VIN-562866,1968,104,NONE
2026-07-31 04:04:00.238981,VIN-345074,2594,104,NONE
2026-07-31 04:04:01.238981,VIN-722735,2888,104,P0420
2026-07-31 04:04:02.238981,VIN-870129,2598,92,NONE
2026-07-31 04:04:03.238981,VIN-374636,3108,100,NONE
2026-07-31 04:04:04.238981,VIN-232847,2576,99,NONE
2026-07-31 04:04:05.238981,VIN-531753,2824,91,P0420
2026-07-31 04:04:06.238981,VIN-031321,1920,99,NONE
2026-07-31 04:04:07.238981,VIN-523767,0,88,P0300
2026-07-31 04:04:08.238981,VIN-219113,3024,93,P0171
2026-07-31 04:04:09.238981,VIN-692159,2538,103,NONE
2026-07-31 04:04:10.238981,VIN-539252,1723,94,P0300
2026-07-31 04:04:11.238981,VIN-962463,3389,104,NONE
2026-07-31 04:04:12.238981,VIN-483000,2783,102,NONE
2026-07-31 04:04:13.238981,VIN-653648,2521,103,NONE
2026-07-31 04:04:14.238981,VIN-618638,2074,103,NONE
2026-07-31 04:04:15.238981,VIN-841168,2496,94,P0300
2026-07-31 04:04:16.238981,VIN-222670,0,90,NONE
2026-07-31 04:04:17.238981,VIN-725639,3478,85,P0420
2026-07-31 04:04:18.238981,VIN-519550,1883,89,NONE
2026-07-31 04:04:19.238981,VIN-722816,3167,92,NONE
2026-07-31 04:04:20.238981,VIN-399452,2725,99,NONE
2026-07-31 04:04:21.238981,VIN-667131,2606,100,NONE
2026-07-31 04:04:22.238981,VIN-166653,2126,104,NONE
2026-07-31 04:04:23.238981,VIN-052680,1696,96,P0300
2026-07-31 04:04:24.238981,VIN-783801,1793,85,P0420
2026-07-31 04:04:25.238981,VIN-284721,3400,88,P0420
2026-07-31 04:04:26.238981,VIN-595021,1987,104,NONE
2026-07-31 04:04:27.238981,VIN-253752,2383,87,P0300
2026-07-31 04:04:28.238981,VIN-585919,1600,100,NONE
2026-07-31 04:04:29.238981,VIN-305747,1919,104,P0300
2026-07-31 04:04:30.238981,VIN-776388,2338,101,NONE
2026-07-31 04:04:31.238981,VIN-441426,1596,94,P0300
2026-07-31 04:04:32.238981,VIN-347746,2366,93,P0171
2026-07-31 04:04:33.238981,VIN-131386,2512,89,NONE
2026-07-31 04:04:34.238981,VIN-935916,1814,85,NONE
2026-07-31 04:04:35.238981,VIN-125897,2948,89,NONE
2026-07-31 04:04:36.238981,VIN-000013,3235,94,NONE
2026-07-31 04:04:37.238981,VIN-923974,1956,87,NONE
2026-07-31 04:04:38.238981,VIN-488625,1606,95,P0420
2026-07-31 04:04:39.238981,VIN-174868,1862,88,P0420
2026-07-31 04:04:40.238981,VIN-769415,3000,89,P0300
2026-07-31 04:04:41.238981,VIN-275254,2112,94,P0420
2026-07-31 04:04:42.238981,VIN-633989,2385,90,NONE
2026-07-31 04:04:43.238981,VIN-088177,2486,96,P0420
2026-07-31 04:04:44.238981,VIN-588645,3478,87,NONE
2026-07-31 04:04:45.238981,VIN-402653,1783,100,P0300
2026-07-31 04:04:46.238981,VIN-891989,2388,91,NONE
2026-07-31 04:04:47.238981,VIN-748983,1649,95,P0420
2026-07-31 04:04:48.238981,VIN-361081,2019,105,P0420
2026-07-31 04:04:49.238981,VIN-147108,2702,95,P0420
2026-07-31 04:04:50.238981,VIN-734876,2580,97,P0420
2026-07-31 04:04:51.238981,VIN-396401,2940,88,NONE
2026-07-31 04:04:52.238981,VIN-610134,1709,100,NONE
2026-07-31 04:04:53.238981,VIN-950735,1859,88,NONE
2026-07-31 04:04:54.238981,VIN-768284,2948,89,NONE
2026-07-31 04:04:55.238981,VIN-142342,2043,92,P0420
2026-07-31 04:04:56.238981,VIN-793905,2851,94,NONE
2026-07-31 04:04:57.238981,VIN-379883,3466,88,NONE
2026-07-31 04:04:58.238981,VIN-498488,3399,103,NONE
2026-07-31 04:04:59.238981,VIN-412738,3294,105,P0300
2026-07-31 04:05:00.238981,VIN-811236,2390,94,P0171
2026-07-31 04:05:01.238981,VIN-238408,2537,90,NONE
2026-07-31 04:05:02.238981,VIN-665698,2500,100,P0171
2026-07-31 04:05:03.238981,VIN-924479,2673,104,P0420
2026-07-31 04:05:04.238981,VIN-270268,2632,99,NONE
2026-07-31 04:05:05.238981,VIN-564332,2617,95,NONE
2026-07-31 04:05:06.238981,VIN-038692,1749,88,NONE
2026-07-31 04:05:07.238981,VIN-357830,3272,88,NONE
2026-07-31 04:05:08.238981,VIN-910581,3094,93,NONE
2026-07-31 04:05:09.238981,VIN-884748,1865,93,NONE
2026-07-31 04:05:10.238981,VIN-151189,2600,103,NONE
2026-07-31 04:05:11.238981,VIN-884684,1673,100,NONE
2026-07-31 04:05:12.238981,VIN-154600,2009,97,P0171
2026-07-31 04:05:13.238981,VIN-607429,2902,97,NONE
2026-07-31 04:05:14.238981,VIN-892237,1960,103,NONE
2026-07-31 04:05:15.238981,VIN-260959,3060,102,P0171
2026-07-31 04:05:16.238981,VIN-295146,3209,102,NONE
2026-07-31 04:05:17.238981,VIN-843919,0,102,NONE
2026-07-31 04:05:18.238981,VIN-058969,2842,93,P0171
2026-07-31 04:05:19.238981,VIN-715770,1946,100,P0420
2026-07-31 04:05:20.238981,VIN-269903,3134,93,NONE
2026-07-31 04:05:21.238981,VIN-933931,1889,100,NONE
2026-07-31 04:05:22.238981,VIN-259454,2793,92,NONE
2026-07-31 04:05:23.238981,VIN-790320,1843,94,P0171
2026-07-31 04:05:24.238981,VIN-101746,1903,89,NONE
2026-07-31 04:05:25.238981,VIN-599167,3494,90,P0300
2026-07-31 04:05:26.238981,VIN-630347,2090,89,P0420
2026-07-31 04:05:27.238981,VIN-665521,2738,102,P0171
2026-07-31 04:05:28.238981,VIN-097264,1673,90,NONE
2026-07-31 04:05:29.238981,VIN-701516,1759,89,P0171
2026-07-31 04:05:30.238981,VIN-836929,1978,103,P0300
2026-07-31 04:05:31.238981,VIN-135901,0,85,P0300
2026-07-31 04:05:32.238981,VIN-670488,2322,101,P0420
2026-07-31 04:05:33.238981,VIN-912910,2386,89,P0420
2026-07-31 04:05:34.238981,VIN-721470,2914,87,P0171
2026-07-31 04:05:35.238981,VIN-512689,1776,103,NONE
2026-07-31 04:05:36.238981,VIN-920518,2066,93,NONE
2026-07-31 04:05:37.238981,VIN-294656,2906,95,NONE
2026-07-31 04:05:38.238981,VIN-058386,2759,90,NONE
2026-07-31 04:05:39.238981,VIN-218375,2332,103,P0420
2026-07-31 04:05:40.238981,VIN-846286,1964,97,NONE
2026-07-31 04:05:41.238981,VIN-081250,2489,86,P0300
2026-07-31 04:05:42.238981,VIN-569886,0,103,P0300
2026-07-31 04:05:43.238981,VIN-796627,2016,98,NONE
2026-07-31 04:05:44.238981,VIN-022107,2913,102,NONE
2026-07-31 04:05:45.238981,VIN-323668,2724,89,P0171
2026-07-31 04:05:46.238981,VIN-219487,3356,85,P0420
2026-07-31 04:05:47.238981,VIN-096688,1909,90,NONE
2026-07-31 04:05:48.238981,VIN-795093,2618,97,P0420
2026-07-31 04:05:49.238981,VIN-223324,2321,103,P0171
2026-07-31 04:05:50.238981,VIN-349220,3351,101,NONE
2026-07-31 04:05:51.238981,VIN-350296,3254,90,P0420
2026-07-31 04:05:52.238981,VIN-584802,2278,87,NONE
2026-07-31 04:05:53.238981,VIN-032559,1599,86,NONE
2026-07-31 04:05:54.238981,VIN-668252,0,98,P0300
2026-07-31 04:05:55.238981,VIN-176224,2057,93,P0420
2026-07-31 04:05:56.238981,VIN-870708,2601,92,NONE
2026-07-31 04:05:57.238981,VIN-428526,1860,105,NONE
2026-07-31 04:05:58.238981,VIN-639183,2889,91,P0420
2026-07-31 04:05:59.238981,VIN-041421,2449,100,NONE
2026-07-31 04:06:00.238981,VIN-246167,2337,93,NONE
2026-07-31 04:06:01.238981,VIN-372001,2659,91,NONE
2026-07-31 04:06:02.238981,VIN-259570,2593,101,NONE
2026-07-31 04:06:03.238981,VIN-700315,1753,104,NONE
2026-07-31 04:06:04.238981,VIN-757359,2076,92,NONE
2026-07-31 04:06:05.238981,VIN-459058,2613,95,NONE
2026-07-31 04:06:06.238981,VIN-629392,1780,97,NONE
2026-07-31 04:06:07.238981,VIN-842705,3101,93,NONE
2026-07-31 04:06:08.238981,VIN-456836,2286,85,P0171
2026-07-31 04:06:09.238981,VIN-909953,3417,102,P0171
2026-07-31 04:06:10.238981,VIN-266744,2474,103,NONE
2026-07-31 04:06:11.238981,VIN-002500,1905,96,NONE
2026-07-31 04:06:12.238981,VIN-246692,2115,90,NONE
2026-07-31 04:06:13.238981,VIN-876319,3049,88,P0420
2026-07-31 04:06:14.238981,VIN-124297,3229,98,NONE
2026-07-31 04:06:15.238981,VIN-829100,2840,105,NONE
2026-07-31 04:06:16.238981,VIN-610072,2710,89,NONE
2026-07-31 04:06:17.238981,VIN-363165,2592,97,P0171
2026-07-31 04:06:18.238981,VIN-488218,2287,87,P0171
2026-07-31 04:06:19.238981,VIN-400631,1691,89,P0171
2026-07-31 04:06:20.238981,VIN-270924,2848,85,P0420
2026-07-31 04:06:21.238981,VIN-053355,2293,99,P0171
2026-07-31 04:06:22.238981,VIN-474214,1772,94,P0300
2026-07-31 04:06:23.238981,VIN-312119,3117,86,P0171
2026-07-31 04:06:24.238981,VIN-118399,1833,87,NONE
2026-07-31 04:06:25.238981,VIN-061822,2071,98,P0171
2026-07-31 04:06:26.238981,VIN-078385,2078,101,NONE
2026-07-31 04:06:27.238981,VIN-155129,1966,96,NONE
2026-07-31 04:06:28.238981,VIN-969858,2940,86,P0171
2026-07-31 04:06:29.238981,VIN-744431,3082,95,NONE
2026-07-31 04:06:30.238981,VIN-539289,3471,88,NONE
2026-07-31 04:06:31.238981,VIN-376857,1902,104,NONE
2026-07-31 04:06:32.238981,VIN-083645,0,102,P0300
2026-07-31 04:06:33.238981,VIN-135410,1652,91,NONE
2026-07-31 04:06:34.238981,VIN-860863,3044,91,P0420
2026-07-31 04:06:35.238981,VIN-104299,2512,86,P0300
2026-07-31 04:06:36.238981,VIN-283401,3144,99,P0420
2026-07-31 04:06:37.238981,VIN-877553,1821,91,P0171
2026-07-31 04:06:38.238981,VIN-749806,2159,103,NONE
2026-07-31 04:06:39.238981,VIN-955702,2927,105,P0300
2026-07-31 04:06:40.238981,VIN-530350,2147,101,P0420
2026-07-31 04:06:41.238981,VIN-020893,2352,105,NONE
2026-07-31 04:06:42.238981,VIN-348356,2796,96,NONE
2026-07-31 04:06:43.238981,VIN-748521,1836,98,P0420
2026-07-31 04:06:44.238981,VIN-573193,2714,91,P0420
2026-07-31 04:06:45.238981,VIN-725709,3475,97,NONE
2026-07-31 04:06:46.238981,VIN-889827,1858,86,NONE
2026-07-31 04:06:47.238981,VIN-501170,0,89,P0300
2026-07-31 04:06:48.238981,VIN-364335,2804,93,NONE
2026-07-31 04:06:49.238981,VIN-763468,3387,101,P0300
2026-07-31 04:06:50.238981,VIN-854784,2284,101,NONE
2026-07-31 04:06:51.238981,VIN-989237,2045,85,NONE
2026-07-31 04:06:52.238981,VIN-950918,2517,85,P0420
2026-07-31 04:06:53.238981,VIN-880497,3285,94,NONE
2026-07-31 04:06:54.238981,VIN-426494,2990,102,P0300
2026-07-31 04:06:55.238981,VIN-420945,2419,94,NONE
2026-07-31 04:06:56.238981,VIN-105089,1926,99,P0300
2026-07-31 04:06:57.238981,VIN-119737,1707,92,NONE
2026-07-31 04:06:58.238981,VIN-945131,2826,90,P0300
2026-07-31 04:06:59.238981,VIN-232514,3233,93,NONE
2026-07-31 04:07:00.238981,VIN-609384,2040,105,P0420
2026-07-31 04:07:01.238981,VIN-908358,2500,88,NONE
2026-07-31 04:07:02.238981,VIN-039496,3374,89,NONE
2026-07-31 04:07:03.238981,VIN-320686,2220,88,NONE
2026-07-31 04:07:04.238981,VIN-301546,2110,89,NONE
2026-07-31 04:07:05.238981,VIN-986479,1849,104,P0171
2026-07-31 04:07:06.238981,VIN-934423,3473,96,P0300
2026-07-31 04:07:07.238981,VIN-213423,3331,102,NONE
2026-07-31 04:07:08.238981,VIN-336077,3023,91,NONE
2026-07-31 04:07:09.238981,VIN-998387,2444,100,NONE
2026-07-31 04:07:10.238981,VIN-205028,2345,101,P0300
2026-07-31 04:07:11.238981,VIN-917156,1544,89,P0171
2026-07-31 04:07:12.238981,VIN-739112,1732,98,P0300
2026-07-31 04:07:13.238981,VIN-684151,3250,94,NONE
2026-07-31 04:07:14.238981,VIN-279546,3376,86,P0300
2026-07-31 04:07:15.238981,VIN-498381,2881,93,P0300
2026-07-31 04:07:16.238981,VIN-004340,2855,94,NONE
2026-07-31 04:07:17.238981,VIN-545584,1918,91,P0420
2026-07-31 04:07:18.238981,VIN-252859,3415,99,NONE
2026-07-31 04:07:19.238981,VIN-055071,3322,103,NONE
2026-07-31 04:07:20.238981,VIN-926897,2696,100,P0420
2026-07-31 04:07:21.238981,VIN-076289,2829,100,NONE
2026-07-31 04:07:22.238981,VIN-569649,1967,85,P0420
2026-07-31 04:07:23.238981,VIN-129634,1610,89,NONE
2026-07-31 04:07:24.238981,VIN-568003,2560,99,P0300
2026-07-31 04:07:25.238981,VIN-557346,2489,103,NONE
2026-07-31 04:07:26.238981,VIN-367703,2391,102,P0420
2026-07-31 04:07:27.238981,VIN-957257,1735,88,NONE
2026-07-31 04:07:28.238981,VIN-683622,3184,89,NONE
2026-07-31 04:07:29.238981,VIN-689245,2275,101,NONE
2026-07-31 04:07:30.238981,VIN-614051,2749,104,P0420
2026-07-31 04:07:31.238981,VIN-083864,2719,89,P0171
2026-07-31 04:07:32.238981,VIN-818836,1720,90,P0300
2026-07-31 04:07:33.238981,VIN-526288,3131,105,NONE
2026-07-31 04:07:34.238981,VIN-879535,2203,87,P0300
2026-07-31 04:07:35.238981,VIN-840125,3402,98,P0171
2026-07-31 04:07:36.238981,VIN-617702,3208,87,NONE
2026-07-31 04:07:37.238981,VIN-723252,1512,91,NONE
2026-07-31 04:07:38.238981,VIN-285552,0,89,P0171
2026-07-31 04:07:39.238981,VIN-077952,2349,85,P0171
2026-07-31 04:07:40.238981,VIN-961374,2705,90,P0420
2026-07-31 04:07:41.238981,VIN-116333,2842,104,P0300
2026-07-31 04:07:42.238981,VIN-055701,3284,86,NONE
2026-07-31 04:07:43.238981,VIN-590301,2662,85,NONE
2026-07-31 04:07:44.238981,VIN-881371,2303,89,P0420
2026-07-31 04:07:45.238981,VIN-097516,1658,101,P0171
2026-07-31 04:07:46.238981,VIN-307989,1840,87,NONE
2026-07-31 04:07:47.238981,VIN-278644,2874,86,P0420
2026-07-31 04:07:48.238981,VIN-037020,1604,95,P0420
2026-07-31 04:07:49.238981,VIN-398227,2083,93,P0420
2026-07-31 04:07:50.238981,VIN-609683,3348,97,P0171
2026-07-31 04:07:51.238981,VIN-554689,2882,99,NONE
2026-07-31 04:07:52.238981,VIN-913402,2108,88,P0420
2026-07-31 04:07:53.238981,VIN-933802,1634,100,NONE
2026-07-31 04:07:54.238981,VIN-907386,3424,89,NONE
2026-07-31 04:07:55.238981,VIN-178804,1854,89,NONE
2026-07-31 04:07:56.238981,VIN-158444,1692,93,NONE
2026-07-31 04:07:57.238981,VIN-244275,1598,96,NONE
2026-07-31 04:07:58.238981,VIN-583024,2966,92,NONE
2026-07-31 04:07:59.238981,VIN-651619,2231,88,NONE
2026-07-31 04:08:00.238981,VIN-304898,3237,102,P0420
2026-07-31 04:08:01.238981,VIN-136219,1530,90,P0300
2026-07-31 04:08:02.238981,VIN-657629,2009,102,P0300
2026-07-31 04:08:03.238981,VIN-763768,2375,93,P0420
2026-07-31 04:08:04.238981,VIN-951244,2980,99,P0300
2026-07-31 04:08:05.238981,VIN-943721,2688,104,P0420
2026-07-31 04:08:06.238981,VIN-058108,3412,101,P0420
2026-07-31 04:08:07.238981,VIN-530644,1611,95,NONE
2026-07-31 04:08:08.238981,VIN-640305,3475,95,P0300
2026-07-31 04:08:09.238981,VIN-413142,1926,93,NONE
2026-07-31 04:08:10.238981,VIN-890229,0,93,P0171
2026-07-31 04:08:11.238981,VIN-317660,3371,87,NONE
2026-07-31 04:08:12.238981,VIN-355434,1858,90,P0420
2026-07-31 04:08:13.238981,VIN-163860,3033,85,P0300
2026-07-31 04:08:14.238981,VIN-187506,1753,101,NONE
2026-07-31 04:08:15.238981,VIN-436718,3473,88,NONE
2026-07-31 04:08:16.238981,VIN-763013,3315,103,P0171
2026-07-31 04:08:17.238981,VIN-766817,1537,88,NONE
2026-07-31 04:08:18.238981,VIN-331206,3214,99,P0420
2026-07-31 04:08:19.238981,VIN-481217,3357,87,NONE
2026-07-31 04:08:20.238981,VIN-367562,2241,90,P0420
2026-07-31 04:08:21.238981,VIN-884943,3374,93,NONE
2026-07-31 04:08:22.238981,VIN-900629,2623,98,NONE
2026-07-31 04:08:23.238981,VIN-598816,2481,90,P0171
2026-07-31 04:08:24.238981,VIN-160535,3176,98,NONE
2026-07-31 04:08:25.238981,VIN-777578,1546,95,P0171
2026-07-31 04:08:26.238981,VIN-866134,1552,101,P0420
2026-07-31 04:08:27.238981,VIN-053760,3134,97,P0171
2026-07-31 04:08:28.238981,VIN-423916,3153,99,P0300
2026-07-31 04:08:29.238981,VIN-792504,2399,92,NONE
2026-07-31 04:08:30.238981,VIN-409332,1705,103,NONE
2026-07-31 04:08:31.238981,VIN-648052,2436,87,P0171
2026-07-31 04:08:32.238981,VIN-082892,1515,91,NONE
2026-07-31 04:08:33.238981,VIN-324854,2112,96,P0420
2026-07-31 04:08:34.238981,VIN-265066,2897,96,NONE
2026-07-31 04:08:35.238981,VIN-661635,1864,91,NONE
2026-07-31 04:08:36.238981,VIN-099528,3256,93,P0300
2026-07-31 04:08:37.238981,VIN-181253,2414,97,NONE
2026-07-31 04:08:38.238981,VIN-744025,3449,97,P0420
2026-07-31 04:08:39.238981,VIN-338701,1532,98,NONE
2026-07-31 04:08:40.238981,VIN-597359,3406,91,NONE
2026-07-31 04:08:41.238981,VIN-621264,1802,87,P0171
2026-07-31 04:08:42.238981,VIN-605237,2552,95,NONE
2026-07-31 04:08:43.238981,VIN-964446,1544,99,NONE
2026-07-31 04:08:44.238981,VIN-568141,1561,96,P0300
2026-07-31 04:08:45.238981,VIN-398972,3280,90,P0420
2026-07-31 04:08:46.238981,VIN-117731,2149,101,P0171
2026-07-31 04:08:47.238981,VIN-469072,1830,101,P0300
2026-07-31 04:08:48.238981,VIN-840155,1746,98,NONE
2026-07-31 04:08:49.238981,VIN-953050,1624,85,P0420
2026-07-31 04:08:50.238981,VIN-545850,2217,93,P0171
2026-07-31 04:08:51.238981,VIN-133521,2739,91,NONE
2026-07-31 04:08:52.238981,VIN-476115,2565,95,NONE
2026-07-31 04:08:53.238981,VIN-202308,1676,96,NONE
2026-07-31 04:08:54.238981,VIN-929842,3001,91,P0300
2026-07-31 04:08:55.238981,VIN-062390,3293,105,NONE
2026-07-31 04:08:56.238981,VIN-347638,3029,104,NONE
2026-07-31 04:08:57.238981,VIN-621429,2106,102,P0300
2026-07-31 04:08:58.238981,VIN-781572,3349,101,P0300
2026-07-31 04:08:59.238981,VIN-245578,1794,96,NONE
2026-07-31 04:09:00.238981,VIN-478231,3381,91,P0300
2026-07-31 04:09:01.238981,VIN-464641,0,96,P0420
2026-07-31 04:09:02.238981,VIN-129956,3458,104,P0300
2026-07-31 04:09:03.238981,VIN-501995,0,105,NONE
2026-07-31 04:09:04.238981,VIN-579146,2904,98,NONE
2026-07-31 04:09:05.238981,VIN-674094,1745,90,NONE
2026-07-31 04:09:06.238981,VIN-144630,2422,103,P0171
2026-07-31 04:09:07.238981,VIN-597030,1906,85,NONE
2026-07-31 04:09:08.238981,VIN-394671,1709,96,NONE
2026-07-31 04:09:09.238981,VIN-529994,2004,94,NONE
2026-07-31 04:09:10.238981,VIN-376394,3316,105,NONE
2026-07-31 04:09:11.238981,VIN-240035,3103,102,P0171
2026-07-31 04:09:12.238981,VIN-809247,2492,94,NONE
2026-07-31 04:09:13.238981,VIN-105656,2063,101,NONE
2026-07-31 04:09:14.238981,VIN-912702,1658,99,P0300
2026-07-31 04:09:15.238981,VIN-474159,2206,85,NONE
2026-07-31 04:09:16.238981,VIN-057439,2131,103,P0420
2026-07-31 04:09:17.238981,VIN-539569,1941,102,P0171
2026-07-31 04:09:18.238981,VIN-533117,1653,98,NONE
2026-07-31 04:09:19.238981,VIN-857097,2222,91,NONE
2026-07-31 04:09:20.238981,VIN-186214,0,99,P0300
2026-07-31 04:09:21.238981,VIN-222854,2819,91,NONE
2026-07-31 04:09:22.238981,VIN-257737,2322,105,P0171
2026-07-31 04:09:23.238981,VIN-739000,2156,85,NONE
2026-07-31 04:09:24.238981,VIN-910713,1592,85,NONE
2026-07-31 04:09:25.238981,VIN-643226,3435,94,NONE
2026-07-31 04:09:26.238981,VIN-958894,1713,88,NONE
2026-07-31 04:09:27.238981,VIN-657697,3080,105,NONE
2026-07-31 04:09:28.238981,VIN-204560,3441,91,P0300
2026-07-31 04:09:29.238981,VIN-769678,2342,89,NONE
2026-07-31 04:09:30.238981,VIN-748887,2392,98,NONE
2026-07-31 04:09:31.238981,VIN-206693,1607,105,NONE
2026-07-31 04:09:32.238981,VIN-388136,0,89,P0300
2026-07-31 04:09:33.238981,VIN-550103,3476,86,NONE
2026-07-31 04:09:34.238981,VIN-707896,2335,99,NONE
2026-07-31 04:09:35.238981,VIN-677910,2867,89,NONE
2026-07-31 04:09:36.238981,VIN-592165,2900,99,P0420
2026-07-31 04:09:37.238981,VIN-999601,1501,101,P0171
2026-07-31 04:09:38.238981,VIN-890746,2416,95,P0300
2026-07-31 04:09:39.238981,VIN-559321,2258,85,NONE
2026-07-31 04:09:40.238981,VIN-039103,1999,104,NONE
2026-07-31 04:09:41.238981,VIN-732969,3084,98,NONE
2026-07-31 04:09:42.238981,VIN-125325,2922,93,NONE
2026-07-31 04:09:43.238981,VIN-384188,1879,99,P0420
2026-07-31 04:09:44.238981,VIN-840684,2177,105,P0300
2026-07-31 04:09:45.238981,VIN-122939,2079,103,P0420
2026-07-31 04:09:46.238981,VIN-118619,2647,103,P0171
2026-07-31 04:09:47.238981,VIN-417434,0,93,P0300
2026-07-31 04:09:48.238981,VIN-343003,2823,93,NONE
2026-07-31 04:09:49.238981,VIN-038316,2535,89,P0300
2026-07-31 04:09:50.238981,VIN-065181,1870,86,P0420
2026-07-31 04:09:51.238981,VIN-514115,2091,103,P0171
2026-07-31 04:09:52.238981,VIN-496369,3407,91,NONE
2026-07-31 04:09:53.238981,VIN-140150,2507,85,NONE
2026-07-31 04:09:54.238981,VIN-182030,2994,105,P0300
2026-07-31 04:09:55.238981,VIN-743162,2225,85,P0420
2026-07-31 04:09:56.238981,VIN-903543,1737,93,NONE
2026-07-31 04:09:57.238981,VIN-450186,2730,87,P0300
2026-07-31 04:09:58.238981,VIN-242668,1609,98,P0171
2026-07-31 04:09:59.238981,VIN-082404,2180,101,P0420
2026-07-31 04:10:00.238981,VIN-680509,2410,103,NONE
2026-07-31 04:10:01.238981,VIN-535490,2431,85,NONE
2026-07-31 04:10:02.238981,VIN-853954,1991,97,NONE
2026-07-31 04:10:03.238981,VIN-563581,2053,89,NONE
2026-07-31 04:10:04.238981,VIN-082573,2369,102,NONE
2026-07-31 04:10:05.238981,VIN-616914,1560,99,NONE
2026-07-31 04:10:06.238981,VIN-385149,1959,91,P0171
2026-07-31 04:10:07.238981,VIN-089337,2886,95,P0420
2026-07-31 04:10:08.238981,VIN-886219,2409,100,NONE
2026-07-31 04:10:09.238981,VIN-724929,2039,102,P0300
2026-07-31 04:10:10.238981,VIN-869855,3186,97,NONE
2026-07-31 04:10:11.238981,VIN-360767,0,88,NONE
2026-07-31 04:10:12.238981,VIN-662014,2793,101,P0171
2026-07-31 04:10:13.238981,VIN-645458,1640,98,P0420
2026-07-31 04:10:14.238981,VIN-490063,3445,94,NONE
2026-07-31 04:10:15.238981,VIN-937233,0,95,NONE
2026-07-31 04:10:16.238981,VIN-281832,3409,89,P0420
2026-07-31 04:10:17.238981,VIN-940391,2265,85,NONE
2026-07-31 04:10:18.238981,VIN-318650,1706,98,NONE
2026-07-31 04:10:19.238981,VIN-089837,3185,95,P0420
2026-07-31 04:10:20.238981,VIN-717392,2597,93,NONE
2026-07-31 04:10:21.238981,VIN-093319,2390,86,NONE
2026-07-31 04:10:22.238981,VIN-269460,3204,104,NONE
2026-07-31 04:10:23.238981,VIN-404521,2135,89,NONE
2026-07-31 04:10:24.238981,VIN-530533,3203,96,NONE
2026-07-31 04:10:25.238981,VIN-265103,1935,102,P0300
2026-07-31 04:10:26.238981,VIN-263764,2468,89,NONE
2026-07-31 04:10:27.238981,VIN-571786,2471,92,NONE
2026-07-31 04:10:28.238981,VIN-818772,3224,94,NONE
2026-07-31 04:10:29.238981,VIN-525462,1730,104,NONE
2026-07-31 04:10:30.238981,VIN-987689,2225,91,NONE
2026-07-31 04:10:31.238981,VIN-074773,3156,85,NONE
2026-07-31 04:10:32.238981,VIN-869017,3499,96,P0420
2026-07-31 04:10:33.238981,VIN-258112,3348,85,NONE
2026-07-31 04:10:34.238981,VIN-314611,1653,89,P0171
2026-07-31 04:10:35.238981,VIN-354025,2655,86,P0420
2026-07-31 04:10:36.238981,VIN-501050,1509,86,NONE
2026-07-31 04:10:37.238981,VIN-317526,2558,88,P0171
2026-07-31 04:10:38.238981,VIN-997174,1814,89,NONE
2026-07-31 04:10:39.238981,VIN-048257,2601,95,NONE
2026-07-31 04:10:40.238981,VIN-249401,2256,87,P0420
2026-07-31 04:10:41.238981,VIN-958289,2563,94,P0300
2026-07-31 04:10:42.238981,VIN-748737,2600,100,P0300
2026-07-31 04:10:43.238981,VIN-683874,2351,103,NONE
2026-07-31 04:10:44.238981,VIN-340205,3213,95,P0171
2026-07-31 04:10:45.238981,VIN-797855,3282,86,NONE
2026-07-31 04:10:46.238981,VIN-048634,0,94,NONE
2026-07-31 04:10:47.238981,VIN-833431,2264,99,P0420
2026-07-31 04:10:48.238981,VIN-135160,2145,96,NONE
2026-07-31 04:10:49.238981,VIN-304033,1909,102,NONE
2026-07-31 04:10:50.238981,VIN-985858,2917,87,NONE
2026-07-31 04:10:51.238981,VIN-744289,3390,93,NONE
2026-07-31 04:10:52.238981,VIN-413256,2199,96,P0171
2026-07-31 04:10:53.238981,VIN-232213,2945,95,P0300
2026-07-31 04:10:54.238981,VIN-497029,2786,87,NONE
2026-07-31 04:10:55.238981,VIN-485989,3006,105,NONE
2026-07-31 04:10:56.238981,VIN-684313,2569,98,P0420
2026-07-31 04:10:57.238981,VIN-315875,2065,96,P0420
2026-07-31 04:10:58.238981,VIN-505005,2254,89,NONE
2026-07-31 04:10:59.238981,VIN-131702,2782,98,NONE
2026-07-31 04:11:00.238981,VIN-067939,2926,99,P0171
2026-07-31 04:11:01.238981,VIN-630608,3135,96,P0171
2026-07-31 04:11:02.238981,VIN-284574,3376,90,P0171
2026-07-31 04:11:03.238981,VIN-397879,2781,87,NONE
2026-07-31 04:11:04.238981,VIN-706070,1585,105,P0300
2026-07-31 04:11:05.238981,VIN-853780,2789,99,P0420
2026-07-31 04:11:06.238981,VIN-286683,3395,90,P0300
2026-07-31 04:11:07.238981,VIN-092620,1582,100,P0420
2026-07-31 04:11:08.238981,VIN-325804,2663,88,NONE
2026-07-31 04:11:09.238981,VIN-398846,3280,85,NONE
2026-07-31 04:11:10.238981,VIN-703399,1677,97,P0171
2026-07-31 04:11:11.238981,VIN-480675,2938,96,P0171
2026-07-31 04:11:12.238981,VIN-180801,2299,89,NONE
2026-07-31 04:11:13.238981,VIN-234872,2578,103,NONE
2026-07-31 04:11:14.238981,VIN-273603,3198,93,NONE
2026-07-31 04:11:15.238981,VIN-522692,3496,100,NONE
2026-07-31 04:11:16.238981,VIN-455180,1640,87,NONE
2026-07-31 04:11:17.238981,VIN-339571,1818,90,NONE
2026-07-31 04:11:18.238981,VIN-104479,1697,95,P0300
2026-07-31 04:11:19.238981,VIN-146095,2689,90,P0420
2026-07-31 04:11:20.238981,VIN-998013,0,86,NONE
2026-07-31 04:11:21.238981,VIN-840882,2195,100,NONE
2026-07-31 04:11:22.238981,VIN-823774,2897,105,NONE
2026-07-31 04:11:23.238981,VIN-293300,0,87,P0171
2026-07-31 04:11:24.238981,VIN-985857,2616,88,NONE
2026-07-31 04:11:25.238981,VIN-104276,3439,90,NONE
2026-07-31 04:11:26.238981,VIN-193678,3395,93,NONE
2026-07-31 04:11:27.238981,VIN-601844,2455,102,P0171
2026-07-31 04:11:28.238981,VIN-500318,1860,91,P0300
2026-07-31 04:11:29.238981,VIN-322280,0,95,P0300
2026-07-31 04:11:30.238981,VIN-262867,2470,96,NONE
2026-07-31 04:11:31.238981,VIN-811276,1615,95,NONE
2026-07-31 04:11:32.238981,VIN-726154,1707,87,NONE
2026-07-31 04:11:33.238981,VIN-017704,2403,103,NONE
2026-07-31 04:11:34.238981,VIN-985377,2280,99,NONE
2026-07-31 04:11:35.238981,VIN-702270,2070,94,P0300
2026-07-31 04:11:36.238981,VIN-870169,3040,103,NONE
2026-07-31 04:11:37.238981,VIN-158376,0,97,NONE
2026-07-31 04:11:38.238981,VIN-001851,3323,95,NONE
2026-07-31 04:11:39.238981,VIN-818717,1778,91,NONE
2026-07-31 04:11:40.238981,VIN-246919,2542,90,P0300
2026-07-31 04:11:41.238981,VIN-426179,2532,86,NONE
2026-07-31 04:11:42.238981,VIN-991524,2317,102,NONE
2026-07-31 04:11:43.238981,VIN-323335,2331,86,P0171
2026-07-31 04:11:44.238981,VIN-170727,2576,98,NONE
2026-07-31 04:11:45.238981,VIN-789520,2169,105,NONE
2026-07-31 04:11:46.238981,VIN-289082,2635,92,P0300
2026-07-31 04:11:47.238981,VIN-025000,3401,91,NONE
2026-07-31 04:11:48.238981,VIN-943825,3306,93,NONE
2026-07-31 04:11:49.238981,VIN-764317,2204,96,P0300
2026-07-31 04:11:50.238981,VIN-072742,0,103,NONE
2026-07-31 04:11:51.238981,VIN-597448,3452,93,P0420
2026-07-31 04:11:52.238981,VIN-000350,3417,93,NONE
2026-07-31 04:11:53.238981,VIN-507102,2346,87,P0171
2026-07-31 04:11:54.238981,VIN-702156,2058,91,NONE
2026-07-31 04:11:55.238981,VIN-480130,3395,100,NONE
2026-07-31 04:11:56.238981,VIN-966288,2906,93,P0171
2026-07-31 04:11:57.238981,VIN-799898,1852,99,P0300
2026-07-31 04:11:58.238981,VIN-175351,2812,91,P0171
2026-07-31 04:11:59.238981,VIN-418782,2002,96,P0300
2026-07-31 04:12:00.238981,VIN-427474,3329,104,P0420
2026-07-31 04:12:01.238981,VIN-375509,3347,94,NONE
2026-07-31 04:12:02.238981,VIN-534835,2604,85,NONE
2026-07-31 04:12:03.238981,VIN-628212,0,91,P0300
2026-07-31 04:12:04.238981,VIN-537308,3001,92,P0420
2026-07-31 04:12:05.238981,VIN-594067,3284,102,NONE
2026-07-31 04:12:06.238981,VIN-846509,0,87,P0420
2026-07-31 04:12:07.238981,VIN-626539,3460,105,P0420
2026-07-31 04:12:08.238981,VIN-049451,2494,91,P0420
2026-07-31 04:12:09.238981,VIN-158621,1935,92,P0300
2026-07-31 04:12:10.238981,VIN-403500,1583,96,NONE
2026-07-31 04:12:11.238981,VIN-463898,1623,96,NONE
2026-07-31 04:12:12.238981,VIN-480896,1695,97,NONE
2026-07-31 04:12:13.238981,VIN-966568,1879,86,P0420
2026-07-31 04:12:14.238981,VIN-757781,2011,94,P0171
2026-07-31 04:12:15.238981,VIN-833263,2243,91,P0171
2026-07-31 04:12:16.238981,VIN-803991,3067,89,P0300
2026-07-31 04:12:17.238981,VIN-071688,1645,85,P0300
2026-07-31 04:12:18.238981,VIN-007201,2803,98,NONE
2026-07-31 04:12:19.238981,VIN-048421,2614,96,P0300
2026-07-31 04:12:20.238981,VIN-848213,2898,104,P0420
2026-07-31 04:12:21.238981,VIN-232044,2775,95,NONE
2026-07-31 04:12:22.238981,VIN-405255,2514,93,NONE
2026-07-31 04:12:23.238981,VIN-381463,1602,96,P0300
2026-07-31 04:12:24.238981,VIN-392734,2704,102,NONE
2026-07-31 04:12:25.238981,VIN-308519,0,95,P0300
2026-07-31 04:12:26.238981,VIN-105683,3077,101,NONE
2026-07-31 04:12:27.238981,VIN-649678,2592,104,P0300
2026-07-31 04:12:28.238981,VIN-708668,2176,100,P0300
2026-07-31 04:12:29.238981,VIN-003197,1692,100,NONE
2026-07-31 04:12:30.238981,VIN-025285,1555,102,NONE
2026-07-31 04:12:31.238981,VIN-534038,1999,90,NONE
2026-07-31 04:12:32.238981,VIN-818888,1690,103,NONE
2026-07-31 04:12:33.238981,VIN-812539,2021,105,NONE
2026-07-31 04:12:34.238981,VIN-372077,2966,96,P0171
2026-07-31 04:12:35.238981,VIN-255756,1874,101,NONE
2026-07-31 04:12:36.238981,VIN-286573,0,96,NONE
2026-07-31 04:12:37.238981,VIN-116700,3308,92,NONE
2026-07-31 04:12:38.238981,VIN-407698,2843,93,NONE
2026-07-31 04:12:39.238981,VIN-007930,1547,90,NONE
2026-07-31 04:12:40.238981,VIN-038236,2915,100,NONE
2026-07-31 04:12:41.238981,VIN-576353,2766,97,P0171
2026-07-31 04:12:42.238981,VIN-093426,3416,98,NONE
2026-07-31 04:12:43.238981,VIN-623230,2596,93,P0171
2026-07-31 04:12:44.238981,VIN-010185,2775,97,P0171
2026-07-31 04:12:45.238981,VIN-262589,2221,95,P0300
2026-07-31 04:12:46.238981,VIN-957573,3216,99,NONE
2026-07-31 04:12:47.238981,VIN-696914,3019,101,P0300
2026-07-31 04:12:48.238981,VIN-890834,1563,85,P0300
2026-07-31 04:12:49.238981,VIN-902911,1578,95,P0300
2026-07-31 04:12:50.238981,VIN-034792,2990,88,P0300
2026-07-31 04:12:51.238981,VIN-850016,3073,90,P0300
2026-07-31 04:12:52.238981,VIN-654751,1573,103,NONE
2026-07-31 04:12:53.238981,VIN-148535,2237,105,P0300
2026-07-31 04:12:54.238981,VIN-473845,3282,101,P0420
2026-07-31 04:12:55.238981,VIN-189864,2648,87,P0420
2026-07-31 04:12:56.238981,VIN-653674,1685,89,NONE
2026-07-31 04:12:57.238981,VIN-953116,2603,102,P0300
2026-07-31 04:12:58.238981,VIN-169107,2879,104,NONE
2026-07-31 04:12:59.238981,VIN-935872,3445,85,NONE
2026-07-31 04:13:00.238981,VIN-078601,2682,94,NONE
2026-07-31 04:13:01.238981,VIN-302159,2137,88,P0300
2026-07-31 04:13:02.238981,VIN-247877,1599,100,NONE
2026-07-31 04:13:03.238981,VIN-604167,2169,97,P0300
2026-07-31 04:13:04.238981,VIN-391778,2652,91,P0420
2026-07-31 04:13:05.238981,VIN-937916,2977,86,NONE
2026-07-31 04:13:06.238981,VIN-700198,3249,100,P0171
2026-07-31 04:13:07.238981,VIN-521598,2734,92,P0171
2026-07-31 04:13:08.238981,VIN-582284,1541,105,P0171
2026-07-31 04:13:09.238981,VIN-441194,2282,92,P0420
2026-07-31 04:13:10.238981,VIN-268086,1763,101,P0420
2026-07-31 04:13:11.238981,VIN-654060,2088,100,NONE
2026-07-31 04:13:12.238981,VIN-824047,2075,96,NONE
2026-07-31 04:13:13.238981,VIN-031888,1657,86,P0300
2026-07-31 04:13:14.238981,VIN-455123,2580,94,P0420
2026-07-31 04:13:15.238981,VIN-568858,2515,104,P0171
2026-07-31 04:13:16.238981,VIN-311119,3024,95,P0171
2026-07-31 04:13:17.238981,VIN-042358,2690,96,NONE
2026-07-31 04:13:18.238981,VIN-763108,3493,105,NONE
2026-07-31 04:13:19.238981,VIN-741697,0,86,P0300
2026-07-31 04:13:20.238981,VIN-614800,3102,101,P0171
2026-07-31 04:13:21.238981,VIN-501554,1869,86,P0420
2026-07-31 04:13:22.238981,VIN-893292,2015,88,P0300
2026-07-31 04:13:23.238981,VIN-648514,3464,91,NONE
2026-07-31 04:13:24.238981,VIN-154680,2258,98,NONE
2026-07-31 04:13:25.238981,VIN-789425,3262,89,NONE
2026-07-31 04:13:26.238981,VIN-186207,0,103,NONE
2026-07-31 04:13:27.238981,VIN-416081,3434,94,P0420
2026-07-31 04:13:28.238981,VIN-538233,3459,92,NONE
2026-07-31 04:13:29.238981,VIN-738867,1872,102,NONE
2026-07-31 04:13:30.238981,VIN-674257,2626,94,NONE
2026-07-31 04:13:31.238981,VIN-119704,2980,104,NONE
2026-07-31 04:13:32.238981,VIN-334588,2733,85,P0171
2026-07-31 04:13:33.238981,VIN-657002,2208,105,NONE
2026-07-31 04:13:34.238981,VIN-644207,2212,98,P0171
2026-07-31 04:13:35.238981,VIN-821546,3037,97,P0420
2026-07-31 04:13:36.238981,VIN-498847,2403,103,NONE
2026-07-31 04:13:37.238981,VIN-263863,1609,94,NONE
2026-07-31 04:13:38.238981,VIN-629750,1832,105,P0420
2026-07-31 04:13:39.238981,VIN-816856,2278,91,P0171
2026-07-31 04:13:40.238981,VIN-523520,2568,90,NONE
2026-07-31 04:13:41.238981,VIN-113829,1855,104,NONE
2026-07-31 04:13:42.238981,VIN-379102,1751,97,P0171
2026-07-31 04:13:43.238981,VIN-169078,3094,92,NONE
2026-07-31 04:13:44.238981,VIN-728182,2754,99,P0420
2026-07-31 04:13:45.238981,VIN-589199,2183,87,P0420
2026-07-31 04:13:46.238981,VIN-494401,1999,104,NONE
2026-07-31 04:13:47.238981,VIN-220919,2219,102,P0420
2026-07-31 04:13:48.238981,VIN-929225,2945,103,NONE
2026-07-31 04:13:49.238981,VIN-064063,0,97,NONE
2026-07-31 04:13:50.238981,VIN-469407,1836,94,P0300
2026-07-31 04:13:51.238981,VIN-114901,1753,89,P0171
2026-07-31 04:13:52.238981,VIN-013866,1940,98,NONE
2026-07-31 04:13:53.238981,VIN-494745,1833,103,NONE
2026-07-31 04:13:54.238981,VIN-521325,2137,95,NONE
2026-07-31 04:13:55.238981,VIN-703574,1620,96,NONE
2026-07-31 04:13:56.238981,VIN-769221,2900,95,P0300
2026-07-31 04:13:57.238981,VIN-789602,2617,102,P0420
2026-07-31 04:13:58.238981,VIN-321256,3406,94,P0171
2026-07-31 04:13:59.238981,VIN-962248,0,95,NONE
2026-07-31 04:14:00.238981,VIN-621719,1854,90,NONE
2026-07-31 04:14:01.238981,VIN-750187,2285,105,P0171
2026-07-31 04:14:02.238981,VIN-821983,1701,88,P0300
2026-07-31 04:14:03.238981,VIN-144307,3100,95,NONE
2026-07-31 04:14:04.238981,VIN-131018,2853,100,NONE
2026-07-31 04:14:05.238981,VIN-055362,2054,100,NONE
2026-07-31 04:14:06.238981,VIN-236971,2537,95,NONE
2026-07-31 04:14:07.238981,VIN-414073,1923,105,NONE
2026-07-31 04:14:08.238981,VIN-183700,2085,102,NONE
2026-07-31 04:14:09.238981,VIN-288503,2494,90,NONE
2026-07-31 04:14:10.238981,VIN-274675,2362,99,NONE
2026-07-31 04:14:11.238981,VIN-709950,2255,92,P0300
2026-07-31 04:14:12.238981,VIN-362140,2575,102,NONE
2026-07-31 04:14:13.238981,VIN-888519,2231,104,NONE
2026-07-31 04:14:14.238981,VIN-239069,1946,87,P0300
2026-07-31 04:14:15.238981,VIN-976458,2116,90,P0420
2026-07-31 04:14:16.238981,VIN-045286,3458,98,P0171
2026-07-31 04:14:17.238981,VIN-115729,1505,104,NONE
2026-07-31 04:14:18.238981,VIN-129868,2033,87,NONE
2026-07-31 04:14:19.238981,VIN-535603,2260,99,NONE
2026-07-31 04:14:20.238981,VIN-920606,1878,101,NONE
2026-07-31 04:14:21.238981,VIN-718979,0,93,P0420
2026-07-31 04:14:22.238981,VIN-144682,2098,93,NONE
2026-07-31 04:14:23.238981,VIN-341026,3162,88,NONE
2026-07-31 04:14:24.238981,VIN-740071,3024,87,NONE
2026-07-31 04:14:25.238981,VIN-456064,2233,94,NONE
2026-07-31 04:14:26.238981,VIN-791421,3054,103,NONE
2026-07-31 04:14:27.238981,VIN-508854,1754,104,P0420
2026-07-31 04:14:28.238981,VIN-606806,3352,89,P0420
2026-07-31 04:14:29.238981,VIN-825398,2684,95,NONE
2026-07-31 04:14:30.238981,VIN-770014,2712,90,NONE
2026-07-31 04:14:31.238981,VIN-778926,1952,88,NONE
2026-07-31 04:14:32.238981,VIN-925486,2361,88,P0420
2026-07-31 04:14:33.238981,VIN-969626,2538,87,NONE
2026-07-31 04:14:34.238981,VIN-583152,1887,102,NONE
2026-07-31 04:14:35.238981,VIN-072857,2071,94,NONE
2026-07-31 04:14:36.238981,VIN-471162,2313,102,P0300
2026-07-31 04:14:37.238981,VIN-072474,1584,104,NONE
2026-07-31 04:14:38.238981,VIN-165156,2275,101,P0420
2026-07-31 04:14:39.238981,VIN-629096,2564,87,NONE
2026-07-31 04:14:40.238981,VIN-211184,2336,96,NONE
2026-07-31 04:14:41.238981,VIN-128032,1851,87,P0171
2026-07-31 04:14:42.238981,VIN-620263,2332,92,P0300
2026-07-31 04:14:43.238981,VIN-528337,1799,94,NONE
2026-07-31 04:14:44.238981,VIN-792182,2953,103,P0171
2026-07-31 04:14:45.238981,VIN-872886,2434,85,P0420
2026-07-31 04:14:46.238981,VIN-886731,1709,87,NONE
2026-07-31 04:14:47.238981,VIN-447800,1956,95,P0171
2026-07-31 04:14:48.238981,VIN-400354,1873,103,NONE
2026-07-31 04:14:49.238981,VIN-358447,2701,88,NONE
2026-07-31 04:14:50.238981,VIN-551905,3150,95,NONE
2026-07-31 04:14:51.238981,VIN-554135,3164,92,NONE
2026-07-31 04:14:52.238981,VIN-371783,2125,90,NONE
2026-07-31 04:14:53.238981,VIN-807125,1576,91,P0171
2026-07-31 04:14:54.238981,VIN-042539,3261,95,NONE
2026-07-31 04:14:55.238981,VIN-481488,1883,97,P0420
2026-07-31 04:14:56.238981,VIN-338795,2444,105,NONE
2026-07-31 04:14:57.238981,VIN-109878,2983,105,P0300
2026-07-31 04:14:58.238981,VIN-516778,3367,102,NONE
2026-07-31 04:14:59.238981,VIN-127366,2904,92,P0420
2026-07-31 04:15:00.238981,VIN-955428,3293,92,P0420
2026-07-31 04:15:01.238981,VIN-910883,2481,103,NONE
2026-07-31 04:15:02.238981,VIN-060810,3091,85,P0171
2026-07-31 04:15:03.238981,VIN-402460,1628,90,NONE
2026-07-31 04:15:04.238981,VIN-529727,1693,102,P0171
2026-07-31 04:15:05.238981,VIN-407757,2364,97,P0300
2026-07-31 04:15:06.238981,VIN-650203,3442,91,P0300
2026-07-31 04:15:07.238981,VIN-182595,3140,92,NONE
2026-07-31 04:15:08.238981,VIN-003348,2981,89,NONE
2026-07-31 04:15:09.238981,VIN-042844,2906,85,P0300
2026-07-31 04:15:10.238981,VIN-506730,0,104,NONE
2026-07-31 04:15:11.238981,VIN-897658,2078,100,NONE
2026-07-31 04:15:12.238981,VIN-223240,2200,85,NONE
2026-07-31 04:15:13.238981,VIN-500366,3239,97,NONE
2026-07-31 04:15:14.238981,VIN-801716,2622,103,P0171
2026-07-31 04:15:15.238981,VIN-774597,2001,87,NONE
2026-07-31 04:15:16.238981,VIN-610799,1707,91,NONE
2026-07-31 04:15:17.238981,VIN-388192,2300,98,NONE
2026-07-31 04:15:18.238981,VIN-079887,0,92,P0171
2026-07-31 04:15:19.238981,VIN-947887,2612,101,P0420
2026-07-31 04:15:20.238981,VIN-398042,1724,104,NONE
2026-07-31 04:15:21.238981,VIN-051094,2615,89,P0420
2026-07-31 04:15:22.238981,VIN-875081,1701,90,P0420
2026-07-31 04:15:23.238981,VIN-471972,2694,93,NONE
2026-07-31 04:15:24.238981,VIN-394423,2132,90,P0420
2026-07-31 04:15:25.238981,VIN-702609,3124,88,P0171
2026-07-31 04:15:26.238981,VIN-691608,3226,100,P0420
2026-07-31 04:15:27.238981,VIN-726177,2914,104,NONE
2026-07-31 04:15:28.238981,VIN-229548,2352,105,NONE
2026-07-31 04:15:29.238981,VIN-709682,1741,98,P0420
2026-07-31 04:15:30.238981,VIN-439612,2580,104,P0300
2026-07-31 04:15:31.238981,VIN-301014,0,88,NONE
2026-07-31 04:15:32.238981,VIN-081612,3142,90,NONE
2026-07-31 04:15:33.238981,VIN-456749,2133,105,P0420
2026-07-31 04:15:34.238981,VIN-538837,2369,95,P0300
2026-07-31 04:15:35.238981,VIN-349159,3219,93,P0420
2026-07-31 04:15:36.238981,VIN-165139,2351,95,P0420
2026-07-31 04:15:37.238981,VIN-620579,3400,95,NONE
2026-07-31 04:15:38.238981,VIN-239009,2985,95,P0171
2026-07-31 04:15:39.238981,VIN-051807,2235,92,NONE
2026-07-31 04:15:40.238981,VIN-955910,2075,92,P0420
2026-07-31 04:15:41.238981,VIN-593315,2234,95,NONE
2026-07-31 04:15:42.238981,VIN-118515,1955,96,NONE
2026-07-31 04:15:43.238981,VIN-645631,1898,94,NONE
2026-07-31 04:15:44.238981,VIN-816142,3159,90,P0300
2026-07-31 04:15:45.238981,VIN-799287,1762,102,NONE
2026-07-31 04:15:46.238981,VIN-507722,1565,99,NONE
2026-07-31 04:15:47.238981,VIN-276840,2630,101,NONE
2026-07-31 04:15:48.238981,VIN-336024,2123,102,P0171
2026-07-31 04:15:49.238981,VIN-705365,2636,85,P0300
2026-07-31 04:15:50.238981,VIN-614678,1896,98,P0420
2026-07-31 04:15:51.238981,VIN-457786,1819,104,NONE
2026-07-31 04:15:52.238981,VIN-519685,1616,100,NONE
2026-07-31 04:15:53.238981,VIN-274735,2593,93,NONE
2026-07-31 04:15:54.238981,VIN-242414,1714,99,P0171
2026-07-31 04:15:55.238981,VIN-065331,1725,86,P0420
2026-07-31 04:15:56.238981,VIN-098116,3044,97,P0171
2026-07-31 04:15:57.238981,VIN-444871,1667,90,P0300
2026-07-31 04:15:58.238981,VIN-920392,2461,101,NONE
2026-07-31 04:15:59.238981,VIN-494405,2192,87,NONE
2026-07-31 04:16:00.238981,VIN-480343,2344,100,NONE
2026-07-31 04:16:01.238981,VIN-522748,2187,89,NONE
2026-07-31 04:16:02.238981,VIN-146018,2117,100,P0171
2026-07-31 04:16:03.238981,VIN-715260,1502,91,NONE
2026-07-31 04:16:04.238981,VIN-343590,2679,99,NONE
2026-07-31 04:16:05.238981,VIN-801834,1964,89,NONE
2026-07-31 04:16:06.238981,VIN-460309,3251,91,NONE
2026-07-31 04:16:07.238981,VIN-047330,3152,99,NONE
2026-07-31 04:16:08.238981,VIN-780939,0,85,P0171
2026-07-31 04:16:09.238981,VIN-586251,2580,88,NONE
2026-07-31 04:16:10.238981,VIN-091116,2678,102,NONE
2026-07-31 04:16:11.238981,VIN-310391,3255,96,NONE
2026-07-31 04:16:12.238981,VIN-539857,1537,90,NONE
2026-07-31 04:16:13.238981,VIN-527846,2477,86,P0300
2026-07-31 04:16:14.238981,VIN-965614,2691,87,P0300
2026-07-31 04:16:15.238981,VIN-779678,2007,99,NONE
2026-07-31 04:16:16.238981,VIN-339576,2872,101,NONE
2026-07-31 04:16:17.238981,VIN-016289,1832,92,NONE
2026-07-31 04:16:18.238981,VIN-184504,2162,90,NONE
2026-07-31 04:16:19.238981,VIN-638858,2540,92,NONE
2026-07-31 04:16:20.238981,VIN-446571,3342,87,P0420
2026-07-31 04:16:21.238981,VIN-259901,2282,96,NONE
2026-07-31 04:16:22.238981,VIN-026155,3395,87,NONE
2026-07-31 04:16:23.238981,VIN-645929,2058,98,NONE
2026-07-31 04:16:24.238981,VIN-709939,2940,87,NONE
2026-07-31 04:16:25.238981,VIN-167838,1705,88,NONE
2026-07-31 04:16:26.238981,VIN-834295,2295,86,P0300
2026-07-31 04:16:27.238981,VIN-315147,3436,105,P0420
2026-07-31 04:16:28.238981,VIN-128066,2181,104,NONE
2026-07-31 04:16:29.238981,VIN-246998,2881,87,NONE
2026-07-31 04:16:30.238981,VIN-605318,2073,100,NONE
2026-07-31 04:16:31.238981,VIN-400270,3079,89,NONE
2026-07-31 04:16:32.238981,VIN-415648,1747,94,P0300
2026-07-31 04:16:33.238981,VIN-921125,0,104,NONE
2026-07-31 04:16:34.238981,VIN-200278,2644,89,P0171
2026-07-31 04:16:35.238981,VIN-451673,2485,93,NONE
2026-07-31 04:16:36.238981,VIN-655531,1654,87,NONE
2026-07-31 04:16:37.238981,VIN-350677,3468,97,NONE
2026-07-31 04:16:38.238981,VIN-569944,3289,102,NONE
2026-07-31 04:16:39.238981,VIN-344996,2078,87,NONE
2026-07-31 04:16:40.238981,VIN-532634,1576,104,P0171
2026-07-31 04:16:41.238981,VIN-188766,2655,102,NONE
2026-07-31 04:16:42.238981,VIN-393749,3239,104,NONE
2026-07-31 04:16:43.238981,VIN-521213,2314,97,NONE
2026-07-31 04:16:44.238981,VIN-375760,1742,86,NONE
2026-07-31 04:16:45.238981,VIN-861148,2173,97,NONE
2026-07-31 04:16:46.238981,VIN-145469,3182,94,P0171
2026-07-31 04:16:47.238981,VIN-365523,1962,87,P0420
2026-07-31 04:16:48.238981,VIN-325577,1578,102,P0420
2026-07-31 04:16:49.238981,VIN-511409,1577,86,NONE
2026-07-31 04:16:50.238981,VIN-393425,3186,87,P0171
2026-07-31 04:16:51.238981,VIN-198276,1796,86,NONE
2026-07-31 04:16:52.238981,VIN-967286,3098,86,NONE
2026-07-31 04:16:53.238981,VIN-501237,1726,99,NONE
2026-07-31 04:16:54.238981,VIN-123268,1708,104,NONE
2026-07-31 04:16:55.238981,VIN-407684,2958,98,P0300
2026-07-31 04:16:56.238981,VIN-623981,1663,99,NONE
2026-07-31 04:16:57.238981,VIN-006297,2647,101,P0171
2026-07-31 04:16:58.238981,VIN-849702,3452,93,NONE
2026-07-31 04:16:59.238981,VIN-420266,3194,85,NONE
2026-07-31 04:17:00.238981,VIN-354059,2028,87,NONE
2026-07-31 04:17:01.238981,VIN-491095,2533,86,NONE
2026-07-31 04:17:02.238981,VIN-535360,3186,92,P0420
2026-07-31 04:17:03.238981,VIN-088117,1919,93,P0171
2026-07-31 04:17:04.238981,VIN-421098,3149,85,P0171
2026-07-31 04:17:05.238981,VIN-466916,2081,103,P0420
2026-07-31 04:17:06.238981,VIN-665010,2677,101,NONE
2026-07-31 04:17:07.238981,VIN-615036,3311,98,P0420
2026-07-31 04:17:08.238981,VIN-910791,2393,91,NONE
2026-07-31 04:17:09.238981,VIN-912115,2970,98,NONE
2026-07-31 04:17:10.238981,VIN-445454,2519,90,NONE
2026-07-31 04:17:11.238981,VIN-865925,3114,101,NONE
2026-07-31 04:17:12.238981,VIN-186085,2749,103,P0420
2026-07-31 04:17:13.238981,VIN-942856,3321,87,NONE
2026-07-31 04:17:14.238981,VIN-988328,2147,97,NONE
2026-07-31 04:17:15.238981,VIN-535628,0,92,NONE
2026-07-31 04:17:16.238981,VIN-897986,1943,96,NONE
2026-07-31 04:17:17.238981,VIN-799251,2867,103,NONE
2026-07-31 04:17:18.238981,VIN-265596,2565,91,NONE
2026-07-31 04:17:19.238981,VIN-493930,3308,87,P0171
2026-07-31 04:17:20.238981,VIN-534759,1618,102,NONE
2026-07-31 04:17:21.238981,VIN-821768,1856,88,NONE
2026-07-31 04:17:22.238981,VIN-032443,3081,96,P0300
2026-07-31 04:17:23.238981,VIN-653812,1580,88,P0420
2026-07-31 04:17:24.238981,VIN-931271,3336,103,P0420
2026-07-31 04:17:25.238981,VIN-245864,2875,86,P0300
2026-07-31 04:17:26.238981,VIN-860479,2626,91,P0171
2026-07-31 04:17:27.238981,VIN-639475,1881,88,NONE
2026-07-31 04:17:28.238981,VIN-412265,2301,99,NONE
2026-07-31 04:17:29.238981,VIN-313163,2759,93,P0300
2026-07-31 04:17:30.238981,VIN-307679,3224,104,NONE
2026-07-31 04:17:31.238981,VIN-828700,2038,97,P0171
2026-07-31 04:17:32.238981,VIN-380793,0,98,NONE
2026-07-31 04:17:33.238981,VIN-871883,0,105,P0420
2026-07-31 04:17:34.238981,VIN-517904,2493,90,P0300
2026-07-31 04:17:35.238981,VIN-387417,3066,89,NONE
2026-07-31 04:17:36.238981,VIN-244750,3032,89,NONE
2026-07-31 04:17:37.238981,VIN-850608,3128,91,NONE
2026-07-31 04:17:38.238981,VIN-175544,1653,87,NONE
2026-07-31 04:17:39.238981,VIN-203050,1869,87,NONE
2026-07-31 04:17:40.238981,VIN-629721,2942,102,NONE
2026-07-31 04:17:41.238981,VIN-308652,2625,99,NONE
2026-07-31 04:17:42.238981,VIN-389973,3437,102,P0420
2026-07-31 04:17:43.238981,VIN-253153,1600,104,P0420
2026-07-31 04:17:44.238981,VIN-778663,3047,98,P0300
2026-07-31 04:17:45.238981,VIN-956964,1627,88,P0300
2026-07-31 04:17:46.238981,VIN-316931,0,98,NONE
2026-07-31 04:17:47.238981,VIN-674511,3372,93,NONE
2026-07-31 04:17:48.238981,VIN-481988,2410,96,NONE
2026-07-31 04:17:49.238981,VIN-480126,2461,100,P0420
2026-07-31 04:17:50.238981,VIN-645969,3161,86,P0300
2026-07-31 04:17:51.238981,VIN-617854,2870,93,NONE
2026-07-31 04:17:52.238981,VIN-225722,3239,89,NONE
2026-07-31 04:17:53.238981,VIN-065414,3326,101,NONE
2026-07-31 04:17:54.238981,VIN-374141,2028,101,P0420
2026-07-31 04:17:55.238981,VIN-965485,2690,97,P0420
2026-07-31 04:17:56.238981,VIN-620814,1830,88,P0300
2026-07-31 04:17:57.238981,VIN-923046,2912,94,P0171
2026-07-31 04:17:58.238981,VIN-008191,3219,98,P0420
2026-07-31 04:17:59.238981,VIN-687007,3188,89,NONE
2026-07-31 04:18:00.238981,VIN-100634,1803,89,NONE
2026-07-31 04:18:01.238981,VIN-132704,2276,99,P0300
2026-07-31 04:18:02.238981,VIN-717205,2291,104,P0171
2026-07-31 04:18:03.238981,VIN-342844,1966,85,P0171
2026-07-31 04:18:04.238981,VIN-111055,3301,86,NONE
2026-07-31 04:18:05.238981,VIN-430961,2075,87,P0171
2026-07-31 04:18:06.238981,VIN-033421,1630,102,P0420
2026-07-31 04:18:07.238981,VIN-798472,1867,95,NONE
2026-07-31 04:18:08.238981,VIN-982837,1829,96,NONE
2026-07-31 04:18:09.238981,VIN-230810,3125,101,NONE
2026-07-31 04:18:10.238981,VIN-112723,2731,100,NONE
2026-07-31 04:18:11.238981,VIN-655339,3350,95,P0300
2026-07-31 04:18:12.238981,VIN-690960,3076,93,NONE
2026-07-31 04:18:13.238981,VIN-299478,2884,103,NONE
2026-07-31 04:18:14.238981,VIN-832624,1547,103,NONE
2026-07-31 04:18:15.238981,VIN-483819,1627,93,P0171
2026-07-31 04:18:16.238981,VIN-956046,2282,88,NONE
2026-07-31 04:18:17.238981,VIN-828848,3027,90,NONE
2026-07-31 04:18:18.238981,VIN-048009,3183,100,P0420
2026-07-31 04:18:19.238981,VIN-824577,2191,92,NONE
2026-07-31 04:18:20.238981,VIN-268909,1780,85,NONE
2026-07-31 04:18:21.238981,VIN-390459,3281,94,P0300
2026-07-31 04:18:22.238981,VIN-188978,2899,90,P0300
2026-07-31 04:18:23.238981,VIN-127884,2755,86,NONE
2026-07-31 04:18:24.238981,VIN-550723,2864,102,NONE
2026-07-31 04:18:25.238981,VIN-028474,1943,98,P0300
2026-07-31 04:18:26.238981,VIN-761035,3421,85,P0420
2026-07-31 04:18:27.238981,VIN-714856,2922,85,NONE
2026-07-31 04:18:28.238981,VIN-963381,2763,97,NONE
2026-07-31 04:18:29.238981,VIN-838048,3322,87,P0420
2026-07-31 04:18:30.238981,VIN-106269,2463,101,NONE
2026-07-31 04:18:31.238981,VIN-736294,3154,98,P0420
2026-07-31 04:18:32.238981,VIN-630961,1910,103,NONE
2026-07-31 04:18:33.238981,VIN-892609,3442,90,NONE
2026-07-31 04:18:34.238981,VIN-497554,2966,101,P0420
2026-07-31 04:18:35.238981,VIN-566631,2150,97,NONE
2026-07-31 04:18:36.238981,VIN-093776,2030,101,NONE
2026-07-31 04:18:37.238981,VIN-977557,2062,99,NONE
2026-07-31 04:18:38.238981,VIN-616118,1710,86,NONE
2026-07-31 04:18:39.238981,VIN-316396,2084,102,NONE
2026-07-31 04:18:40.238981,VIN-058915,2627,101,P0300
2026-07-31 04:18:41.238981,VIN-991322,2482,104,P0300
2026-07-31 04:18:42.238981,VIN-275782,2586,91,P0420
2026-07-31 04:18:43.238981,VIN-654753,1812,86,NONE
2026-07-31 04:18:44.238981,VIN-106686,2763,85,P0171
2026-07-31 04:18:45.238981,VIN-638078,3244,85,P0300
2026-07-31 04:18:46.238981,VIN-352842,1979,93,NONE
2026-07-31 04:18:47.238981,VIN-051489,3348,91,P0420
2026-07-31 04:18:48.238981,VIN-545157,2708,102,P0300
2026-07-31 04:18:49.238981,VIN-543777,1806,97,NONE
2026-07-31 04:18:50.238981,VIN-814724,3182,95,NONE
2026-07-31 04:18:51.238981,VIN-853324,2984,104,NONE
2026-07-31 04:18:52.238981,VIN-605351,1711,93,P0171
2026-07-31 04:18:53.238981,VIN-154005,2944,86,P0171
2026-07-31 04:18:54.238981,VIN-588455,0,86,NONE
2026-07-31 04:18:55.238981,VIN-827884,2423,94,NONE
2026-07-31 04:18:56.238981,VIN-707482,2213,99,P0420
2026-07-31 04:18:57.238981,VIN-060139,2775,98,NONE
2026-07-31 04:18:58.238981,VIN-669018,1974,85,P0171
2026-07-31 04:18:59.238981,VIN-596237,2627,97,P0420
2026-07-31 04:19:00.238981,VIN-798616,3230,90,P0420
2026-07-31 04:19:01.238981,VIN-323227,2118,89,P0420
2026-07-31 04:19:02.238981,VIN-522786,3422,93,P0171
2026-07-31 04:19:03.238981,VIN-365262,2414,103,P0300
2026-07-31 04:19:04.238981,VIN-899256,3010,101,NONE
2026-07-31 04:19:05.238981,VIN-452367,3362,100,NONE
2026-07-31 04:19:06.238981,VIN-656168,3188,104,NONE
2026-07-31 04:19:07.238981,VIN-196053,2977,98,NONE
2026-07-31 04:19:08.238981,VIN-670771,2818,90,P0171
2026-07-31 04:19:09.238981,VIN-028791,2243,93,NONE
2026-07-31 04:19:10.238981,VIN-106299,3327,97,P0420
2026-07-31 04:19:11.238981,VIN-075649,2268,104,P0300
2026-07-31 04:19:12.238981,VIN-924696,2817,86,NONE
2026-07-31 04:19:13.238981,VIN-360547,1620,95,NONE
2026-07-31 04:19:14.238981,VIN-521267,2577,92,NONE
2026-07-31 04:19:15.238981,VIN-159518,0,91,P0171
2026-07-31 04:19:16.238981,VIN-251146,3220,100,NONE
2026-07-31 04:19:17.238981,VIN-976049,2180,102,NONE
2026-07-31 04:19:18.238981,VIN-524950,1756,94,NONE
2026-07-31 04:19:19.238981,VIN-024072,2225,102,NONE
2026-07-31 04:19:20.238981,VIN-454950,2606,93,NONE
2026-07-31 04:19:21.238981,VIN-055865,1610,85,NONE
2026-07-31 04:19:22.238981,VIN-878564,2954,90,NONE
2026-07-31 04:19:23.238981,VIN-254167,0,87,NONE
2026-07-31 04:19:24.238981,VIN-047733,3413,100,NONE
2026-07-31 04:19:25.238981,VIN-485095,2732,87,P0420
2026-07-31 04:19:26.238981,VIN-679095,2431,96,P0171
2026-07-31 04:19:27.238981,VIN-556296,2127,92,P0300
2026-07-31 04:19:28.238981,VIN-948966,2045,101,NONE
2026-07-31 04:19:29.238981,VIN-669118,2884,98,NONE
2026-07-31 04:19:30.238981,VIN-047689,2470,98,NONE
2026-07-31 04:19:31.238981,VIN-551269,1844,91,P0420
2026-07-31 04:19:32.238981,VIN-013287,2245,95,P0420
2026-07-31 04:19:33.238981,VIN-017928,2514,105,P0171
2026-07-31 04:19:34.238981,VIN-158734,3066,105,NONE
2026-07-31 04:19:35.238981,VIN-298848,1910,97,P0171
2026-07-31 04:19:36.238981,VIN-895993,3162,103,P0420
2026-07-31 04:19:37.238981,VIN-322884,3216,90,P0420
2026-07-31 04:19:38.238981,VIN-150304,2928,91,P0300
2026-07-31 04:19:39.238981,VIN-580412,2538,96,P0420
2026-07-31 04:19:40.238981,VIN-282418,2070,92,NONE
2026-07-31 04:19:41.238981,VIN-647730,1754,95,NONE
2026-07-31 04:19:42.238981,VIN-528866,3460,96,NONE
2026-07-31 04:19:43.238981,VIN-852915,3183,98,NONE
2026-07-31 04:19:44.238981,VIN-063620,3252,100,NONE
2026-07-31 04:19:45.238981,VIN-693451,0,95,NONE
2026-07-31 04:19:46.238981,VIN-567385,3402,90,P0171
2026-07-31 04:19:47.238981,VIN-827030,1540,92,P0171
2026-07-31 04:19:48.238981,VIN-930769,3292,101,NONE
2026-07-31 04:19:49.238981,VIN-744150,2072,87,NONE
2026-07-31 04:19:50.238981,VIN-723264,2099,101,NONE
2026-07-31 04:19:51.238981,VIN-426432,3280,105,NONE
2026-07-31 04:19:52.238981,VIN-138607,3441,102,NONE
2026-07-31 04:19:53.238981,VIN-140348,0,103,P0171
2026-07-31 04:19:54.238981,VIN-806269,2227,103,NONE
2026-07-31 04:19:55.238981,VIN-248575,2461,102,NONE
2026-07-31 04:19:56.238981,VIN-643776,2528,93,NONE
2026-07-31 04:19:57.238981,VIN-105603,2153,90,NONE
2026-07-31 04:19:58.238981,VIN-848782,3261,87,P0300
2026-07-31 04:19:59.238981,VIN-296143,2394,101,NONE
2026-07-31 04:20:00.238981,VIN-690719,2931,98,NONE
2026-07-31 04:20:01.238981,VIN-581557,2379,97,NONE
2026-07-31 04:20:02.238981,VIN-300716,2178,97,P0300
2026-07-31 04:20:03.238981,VIN-789631,2109,100,NONE
2026-07-31 04:20:04.238981,VIN-762369,3393,89,P0171
2026-07-31 04:20:05.238981,VIN-527824,3093,100,P0420
2026-07-31 04:20:06.238981,VIN-575566,2296,90,NONE
2026-07-31 04:20:07.238981,VIN-172315,1876,90,NONE
2026-07-31 04:20:08.238981,VIN-163715,2582,93,NONE
2026-07-31 04:20:09.238981,VIN-846948,1826,90,NONE
2026-07-31 04:20:10.238981,VIN-400073,1797,88,NONE
2026-07-31 04:20:11.238981,VIN-321321,3417,99,NONE
2026-07-31 04:20:12.238981,VIN-981690,3286,99,P0300
2026-07-31 04:20:13.238981,VIN-051530,3280,89,P0420
2026-07-31 04:20:14.238981,VIN-640809,2090,87,NONE
2026-07-31 04:20:15.238981,VIN-015422,2296,87,NONE
2026-07-31 04:20:16.238981,VIN-142591,2285,97,NONE
2026-07-31 04:20:17.238981,VIN-558670,1833,98,NONE
2026-07-31 04:20:18.238981,VIN-540017,2555,104,P0300
2026-07-31 04:20:19.238981,VIN-240828,3329,96,NONE
2026-07-31 04:20:20.238981,VIN-555449,1679,96,NONE
2026-07-31 04:20:21.238981,VIN-501952,3016,88,NONE
2026-07-31 04:20:22.238981,VIN-210057,1608,105,NONE
2026-07-31 04:20:23.238981,VIN-345451,2293,88,P0300
2026-07-31 04:20:24.238981,VIN-538589,3204,86,P0420
2026-07-31 04:20:25.238981,VIN-520127,2212,88,P0420
2026-07-31 04:20:26.238981,VIN-267718,2113,100,P0300
2026-07-31 04:20:27.238981,VIN-593269,2554,105,NONE
2026-07-31 04:20:28.238981,VIN-266274,2446,103,NONE
2026-07-31 04:20:29.238981,VIN-010667,3440,93,NONE
2026-07-31 04:20:30.238981,VIN-724477,3354,86,P0171
2026-07-31 04:20:31.238981,VIN-169642,2642,97,NONE
2026-07-31 04:20:32.238981,VIN-442208,2163,100,NONE
2026-07-31 04:20:33.238981,VIN-229710,2554,87,P0171
2026-07-31 04:20:34.238981,VIN-455941,2919,96,NONE
2026-07-31 04:20:35.238981,VIN-510316,3186,98,NONE
2026-07-31 04:20:36.238981,VIN-080541,3429,90,P0300
2026-07-31 04:20:37.238981,VIN-432645,3387,89,P0420
2026-07-31 04:20:38.238981,VIN-985095,2026,92,P0300
2026-07-31 04:20:39.238981,VIN-201946,3336,104,P0420
2026-07-31 04:20:40.238981,VIN-451658,3412,91,P0420
2026-07-31 04:20:41.238981,VIN-880614,2668,105,P0300
2026-07-31 04:20:42.238981,VIN-133105,0,100,P0171
2026-07-31 04:20:43.238981,VIN-632310,2752,95,NONE
2026-07-31 04:20:44.238981,VIN-021967,2031,101,P0300
2026-07-31 04:20:45.238981,VIN-086763,2017,100,P0171
2026-07-31 04:20:46.238981,VIN-688673,2472,95,NONE
2026-07-31 04:20:47.238981,VIN-954196,1647,85,P0420
2026-07-31 04:20:48.238981,VIN-652551,2537,94,NONE
2026-07-31 04:20:49.238981,VIN-340999,3383,86,NONE
2026-07-31 04:20:50.238981,VIN-659826,1714,100,P0300
2026-07-31 04:20:51.238981,VIN-633538,2758,104,P0171
2026-07-31 04:20:52.238981,VIN-480094,2861,97,NONE
2026-07-31 04:20:53.238981,VIN-525006,0,96,NONE
2026-07-31 04:20:54.238981,VIN-632280,2920,101,NONE
2026-07-31 04:20:55.238981,VIN-251991,3437,86,P0300
2026-07-31 04:20:56.238981,VIN-604287,2504,90,NONE
2026-07-31 04:20:57.238981,VIN-987828,3031,90,P0171
2026-07-31 04:20:58.238981,VIN-207065,1797,85,P0171
2026-07-31 04:20:59.238981,VIN-809357,1996,88,NONE
2026-07-31 04:21:00.238981,VIN-658321,3494,93,P0420
2026-07-31 04:21:01.238981,VIN-884047,3414,85,NONE
2026-07-31 04:21:02.238981,VIN-626647,2040,90,P0300
2026-07-31 04:21:03.238981,VIN-281945,3488,101,NONE
2026-07-31 04:21:04.238981,VIN-575860,2302,99,P0171
2026-07-31 04:21:05.238981,VIN-846111,2361,85,NONE
2026-07-31 04:21:06.238981,VIN-409805,3151,96,NONE
2026-07-31 04:21:07.238981,VIN-453426,1820,92,P0300
2026-07-31 04:21:08.238981,VIN-479688,2433,87,P0300
2026-07-31 04:21:09.238981,VIN-129655,3248,91,NONE
2026-07-31 04:21:10.238981,VIN-891520,0,93,P0420
2026-07-31 04:21:11.238981,VIN-546869,2951,94,P0171
2026-07-31 04:21:12.238981,VIN-019998,2757,102,NONE
2026-07-31 04:21:13.238981,VIN-059534,3444,85,NONE
2026-07-31 04:21:14.238981,VIN-279832,1583,96,NONE
2026-07-31 04:21:15.238981,VIN-024640,3458,92,P0420
2026-07-31 04:21:16.238981,VIN-536986,3164,92,NONE
2026-07-31 04:21:17.238981,VIN-199493,1640,98,NONE
2026-07-31 04:21:18.238981,VIN-943433,0,92,P0300
2026-07-31 04:21:19.238981,VIN-920037,1622,95,P0420
2026-07-31 04:21:20.238981,VIN-857035,3015,87,P0300
2026-07-31 04:21:21.238981,VIN-055297,2812,96,P0420
2026-07-31 04:21:22.238981,VIN-730680,2331,100,NONE
2026-07-31 04:21:23.238981,VIN-843669,3354,102,NONE
2026-07-31 04:21:24.238981,VIN-097643,2495,90,P0420
2026-07-31 04:21:25.238981,VIN-256815,2376,87,P0420
2026-07-31 04:21:26.238981,VIN-075771,1712,93,NONE
2026-07-31 04:21:27.238981,VIN-049870,2618,87,NONE
2026-07-31 04:21:28.238981,VIN-892630,2072,101,NONE
2026-07-31 04:21:29.238981,VIN-514946,0,85,P0300
2026-07-31 04:21:30.238981,VIN-086952,2408,88,P0420
2026-07-31 04:21:31.238981,VIN-518312,2013,94,NONE
2026-07-31 04:21:32.238981,VIN-938748,1606,99,NONE
2026-07-31 04:21:33.238981,VIN-138908,3108,97,P0420
2026-07-31 04:21:34.238981,VIN-647040,2913,100,NONE
2026-07-31 04:21:35.238981,VIN-359516,2262,95,P0420
2026-07-31 04:21:36.238981,VIN-817190,1720,105,NONE
2026-07-31 04:21:37.238981,VIN-766579,2610,104,P0171
2026-07-31 04:21:38.238981,VIN-503360,2722,92,NONE
2026-07-31 04:21:39.238981,VIN-141032,2786,105,NONE
2026-07-31 04:21:40.238981,VIN-402998,2049,102,P0300
2026-07-31 04:21:41.238981,VIN-766399,2115,85,P0171
2026-07-31 04:21:42.238981,VIN-548907,2347,100,NONE
2026-07-31 04:21:43.238981,VIN-134357,1956,104,NONE
2026-07-31 04:21:44.238981,VIN-822755,3432,102,P0171
2026-07-31 04:21:45.238981,VIN-300568,1997,94,P0171
2026-07-31 04:21:46.238981,VIN-041826,1725,97,NONE
2026-07-31 04:21:47.238981,VIN-922731,3335,87,P0300
2026-07-31 04:21:48.238981,VIN-996336,1504,92,NONE
2026-07-31 04:21:49.238981,VIN-606105,1952,90,NONE
2026-07-31 04:21:50.238981,VIN-108786,3391,91,NONE
2026-07-31 04:21:51.238981,VIN-945288,2720,99,P0420
2026-07-31 04:21:52.238981,VIN-067553,1986,99,P0171
2026-07-31 04:21:53.238981,VIN-389734,1706,93,P0300
2026-07-31 04:21:54.238981,VIN-469537,3223,102,P0171
2026-07-31 04:21:55.238981,VIN-998026,2759,92,NONE
2026-07-31 04:21:56.238981,VIN-782291,3210,86,NONE
2026-07-31 04:21:57.238981,VIN-125445,2835,102,NONE
2026-07-31 04:21:58.238981,VIN-920762,2283,104,P0300
2026-07-31 04:21:59.238981,VIN-124788,2163,93,NONE
2026-07-31 04:22:00.238981,VIN-077783,1596,103,NONE
2026-07-31 04:22:01.238981,VIN-862772,3155,97,NONE
2026-07-31 04:22:02.238981,VIN-692827,2920,93,P0420
2026-07-31 04:22:03.238981,VIN-610254,2406,87,P0420
2026-07-31 04:22:04.238981,VIN-366907,2552,86,P0300
2026-07-31 04:22:05.238981,VIN-376847,1967,87,P0171
2026-07-31 04:22:06.238981,VIN-224566,0,97,P0171
2026-07-31 04:22:07.238981,VIN-119636,3119,90,NONE
2026-07-31 04:22:08.238981,VIN-242075,0,90,NONE
2026-07-31 04:22:09.238981,VIN-800491,1733,94,NONE
2026-07-31 04:22:10.238981,VIN-341905,1875,102,P0420
2026-07-31 04:22:11.238981,VIN-248819,3045,98,NONE
2026-07-31 04:22:12.238981,VIN-698348,1666,86,NONE
2026-07-31 04:22:13.238981,VIN-848294,1552,90,NONE
2026-07-31 04:22:14.238981,VIN-863691,2804,88,NONE
2026-07-31 04:22:15.238981,VIN-658675,3413,95,NONE
2026-07-31 04:22:16.238981,VIN-113029,0,94,NONE
2026-07-31 04:22:17.238981,VIN-306151,1652,105,NONE
2026-07-31 04:22:18.238981,VIN-952103,2702,98,P0171
2026-07-31 04:22:19.238981,VIN-808780,2139,96,P0420
2026-07-31 04:22:20.238981,VIN-723533,2336,86,NONE
2026-07-31 04:22:21.238981,VIN-519102,3279,101,NONE
2026-07-31 04:22:22.238981,VIN-308972,3462,94,NONE
2026-07-31 04:22:23.238981,VIN-738615,2802,92,NONE
2026-07-31 04:22:24.238981,VIN-164565,2716,92,NONE
2026-07-31 04:22:25.238981,VIN-168683,1739,89,P0300
2026-07-31 04:22:26.238981,VIN-373106,1555,99,P0171
2026-07-31 04:22:27.238981,VIN-770099,3377,103,NONE
2026-07-31 04:22:28.238981,VIN-566753,2673,90,NONE
2026-07-31 04:22:29.238981,VIN-077021,3247,88,P0300
2026-07-31 04:22:30.238981,VIN-011130,1640,87,P0300
2026-07-31 04:22:31.238981,VIN-918299,1963,99,NONE
2026-07-31 04:22:32.238981,VIN-465462,1860,98,NONE
2026-07-31 04:22:33.238981,VIN-299756,1602,95,P0171
2026-07-31 04:22:34.238981,VIN-545045,3182,99,NONE
2026-07-31 04:22:35.238981,VIN-418687,1507,102,NONE
2026-07-31 04:22:36.238981,VIN-359214,1752,103,NONE
2026-07-31 04:22:37.238981,VIN-844934,3215,103,NONE
2026-07-31 04:22:38.238981,VIN-696494,0,105,NONE
2026-07-31 04:22:39.238981,VIN-810079,3288,105,P0420
2026-07-31 04:22:40.238981,VIN-823247,3457,85,P0300
2026-07-31 04:22:41.238981,VIN-400567,2775,101,NONE
2026-07-31 04:22:42.238981,VIN-282818,3118,104,P0420
2026-07-31 04:22:43.238981,VIN-658331,3299,90,NONE
2026-07-31 04:22:44.238981,VIN-525342,3046,91,NONE
2026-07-31 04:22:45.238981,VIN-005701,1623,89,P0420
2026-07-31 04:22:46.238981,VIN-201422,2580,88,P0420
2026-07-31 04:22:47.238981,VIN-271748,2328,100,P0300
2026-07-31 04:22:48.238981,VIN-742855,2798,102,P0300
2026-07-31 04:22:49.238981,VIN-808568,3385,100,P0420
2026-07-31 04:22:50.238981,VIN-580971,1782,91,NONE
2026-07-31 04:22:51.238981,VIN-168115,1508,95,NONE
2026-07-31 04:22:52.238981,VIN-232623,2614,92,P0300
2026-07-31 04:22:53.238981,VIN-004313,2895,101,P0420
2026-07-31 04:22:54.238981,VIN-631380,0,91,NONE
2026-07-31 04:22:55.238981,VIN-073413,0,97,P0171
2026-07-31 04:22:56.238981,VIN-611105,1592,89,P0420
2026-07-31 04:22:57.238981,VIN-984246,2542,93,P0300
2026-07-31 04:22:58.238981,VIN-197324,2288,88,NONE
2026-07-31 04:22:59.238981,VIN-105172,2227,91,P0171
2026-07-31 04:23:00.238981,VIN-643780,1568,86,NONE
2026-07-31 04:23:01.238981,VIN-956425,3384,92,P0420
2026-07-31 04:23:02.238981,VIN-314847,2683,96,NONE
2026-07-31 04:23:03.238981,VIN-995874,2501,103,P0420
2026-07-31 04:23:04.238981,VIN-180837,2386,92,P0171
2026-07-31 04:23:05.238981,VIN-838021,2310,102,NONE
2026-07-31 04:23:06.238981,VIN-562703,3296,102,P0171
2026-07-31 04:23:07.238981,VIN-547258,2522,93,P0171
2026-07-31 04:23:08.238981,VIN-158417,1704,101,P0171
2026-07-31 04:23:09.238981,VIN-327861,3335,98,NONE
2026-07-31 04:23:10.238981,VIN-044576,3125,88,P0300
2026-07-31 04:23:11.238981,VIN-549121,2091,98,NONE
2026-07-31 04:23:12.238981,VIN-371152,1765,102,P0300
2026-07-31 04:23:13.238981,VIN-067664,3304,85,NONE
2026-07-31 04:23:14.238981,VIN-754802,2934,90,P0300
2026-07-31 04:23:15.238981,VIN-030903,1764,103,NONE
2026-07-31 04:23:16.238981,VIN-130766,2914,105,NONE
2026-07-31 04:23:17.238981,VIN-750595,0,87,NONE
2026-07-31 04:23:18.238981,VIN-854425,0,99,NONE
2026-07-31 04:23:19.238981,VIN-318627,1746,97,P0420
2026-07-31 04:23:20.238981,VIN-583808,0,91,P0300
2026-07-31 04:23:21.238981,VIN-117490,2445,102,NONE
2026-07-31 04:23:22.238981,VIN-260016,1573,93,NONE
2026-07-31 04:23:23.238981,VIN-425713,2551,102,P0300
2026-07-31 04:23:24.238981,VIN-157686,2228,87,NONE
2026-07-31 04:23:25.238981,VIN-890051,1839,97,P0171
2026-07-31 04:23:26.238981,VIN-447959,2534,99,P0300
2026-07-31 04:23:27.238981,VIN-626311,2284,97,P0300
2026-07-31 04:23:28.238981,VIN-812805,2409,97,P0171
2026-07-31 04:23:29.238981,VIN-334287,3469,100,P0420
2026-07-31 04:23:30.238981,VIN-573807,3026,98,P0300
2026-07-31 04:23:31.238981,VIN-857149,3145,95,P0171
2026-07-31 04:23:32.238981,VIN-278270,2755,98,P0420
2026-07-31 04:23:33.238981,VIN-956626,2107,104,P0300
2026-07-31 04:23:34.238981,VIN-140749,3103,99,P0420
2026-07-31 04:23:35.238981,VIN-015406,2932,89,P0171
2026-07-31 04:23:36.238981,VIN-765786,2813,102,NONE
2026-07-31 04:23:37.238981,VIN-426848,1553,94,NONE
2026-07-31 04:23:38.238981,VIN-354519,2770,94,P0171
2026-07-31 04:23:39.238981,VIN-738021,1512,102,NONE
2026-07-31 04:23:40.238981,VIN-140362,2712,90,P0300
2026-07-31 04:23:41.238981,VIN-246413,2975,98,NONE
2026-07-31 04:23:42.238981,VIN-354727,1558,90,P0171
2026-07-31 04:23:43.238981,VIN-866724,1930,98,P0420
2026-07-31 04:23:44.238981,VIN-543501,2883,89,P0420
2026-07-31 04:23:45.238981,VIN-518848,2418,96,P0171
2026-07-31 04:23:46.238981,VIN-278609,2800,102,NONE
2026-07-31 04:23:47.238981,VIN-379295,3100,102,P0171
2026-07-31 04:23:48.238981,VIN-132656,2536,85,P0171
2026-07-31 04:23:49.238981,VIN-550469,2603,99,P0300
2026-07-31 04:23:50.238981,VIN-991422,2488,93,NONE
2026-07-31 04:23:51.238981,VIN-299578,1822,94,P0300
2026-07-31 04:23:52.238981,VIN-631309,1937,93,P0171
2026-07-31 04:23:53.238981,VIN-534925,0,102,P0171
2026-07-31 04:23:54.238981,VIN-737671,3052,87,NONE
2026-07-31 04:23:55.238981,VIN-153662,2042,93,NONE
2026-07-31 04:23:56.238981,VIN-666444,3096,100,NONE
2026-07-31 04:23:57.238981,VIN-498365,2935,103,NONE
2026-07-31 04:23:58.238981,VIN-890807,1700,95,NONE
2026-07-31 04:23:59.238981,VIN-728669,1532,103,NONE
2026-07-31 04:24:00.238981,VIN-984791,1942,88,NONE
2026-07-31 04:24:01.238981,VIN-487040,2911,88,NONE
2026-07-31 04:24:02.238981,VIN-389271,2058,87,P0420
2026-07-31 04:24:03.238981,VIN-575665,2393,92,P0171
2026-07-31 04:24:04.238981,VIN-726084,1863,91,NONE
2026-07-31 04:24:05.238981,VIN-900560,2410,97,NONE
2026-07-31 04:24:06.238981,VIN-809877,1896,105,P0300
2026-07-31 04:24:07.238981,VIN-657605,3181,88,NONE
2026-07-31 04:24:08.238981,VIN-799313,2341,103,NONE
2026-07-31 04:24:09.238981,VIN-566769,3469,89,P0300
2026-07-31 04:24:10.238981,VIN-026296,3465,93,NONE
2026-07-31 04:24:11.238981,VIN-580790,2539,90,NONE
2026-07-31 04:24:12.238981,VIN-046621,1709,100,NONE
2026-07-31 04:24:13.238981,VIN-697180,1732,90,P0171
2026-07-31 04:24:14.238981,VIN-552760,3237,86,P0300
2026-07-31 04:24:15.238981,VIN-831777,1775,96,NONE
2026-07-31 04:24:16.238981,VIN-473538,2002,94,P0420
2026-07-31 04:24:17.238981,VIN-793118,3078,105,P0171
2026-07-31 04:24:18.238981,VIN-838459,1977,105,P0171
2026-07-31 04:24:19.238981,VIN-666240,2954,94,NONE
2026-07-31 04:24:20.238981,VIN-911825,0,103,P0171
2026-07-31 04:24:21.238981,VIN-416149,2923,96,P0171
2026-07-31 04:24:22.238981,VIN-392961,1795,87,NONE
2026-07-31 04:24:23.238981,VIN-337179,1563,98,P0171
2026-07-31 04:24:24.238981,VIN-195611,2695,105,NONE
2026-07-31 04:24:25.238981,VIN-922315,3452,90,P0300
2026-07-31 04:24:26.238981,VIN-111420,1947,101,NONE
2026-07-31 04:24:27.238981,VIN-494912,1650,88,NONE
2026-07-31 04:24:28.238981,VIN-868056,3159,85,NONE
2026-07-31 04:24:29.238981,VIN-155596,2162,103,NONE
2026-07-31 04:24:30.238981,VIN-938074,2172,101,NONE
2026-07-31 04:24:31.238981,VIN-223682,2365,99,P0171
2026-07-31 04:24:32.238981,VIN-253428,1904,101,P0420
2026-07-31 04:24:33.238981,VIN-071249,1580,94,P0420
2026-07-31 04:24:34.238981,VIN-954928,1783,102,NONE
2026-07-31 04:24:35.238981,VIN-904784,2038,94,NONE
2026-07-31 04:24:36.238981,VIN-440105,3382,89,NONE
2026-07-31 04:24:37.238981,VIN-429213,0,94,NONE
2026-07-31 04:24:38.238981,VIN-514731,2795,103,P0420
2026-07-31 04:24:39.238981,VIN-021732,2006,88,P0300
2026-07-31 04:24:40.238981,VIN-448498,3092,99,P0171
2026-07-31 04:24:41.238981,VIN-965157,2205,90,P0300
2026-07-31 04:24:42.238981,VIN-035143,2419,97,NONE
2026-07-31 04:24:43.238981,VIN-522046,1880,88,P0300
2026-07-31 04:24:44.238981,VIN-361664,1735,105,NONE
2026-07-31 04:24:45.238981,VIN-840362,3327,88,NONE
2026-07-31 04:24:46.238981,VIN-625224,2439,99,NONE
2026-07-31 04:24:47.238981,VIN-866165,2040,86,P0171
2026-07-31 04:24:48.238981,VIN-453422,0,88,NONE
2026-07-31 04:24:49.238981,VIN-009190,2978,93,P0171
2026-07-31 04:24:50.238981,VIN-396623,2426,102,P0420
2026-07-31 04:24:51.238981,VIN-966595,3483,91,NONE
2026-07-31 04:24:52.238981,VIN-960193,3495,93,P0420
2026-07-31 04:24:53.238981,VIN-871119,3057,94,NONE
2026-07-31 04:24:54.238981,VIN-793415,2629,99,NONE
2026-07-31 04:24:55.238981,VIN-587014,2506,105,NONE
2026-07-31 04:24:56.238981,VIN-302763,2090,103,NONE
2026-07-31 04:24:57.238981,VIN-815570,3273,88,P0300
2026-07-31 04:24:58.238981,VIN-563329,2479,87,P0171
2026-07-31 04:24:59.238981,VIN-156951,3006,94,NONE
2026-07-31 04:25:00.238981,VIN-949351,2107,105,P0420
2026-07-31 04:25:01.238981,VIN-892476,2526,94,NONE
2026-07-31 04:25:02.238981,VIN-190558,3323,91,NONE
2026-07-31 04:25:03.238981,VIN-832517,3319,91,NONE
2026-07-31 04:25:04.238981,VIN-818811,1816,94,NONE
2026-07-31 04:25:05.238981,VIN-702444,3408,94,P0420
2026-07-31 04:25:06.238981,VIN-277350,2764,89,NONE
2026-07-31 04:25:07.238981,VIN-835526,0,88,NONE
2026-07-31 04:25:08.238981,VIN-906412,1680,103,P0420
2026-07-31 04:25:09.238981,VIN-370009,1706,89,NONE
2026-07-31 04:25:10.238981,VIN-202776,3054,89,P0300
2026-07-31 04:25:11.238981,VIN-940779,1749,105,NONE
2026-07-31 04:25:12.238981,VIN-969922,3212,93,P0171
2026-07-31 04:25:13.238981,VIN-476804,2274,99,NONE
2026-07-31 04:25:14.238981,VIN-099957,1894,88,NONE
2026-07-31 04:25:15.238981,VIN-491089,3186,97,P0300
2026-07-31 04:25:16.238981,VIN-206157,3462,91,P0300
2026-07-31 04:25:17.238981,VIN-690756,3455,102,P0300
2026-07-31 04:25:18.238981,VIN-391567,1660,98,NONE
2026-07-31 04:25:19.238981,VIN-553405,3229,101,P0300
2026-07-31 04:25:20.238981,VIN-413635,3399,100,NONE
2026-07-31 04:25:21.238981,VIN-761027,2825,100,NONE
2026-07-31 04:25:22.238981,VIN-629750,2922,85,P0300
2026-07-31 04:25:23.238981,VIN-591647,3089,103,NONE
2026-07-31 04:25:24.238981,VIN-473791,1607,95,P0171
2026-07-31 04:25:25.238981,VIN-860798,1830,86,P0300
2026-07-31 04:25:26.238981,VIN-226375,0,104,P0300
2026-07-31 04:25:27.238981,VIN-188227,1576,99,NONE
2026-07-31 04:25:28.238981,VIN-774369,3486,90,P0420
2026-07-31 04:25:29.238981,VIN-293904,1651,96,P0171
2026-07-31 04:25:30.238981,VIN-299736,3329,105,P0420
2026-07-31 04:25:31.238981,VIN-184654,1903,85,P0420
2026-07-31 04:25:32.238981,VIN-685319,2745,103,P0300
2026-07-31 04:25:33.238981,VIN-650928,2780,88,NONE
2026-07-31 04:25:34.238981,VIN-946317,1691,104,P0171
2026-07-31 04:25:35.238981,VIN-000241,2597,93,P0420
2026-07-31 04:25:36.238981,VIN-539621,2696,99,NONE
2026-07-31 04:25:37.238981,VIN-455992,2079,93,NONE
2026-07-31 04:25:38.238981,VIN-364321,2246,99,NONE
2026-07-31 04:25:39.238981,VIN-703884,2801,99,P0171
2026-07-31 04:25:40.238981,VIN-129502,3163,100,NONE
2026-07-31 04:25:41.238981,VIN-755399,3247,102,P0420
2026-07-31 04:25:42.238981,VIN-952409,2848,89,P0420
2026-07-31 04:25:43.238981,VIN-572117,3489,88,NONE
2026-07-31 04:25:44.238981,VIN-438590,3312,102,P0171
2026-07-31 04:25:45.238981,VIN-059623,2346,100,NONE
2026-07-31 04:25:46.238981,VIN-818542,2461,86,NONE
2026-07-31 04:25:47.238981,VIN-512367,2683,104,NONE
2026-07-31 04:25:48.238981,VIN-750637,0,101,P0300
2026-07-31 04:25:49.238981,VIN-924453,1603,103,NONE
2026-07-31 04:25:50.238981,VIN-336547,3495,105,P0420
2026-07-31 04:25:51.238981,VIN-911020,3383,88,P0171
2026-07-31 04:25:52.238981,VIN-821506,2749,102,NONE
2026-07-31 04:25:53.238981,VIN-199680,2763,105,P0171
2026-07-31 04:25:54.238981,VIN-111532,2803,101,P0300
2026-07-31 04:25:55.238981,VIN-304578,1749,88,NONE
2026-07-31 04:25:56.238981,VIN-806972,3346,95,NONE
2026-07-31 04:25:57.238981,VIN-343009,1535,89,NONE
2026-07-31 04:25:58.238981,VIN-671315,3388,97,NONE
2026-07-31 04:25:59.238981,VIN-591498,1800,98,P0300
2026-07-31 04:26:00.238981,VIN-303152,3213,105,P0171
2026-07-31 04:26:01.238981,VIN-088115,2845,104,P0420
2026-07-31 04:26:02.238981,VIN-699709,2265,85,NONE
2026-07-31 04:26:03.238981,VIN-161463,2883,88,NONE
2026-07-31 04:26:04.238981,VIN-400110,2401,97,P0300
2026-07-31 04:26:05.238981,VIN-333153,2807,94,P0420
2026-07-31 04:26:06.238981,VIN-602450,2756,93,NONE
2026-07-31 04:26:07.238981,VIN-416029,1551,102,P0420
2026-07-31 04:26:08.238981,VIN-502068,3010,101,NONE
2026-07-31 04:26:09.238981,VIN-888144,2375,98,NONE
2026-07-31 04:26:10.238981,VIN-577974,1630,89,P0171
2026-07-31 04:26:11.238981,VIN-599206,2361,93,P0420
2026-07-31 04:26:12.238981,VIN-947497,2152,87,NONE
2026-07-31 04:26:13.238981,VIN-585379,2017,98,NONE
2026-07-31 04:26:14.238981,VIN-748857,2757,101,P0171
2026-07-31 04:26:15.238981,VIN-199563,3370,105,NONE
2026-07-31 04:26:16.238981,VIN-432662,2885,94,NONE
2026-07-31 04:26:17.238981,VIN-101982,2437,86,NONE
2026-07-31 04:26:18.238981,VIN-301998,2128,96,P0171
2026-07-31 04:26:19.238981,VIN-878812,2686,96,P0420
2026-07-31 04:26:20.238981,VIN-978286,0,90,NONE
2026-07-31 04:26:21.238981,VIN-581291,3099,96,P0171
2026-07-31 04:26:22.238981,VIN-704615,0,99,NONE
2026-07-31 04:26:23.238981,VIN-647409,2036,90,P0300
2026-07-31 04:26:24.238981,VIN-158829,3001,101,NONE
2026-07-31 04:26:25.238981,VIN-903470,1748,99,P0171
2026-07-31 04:26:26.238981,VIN-960644,2091,99,NONE
2026-07-31 04:26:27.238981,VIN-699722,2423,102,P0171
2026-07-31 04:26:28.238981,VIN-844023,2855,88,P0171
2026-07-31 04:26:29.238981,VIN-495132,1830,94,P0420
2026-07-31 04:26:30.238981,VIN-761110,1896,86,NONE
2026-07-31 04:26:31.238981,VIN-147674,2495,104,NONE
2026-07-31 04:26:32.238981,VIN-147687,0,96,P0420
2026-07-31 04:26:33.238981,VIN-204432,1926,89,NONE
2026-07-31 04:26:34.238981,VIN-094860,3284,93,NONE
2026-07-31 04:26:35.238981,VIN-780332,3167,90,NONE
2026-07-31 04:26:36.238981,VIN-281615,1776,88,NONE
2026-07-31 04:26:37.238981,VIN-031509,2820,94,NONE
2026-07-31 04:26:38.238981,VIN-648050,2037,94,P0300
2026-07-31 04:26:39.238981,VIN-906351,2473,101,P0171
2026-07-31 04:26:40.238981,VIN-738109,2116,101,NONE
2026-07-31 04:26:41.238981,VIN-541460,2799,97,P0171
2026-07-31 04:26:42.238981,VIN-024536,1651,97,NONE
2026-07-31 04:26:43.238981,VIN-547272,2556,97,NONE
2026-07-31 04:26:44.238981,VIN-686009,0,96,NONE
2026-07-31 04:26:45.238981,VIN-045547,1989,101,P0300
2026-07-31 04:26:46.238981,VIN-270769,1817,87,NONE
2026-07-31 04:26:47.238981,VIN-707076,2653,105,NONE
2026-07-31 04:26:48.238981,VIN-333461,2356,91,P0171
2026-07-31 04:26:49.238981,VIN-506224,1912,86,P0300
2026-07-31 04:26:50.238981,VIN-422165,2851,100,P0300
2026-07-31 04:26:51.238981,VIN-430886,0,99,NONE
2026-07-31 04:26:52.238981,VIN-886761,0,92,P0171
2026-07-31 04:26:53.238981,VIN-583868,1742,87,NONE
2026-07-31 04:26:54.238981,VIN-475130,0,89,NONE
2026-07-31 04:26:55.238981,VIN-790961,2962,105,NONE
2026-07-31 04:26:56.238981,VIN-385944,1760,87,P0171
2026-07-31 04:26:57.238981,VIN-368366,2912,100,P0300
2026-07-31 04:26:58.238981,VIN-702144,2848,94,P0300
2026-07-31 04:26:59.238981,VIN-221894,2363,105,P0420
2026-07-31 04:27:00.238981,VIN-305226,2289,88,P0300
2026-07-31 04:27:01.238981,VIN-975400,3256,91,NONE
2026-07-31 04:27:02.238981,VIN-798289,0,88,NONE
2026-07-31 04:27:03.238981,VIN-250571,3281,86,NONE
2026-07-31 04:27:04.238981,VIN-521901,2489,96,NONE
2026-07-31 04:27:05.238981,VIN-938797,2895,100,P0171
2026-07-31 04:27:06.238981,VIN-000723,1946,105,P0171
2026-07-31 04:27:07.238981,VIN-420762,2051,94,NONE
2026-07-31 04:27:08.238981,VIN-783767,0,96,NONE
2026-07-31 04:27:09.238981,VIN-699475,1578,97,NONE
2026-07-31 04:27:10.238981,VIN-023128,2783,103,NONE
2026-07-31 04:27:11.238981,VIN-735018,3359,87,P0300
2026-07-31 04:27:12.238981,VIN-558250,3461,90,P0300
2026-07-31 04:27:13.238981,VIN-540178,1636,87,NONE
2026-07-31 04:27:14.238981,VIN-061921,2993,87,P0420
2026-07-31 04:27:15.238981,VIN-213252,1743,86,P0420
2026-07-31 04:27:16.238981,VIN-270447,3040,95,P0420
2026-07-31 04:27:17.238981,VIN-664963,2756,95,NONE
2026-07-31 04:27:18.238981,VIN-352521,3465,97,NONE
2026-07-31 04:27:19.238981,VIN-346217,1986,86,NONE
2026-07-31 04:27:20.238981,VIN-033597,1802,99,NONE
2026-07-31 04:27:21.238981,VIN-710540,3393,99,P0420
2026-07-31 04:27:22.238981,VIN-611346,1905,91,NONE
2026-07-31 04:27:23.238981,VIN-655235,3229,105,NONE
2026-07-31 04:27:24.238981,VIN-230971,2391,98,NONE
2026-07-31 04:27:25.238981,VIN-213896,1550,86,NONE
2026-07-31 04:27:26.238981,VIN-731050,3485,104,P0300
2026-07-31 04:27:27.238981,VIN-515598,2965,85,NONE
2026-07-31 04:27:28.238981,VIN-567864,2737,87,P0171
2026-07-31 04:27:29.238981,VIN-914399,2052,105,NONE
2026-07-31 04:27:30.238981,VIN-811862,2257,98,NONE
2026-07-31 04:27:31.238981,VIN-051067,2921,94,NONE
2026-07-31 04:27:32.238981,VIN-497526,2019,88,P0420
2026-07-31 04:27:33.238981,VIN-226419,2623,93,NONE
2026-07-31 04:27:34.238981,VIN-947530,3411,97,P0420
2026-07-31 04:27:35.238981,VIN-770790,2302,89,NONE
2026-07-31 04:27:36.238981,VIN-685956,2100,100,P0171
2026-07-31 04:27:37.238981,VIN-817186,1841,89,NONE
2026-07-31 04:27:38.238981,VIN-268692,2261,86,P0171
2026-07-31 04:27:39.238981,VIN-450495,3368,98,NONE
2026-07-31 04:27:40.238981,VIN-121361,1500,94,NONE
2026-07-31 04:27:41.238981,VIN-016195,1789,95,P0300
2026-07-31 04:27:42.238981,VIN-285787,2150,93,NONE
2026-07-31 04:27:43.238981,VIN-397052,2758,97,NONE
2026-07-31 04:27:44.238981,VIN-999047,2889,91,NONE
2026-07-31 04:27:45.238981,VIN-491095,1567,90,NONE
2026-07-31 04:27:46.238981,VIN-409564,2797,103,P0300
2026-07-31 04:27:47.238981,VIN-543825,2550,99,P0171
2026-07-31 04:27:48.238981,VIN-778687,2246,90,P0171
2026-07-31 04:27:49.238981,VIN-188803,1638,85,NONE
2026-07-31 04:27:50.238981,VIN-131955,3017,105,P0420
2026-07-31 04:27:51.238981,VIN-720286,2603,96,P0300
2026-07-31 04:27:52.238981,VIN-718921,2974,101,NONE
2026-07-31 04:27:53.238981,VIN-652357,2839,104,P0171
2026-07-31 04:27:54.238981,VIN-988253,2278,87,NONE
2026-07-31 04:27:55.238981,VIN-996709,1651,92,NONE
2026-07-31 04:27:56.238981,VIN-038725,2931,94,NONE
2026-07-31 04:27:57.238981,VIN-430919,2181,86,P0171
2026-07-31 04:27:58.238981,VIN-957101,2362,103,NONE
2026-07-31 04:27:59.238981,VIN-290529,1974,86,NONE
2026-07-31 04:28:00.238981,VIN-052843,2547,95,NONE
2026-07-31 04:28:01.238981,VIN-662203,2566,94,NONE
2026-07-31 04:28:02.238981,VIN-710899,1568,90,P0300
2026-07-31 04:28:03.238981,VIN-357537,1773,90,P0171
2026-07-31 04:28:04.238981,VIN-501108,2333,86,P0420
2026-07-31 04:28:05.238981,VIN-795597,2456,99,NONE
2026-07-31 04:28:06.238981,VIN-157358,3187,96,NONE
2026-07-31 04:28:07.238981,VIN-452993,3454,85,NONE
2026-07-31 04:28:08.238981,VIN-234111,1531,87,NONE
2026-07-31 04:28:09.238981,VIN-633181,0,92,NONE
2026-07-31 04:28:10.238981,VIN-287477,2966,95,P0420
2026-07-31 04:28:11.238981,VIN-025770,1718,102,NONE
2026-07-31 04:28:12.238981,VIN-856721,0,95,NONE
2026-07-31 04:28:13.238981,VIN-239899,3230,85,NONE
2026-07-31 04:28:14.238981,VIN-550208,0,92,P0300
2026-07-31 04:28:15.238981,VIN-921246,3287,96,P0300
2026-07-31 04:28:16.238981,VIN-810662,3188,95,NONE
2026-07-31 04:28:17.238981,VIN-364389,2983,99,P0171
2026-07-31 04:28:18.238981,VIN-869166,2134,99,NONE
2026-07-31 04:28:19.238981,VIN-603448,1643,95,NONE
2026-07-31 04:28:20.238981,VIN-732189,2537,99,NONE
2026-07-31 04:28:21.238981,VIN-488566,3383,100,P0420
2026-07-31 04:28:22.238981,VIN-730617,2347,99,NONE
2026-07-31 04:28:23.238981,VIN-273530,2241,87,P0420
2026-07-31 04:28:24.238981,VIN-626628,3353,96,NONE
2026-07-31 04:28:25.238981,VIN-989106,3338,101,NONE
2026-07-31 04:28:26.238981,VIN-594470,3187,94,P0300
2026-07-31 04:28:27.238981,VIN-204150,2254,101,P0171
2026-07-31 04:28:28.238981,VIN-421738,3113,88,P0420
2026-07-31 04:28:29.238981,VIN-364171,3245,88,NONE
2026-07-31 04:28:30.238981,VIN-290970,3107,103,NONE
2026-07-31 04:28:31.238981,VIN-767570,2277,90,P0420
2026-07-31 04:28:32.238981,VIN-064987,1537,95,NONE
2026-07-31 04:28:33.238981,VIN-064170,2838,88,NONE
2026-07-31 04:28:34.238981,VIN-370055,1711,100,P0300
2026-07-31 04:28:35.238981,VIN-300178,2597,97,NONE
2026-07-31 04:28:36.238981,VIN-775795,1796,100,P0420
2026-07-31 04:28:37.238981,VIN-892552,3432,87,NONE
2026-07-31 04:28:38.238981,VIN-502153,3248,88,P0171
2026-07-31 04:28:39.238981,VIN-980139,2049,102,P0420
2026-07-31 04:28:40.238981,VIN-700169,1839,91,NONE
2026-07-31 04:28:41.238981,VIN-906367,3000,86,NONE
2026-07-31 04:28:42.238981,VIN-694633,1993,92,NONE
2026-07-31 04:28:43.238981,VIN-852585,2009,97,NONE
2026-07-31 04:28:44.238981,VIN-439566,1791,102,P0420
2026-07-31 04:28:45.238981,VIN-480336,2156,88,P0171
2026-07-31 04:28:46.238981,VIN-364434,2065,101,P0300
2026-07-31 04:28:47.238981,VIN-197366,3233,86,NONE
2026-07-31 04:28:48.238981,VIN-821566,3105,91,NONE
2026-07-31 04:28:49.238981,VIN-542893,2753,91,NONE
2026-07-31 04:28:50.238981,VIN-640965,3427,85,NONE
2026-07-31 04:28:51.238981,VIN-378614,1564,90,P0300
2026-07-31 04:28:52.238981,VIN-234053,2278,95,NONE
2026-07-31 04:28:53.238981,VIN-033011,2253,99,P0420
2026-07-31 04:28:54.238981,VIN-887189,2682,98,NONE
2026-07-31 04:28:55.238981,VIN-043691,2624,101,NONE
2026-07-31 04:28:56.238981,VIN-780078,2085,85,NONE
2026-07-31 04:28:57.238981,VIN-711035,2768,105,P0171
2026-07-31 04:28:58.238981,VIN-193683,0,89,NONE
2026-07-31 04:28:59.238981,VIN-240896,3393,98,NONE
2026-07-31 04:29:00.238981,VIN-210300,1948,96,NONE
2026-07-31 04:29:01.238981,VIN-877166,1775,97,NONE
2026-07-31 04:29:02.238981,VIN-149331,2672,87,NONE
2026-07-31 04:29:03.238981,VIN-642685,3320,92,P0420
2026-07-31 04:29:04.238981,VIN-520359,2815,104,NONE
2026-07-31 04:29:05.238981,VIN-466146,2753,89,P0420
2026-07-31 04:29:06.238981,VIN-416075,3039,96,NONE
2026-07-31 04:29:07.238981,VIN-075699,1654,103,NONE
2026-07-31 04:29:08.238981,VIN-679195,2411,91,P0171
2026-07-31 04:29:09.238981,VIN-304898,2821,91,P0300
2026-07-31 04:29:10.238981,VIN-784299,1504,93,NONE
2026-07-31 04:29:11.238981,VIN-003372,1655,90,P0171
2026-07-31 04:29:12.238981,VIN-432540,1626,89,P0300
2026-07-31 04:29:13.238981,VIN-146842,3444,90,P0171
2026-07-31 04:29:14.238981,VIN-539699,3043,92,P0300
2026-07-31 04:29:15.238981,VIN-188258,2555,88,P0171
2026-07-31 04:29:16.238981,VIN-087725,3020,103,NONE
2026-07-31 04:29:17.238981,VIN-057207,1782,93,NONE
2026-07-31 04:29:18.238981,VIN-178462,2704,101,NONE
2026-07-31 04:29:19.238981,VIN-024110,2006,102,NONE
2026-07-31 04:29:20.238981,VIN-729758,3155,104,NONE
2026-07-31 04:29:21.238981,VIN-707573,2841,85,NONE
2026-07-31 04:29:22.238981,VIN-274869,1977,99,NONE
2026-07-31 04:29:23.238981,VIN-088575,2253,98,P0420
2026-07-31 04:29:24.238981,VIN-618410,1668,88,P0300
2026-07-31 04:29:25.238981,VIN-741039,2822,99,P0420
2026-07-31 04:29:26.238981,VIN-760350,2769,96,P0171
2026-07-31 04:29:27.238981,VIN-530664,1531,86,P0420
2026-07-31 04:29:28.238981,VIN-856716,2238,100,NONE
2026-07-31 04:29:29.238981,VIN-110793,3432,88,NONE
2026-07-31 04:29:30.238981,VIN-372235,2281,85,P0171
2026-07-31 04:29:31.238981,VIN-601363,1543,94,NONE
2026-07-31 04:29:32.238981,VIN-529968,2570,102,P0171
2026-07-31 04:29:33.238981,VIN-847704,2102,87,NONE
2026-07-31 04:29:34.238981,VIN-746422,2183,102,NONE
2026-07-31 04:29:35.238981,VIN-518659,0,89,P0171
2026-07-31 04:29:36.238981,VIN-143740,1689,85,NONE
2026-07-31 04:29:37.238981,VIN-347326,1796,95,P0300
2026-07-31 04:29:38.238981,VIN-607109,3036,91,NONE
2026-07-31 04:29:39.238981,VIN-835789,2969,91,NONE
2026-07-31 04:29:40.238981,VIN-231452,2037,96,P0300
2026-07-31 04:29:41.238981,VIN-321790,2136,90,NONE
2026-07-31 04:29:42.238981,VIN-381751,2769,99,NONE
2026-07-31 04:29:43.238981,VIN-124710,1998,102,NONE
2026-07-31 04:29:44.238981,VIN-623876,3408,102,NONE
2026-07-31 04:29:45.238981,VIN-596017,2259,105,P0171
2026-07-31 04:29:46.238981,VIN-375833,3012,104,P0420
2026-07-31 04:29:47.238981,VIN-443618,2932,105,P0171
2026-07-31 04:29:48.238981,VIN-768892,3332,87,P0171
2026-07-31 04:29:49.238981,VIN-519871,2583,102,NONE
2026-07-31 04:29:50.238981,VIN-405281,2077,96,P0420
2026-07-31 04:29:51.238981,VIN-107200,2703,92,P0300
2026-07-31 04:29:52.238981,VIN-417532,2098,95,NONE
2026-07-31 04:29:53.238981,VIN-408655,2423,94,P0171
2026-07-31 04:29:54.238981,VIN-574976,2221,90,NONE
2026-07-31 04:29:55.238981,VIN-400248,3107,93,P0300
2026-07-31 04:29:56.238981,VIN-003240,1744,95,NONE
2026-07-31 04:29:57.238981,VIN-837635,1875,101,P0300
2026-07-31 04:29:58.238981,VIN-426763,2262,92,NONE
2026-07-31 04:29:59.238981,VIN-311167,2618,86,P0420
2026-07-31 04:30:00.238981,VIN-187562,3319,95,P0171
2026-07-31 04:30:01.238981,VIN-157516,2159,94,NONE
2026-07-31 04:30:02.238981,VIN-574682,1817,88,NONE
2026-07-31 04:30:03.238981,VIN-567144,2403,88,NONE
2026-07-31 04:30:04.238981,VIN-241715,3390,105,P0171
2026-07-31 04:30:05.238981,VIN-681955,3209,89,NONE
2026-07-31 04:30:06.238981,VIN-263992,2708,103,NONE
2026-07-31 04:30:07.238981,VIN-889144,1555,104,P0420
2026-07-31 04:30:08.238981,VIN-333054,0,94,NONE
2026-07-31 04:30:09.238981,VIN-955888,3039,100,NONE
2026-07-31 04:30:10.238981,VIN-195467,1917,89,NONE
2026-07-31 04:30:11.238981,VIN-983553,3146,95,NONE
2026-07-31 04:30:12.238981,VIN-284578,2215,88,NONE
2026-07-31 04:30:13.238981,VIN-576398,1616,98,NONE
2026-07-31 04:30:14.238981,VIN-294277,2556,102,P0420
2026-07-31 04:30:15.238981,VIN-866711,2687,92,NONE
2026-07-31 04:30:16.238981,VIN-486061,2233,94,NONE
2026-07-31 04:30:17.238981,VIN-773703,1658,85,NONE
2026-07-31 04:30:18.238981,VIN-776635,2094,90,P0420
2026-07-31 04:30:19.238981,VIN-369505,1868,93,P0171
2026-07-31 04:30:20.238981,VIN-895874,2089,91,NONE
2026-07-31 04:30:21.238981,VIN-598467,3462,105,P0171
2026-07-31 04:30:22.238981,VIN-650083,3039,102,P0171
2026-07-31 04:30:23.238981,VIN-211574,1664,99,P0171
2026-07-31 04:30:24.238981,VIN-605069,1660,88,NONE
2026-07-31 04:30:25.238981,VIN-676810,1790,105,NONE
2026-07-31 04:30:26.238981,VIN-802010,1860,93,P0420
2026-07-31 04:30:27.238981,VIN-492051,1532,95,NONE
2026-07-31 04:30:28.238981,VIN-651187,2440,104,NONE
2026-07-31 04:30:29.238981,VIN-261619,3254,105,P0420
2026-07-31 04:30:30.238981,VIN-724307,1576,95,NONE
2026-07-31 04:30:31.238981,VIN-645263,1784,105,P0420
2026-07-31 04:30:32.238981,VIN-084503,1836,98,NONE
2026-07-31 04:30:33.238981,VIN-122385,3498,85,NONE
2026-07-31 04:30:34.238981,VIN-787761,2199,98,NONE
2026-07-31 04:30:35.238981,VIN-014483,2254,94,P0171
2026-07-31 04:30:36.238981,VIN-202593,2461,93,NONE
2026-07-31 04:30:37.238981,VIN-233022,2339,105,P0420
2026-07-31 04:30:38.238981,VIN-912510,3122,98,NONE
2026-07-31 04:30:39.238981,VIN-466346,2191,104,NONE
2026-07-31 04:30:40.238981,VIN-063626,1953,95,NONE
2026-07-31 04:30:41.238981,VIN-611460,3495,105,NONE
2026-07-31 04:30:42.238981,VIN-227297,3073,87,P0300
2026-07-31 04:30:43.238981,VIN-777242,2615,101,P0171
2026-07-31 04:30:44.238981,VIN-472606,2086,99,P0300
2026-07-31 04:30:45.238981,VIN-134460,3272,91,NONE
2026-07-31 04:30:46.238981,VIN-416810,3189,91,NONE
2026-07-31 04:30:47.238981,VIN-516946,1649,93,NONE
2026-07-31 04:30:48.238981,VIN-617270,1950,101,P0420
2026-07-31 04:30:49.238981,VIN-311242,2711,104,NONE
2026-07-31 04:30:50.238981,VIN-473708,3414,97,NONE
2026-07-31 04:30:51.238981,VIN-535309,2705,100,P0420
2026-07-31 04:30:52.238981,VIN-537490,1587,94,P0420
2026-07-31 04:30:53.238981,VIN-413260,1630,89,P0420
2026-07-31 04:30:54.238981,VIN-482243,2084,88,P0300
2026-07-31 04:30:55.238981,VIN-789418,2113,85,P0420
2026-07-31 04:30:56.238981,VIN-077065,3010,102,P0300
2026-07-31 04:30:57.238981,VIN-608941,2402,105,NONE
2026-07-31 04:30:58.238981,VIN-038397,2417,96,P0171
2026-07-31 04:30:59.238981,VIN-385287,2120,88,P0171
2026-07-31 04:31:00.238981,VIN-663908,3017,105,NONE
2026-07-31 04:31:01.238981,VIN-407817,2954,95,NONE
2026-07-31 04:31:02.238981,VIN-450334,2855,94,NONE
2026-07-31 04:31:03.238981,VIN-879027,1671,98,NONE
2026-07-31 04:31:04.238981,VIN-182034,0,85,P0171
2026-07-31 04:31:05.238981,VIN-277240,2588,97,NONE
2026-07-31 04:31:06.238981,VIN-543381,1632,87,NONE
2026-07-31 04:31:07.238981,VIN-919632,3104,104,P0420
2026-07-31 04:31:08.238981,VIN-886860,1507,97,P0171
2026-07-31 04:31:09.238981,VIN-032466,3193,98,NONE
2026-07-31 04:31:10.238981,VIN-703943,2886,103,NONE
2026-07-31 04:31:11.238981,VIN-317549,1550,99,NONE
2026-07-31 04:31:12.238981,VIN-868757,3412,90,P0171
2026-07-31 04:31:13.238981,VIN-436319,2013,92,P0300
2026-07-31 04:31:14.238981,VIN-489782,2013,100,P0420
2026-07-31 04:31:15.238981,VIN-134225,2320,85,NONE
2026-07-31 04:31:16.238981,VIN-618414,2011,88,P0171
2026-07-31 04:31:17.238981,VIN-950650,3469,96,NONE
2026-07-31 04:31:18.238981,VIN-933859,1960,93,P0420
2026-07-31 04:31:19.238981,VIN-373850,3316,103,NONE
2026-07-31 04:31:20.238981,VIN-094357,1953,95,P0300
2026-07-31 04:31:21.238981,VIN-941840,3089,86,NONE
2026-07-31 04:31:22.238981,VIN-426673,1823,89,NONE
2026-07-31 04:31:23.238981,VIN-773982,1899,90,P0300
2026-07-31 04:31:24.238981,VIN-510963,3470,103,P0300
2026-07-31 04:31:25.238981,VIN-523733,2555,98,P0171
2026-07-31 04:31:26.238981,VIN-392541,1978,92,NONE
2026-07-31 04:31:27.238981,VIN-327782,1543,101,NONE
2026-07-31 04:31:28.238981,VIN-918628,1876,88,NONE
2026-07-31 04:31:29.238981,VIN-353563,2965,97,NONE
2026-07-31 04:31:30.238981,VIN-103654,1951,103,P0420
2026-07-31 04:31:31.238981,VIN-603278,3226,88,P0171
2026-07-31 04:31:32.238981,VIN-508095,3387,98,P0171
2026-07-31 04:31:33.238981,VIN-525869,3158,102,P0171
2026-07-31 04:31:34.238981,VIN-900872,1788,95,NONE
2026-07-31 04:31:35.238981,VIN-427469,2340,87,P0420
2026-07-31 04:31:36.238981,VIN-631365,1514,96,NONE
2026-07-31 04:31:37.238981,VIN-910445,2995,94,P0420
2026-07-31 04:31:38.238981,VIN-653501,2635,91,P0171
2026-07-31 04:31:39.238981,VIN-809107,1821,95,NONE
2026-07-31 04:31:40.238981,VIN-882259,2011,98,P0300
2026-07-31 04:31:41.238981,VIN-860119,0,87,NONE
2026-07-31 04:31:42.238981,VIN-856108,3415,91,NONE
2026-07-31 04:31:43.238981,VIN-078894,2982,85,NONE
2026-07-31 04:31:44.238981,VIN-613825,1780,85,P0420
2026-07-31 04:31:45.238981,VIN-929605,2500,97,P0420
2026-07-31 04:31:46.238981,VIN-481988,2742,99,NONE
2026-07-31 04:31:47.238981,VIN-431658,2576,94,NONE
2026-07-31 04:31:48.238981,VIN-857584,0,86,NONE
2026-07-31 04:31:49.238981,VIN-161134,1736,91,P0300
2026-07-31 04:31:50.238981,VIN-876898,1800,102,P0171
2026-07-31 04:31:51.238981,VIN-900163,2058,96,NONE
2026-07-31 04:31:52.238981,VIN-907379,0,87,NONE
2026-07-31 04:31:53.238981,VIN-544078,2073,88,P0300
2026-07-31 04:31:54.238981,VIN-814169,3413,86,P0171
2026-07-31 04:31:55.238981,VIN-409443,2325,96,NONE
2026-07-31 04:31:56.238981,VIN-562469,1834,105,NONE
2026-07-31 04:31:57.238981,VIN-882411,3019,98,P0420
2026-07-31 04:31:58.238981,VIN-205730,2726,99,NONE
2026-07-31 04:31:59.238981,VIN-314349,2674,101,NONE
2026-07-31 04:32:00.238981,VIN-882410,3346,89,NONE
2026-07-31 04:32:01.238981,VIN-491368,2283,92,P0300
2026-07-31 04:32:02.238981,VIN-961273,1959,102,NONE
2026-07-31 04:32:03.238981,VIN-459086,2155,90,NONE
2026-07-31 04:32:04.238981,VIN-640183,1774,88,NONE
2026-07-31 04:32:05.238981,VIN-846049,1659,102,NONE
2026-07-31 04:32:06.238981,VIN-829900,2705,86,NONE
2026-07-31 04:32:07.238981,VIN-770344,2888,85,P0171
2026-07-31 04:32:08.238981,VIN-208162,2727,104,NONE
2026-07-31 04:32:09.238981,VIN-949361,3019,96,NONE
2026-07-31 04:32:10.238981,VIN-845313,2859,87,P0420
2026-07-31 04:32:11.238981,VIN-293607,2151,96,NONE
2026-07-31 04:32:12.238981,VIN-394897,3414,96,NONE
2026-07-31 04:32:13.238981,VIN-975300,2946,87,NONE
2026-07-31 04:32:14.238981,VIN-438177,2742,87,NONE
2026-07-31 04:32:15.238981,VIN-193399,2322,91,NONE
2026-07-31 04:32:16.238981,VIN-362002,2311,85,NONE
2026-07-31 04:32:17.238981,VIN-888259,1810,86,P0171
2026-07-31 04:32:18.238981,VIN-206943,2337,103,NONE
2026-07-31 04:32:19.238981,VIN-286518,1644,86,P0300
2026-07-31 04:32:20.238981,VIN-920633,2343,102,NONE
2026-07-31 04:32:21.238981,VIN-326244,2775,105,NONE
2026-07-31 04:32:22.238981,VIN-511101,1508,104,NONE
2026-07-31 04:32:23.238981,VIN-601441,2157,104,NONE
2026-07-31 04:32:24.238981,VIN-497406,2620,90,NONE
2026-07-31 04:32:25.238981,VIN-736622,1851,90,NONE
2026-07-31 04:32:26.238981,VIN-179101,2486,105,P0171
2026-07-31 04:32:27.238981,VIN-813455,2843,95,NONE
2026-07-31 04:32:28.238981,VIN-616586,3281,96,NONE
2026-07-31 04:32:29.238981,VIN-766153,1959,89,NONE
2026-07-31 04:32:30.238981,VIN-197426,1556,104,NONE
2026-07-31 04:32:31.238981,VIN-190088,2455,90,P0171
2026-07-31 04:32:32.238981,VIN-917673,1946,93,P0171
2026-07-31 04:32:33.238981,VIN-292503,2784,94,P0420
2026-07-31 04:32:34.238981,VIN-025995,3385,97,NONE
2026-07-31 04:32:35.238981,VIN-253068,3403,89,P0420
2026-07-31 04:32:36.238981,VIN-183260,2233,99,NONE
2026-07-31 04:32:37.238981,VIN-009671,3289,90,NONE
2026-07-31 04:32:38.238981,VIN-605313,2267,96,NONE
2026-07-31 04:32:39.238981,VIN-598251,3152,99,NONE
2026-07-31 04:32:40.238981,VIN-272448,2731,85,P0300
2026-07-31 04:32:41.238981,VIN-216924,2995,104,P0171
2026-07-31 04:32:42.238981,VIN-508400,3391,94,P0420
2026-07-31 04:32:43.238981,VIN-854774,2664,92,NONE
2026-07-31 04:32:44.238981,VIN-702316,2541,90,NONE
2026-07-31 04:32:45.238981,VIN-381129,1513,101,NONE
2026-07-31 04:32:46.238981,VIN-781622,2347,104,P0171
2026-07-31 04:32:47.238981,VIN-862570,2476,94,P0300
2026-07-31 04:32:48.238981,VIN-556806,2390,104,NONE
2026-07-31 04:32:49.238981,VIN-316883,2119,89,P0300
2026-07-31 04:32:50.238981,VIN-142023,2200,86,P0300
2026-07-31 04:32:51.238981,VIN-210303,2577,98,NONE
2026-07-31 04:32:52.238981,VIN-194479,3286,92,NONE
2026-07-31 04:32:53.238981,VIN-886716,2241,87,NONE
2026-07-31 04:32:54.238981,VIN-448058,1908,87,NONE
2026-07-31 04:32:55.238981,VIN-200366,2060,87,P0300
2026-07-31 04:32:56.238981,VIN-764325,3220,87,P0300
2026-07-31 04:32:57.238981,VIN-829590,1990,100,P0300
2026-07-31 04:32:58.238981,VIN-988359,2601,95,P0171
2026-07-31 04:32:59.238981,VIN-516426,2235,89,P0171
2026-07-31 04:33:00.238981,VIN-079301,2584,91,P0420
2026-07-31 04:33:01.238981,VIN-369828,1511,98,NONE
2026-07-31 04:33:02.238981,VIN-239135,2145,101,P0420
2026-07-31 04:33:03.238981,VIN-950355,2703,89,NONE
2026-07-31 04:33:04.238981,VIN-384323,2288,88,P0420
2026-07-31 04:33:05.238981,VIN-909947,1775,100,P0300
2026-07-31 04:33:06.238981,VIN-846960,1927,102,NONE
2026-07-31 04:33:07.238981,VIN-157841,2281,99,NONE
2026-07-31 04:33:08.238981,VIN-744188,2459,93,P0171
2026-07-31 04:33:09.238981,VIN-859096,3092,94,NONE
2026-07-31 04:33:10.238981,VIN-713444,3411,93,NONE
2026-07-31 04:33:11.238981,VIN-443168,2596,98,NONE
2026-07-31 04:33:12.238981,VIN-326105,2533,93,NONE
2026-07-31 04:33:13.238981,VIN-579232,3474,98,NONE
2026-07-31 04:33:14.238981,VIN-420549,1715,92,NONE
2026-07-31 04:33:15.238981,VIN-206661,3377,97,NONE
2026-07-31 04:33:16.238981,VIN-744616,3083,102,NONE
2026-07-31 04:33:17.238981,VIN-710680,2906,92,NONE
2026-07-31 04:33:18.238981,VIN-484069,1749,100,NONE
2026-07-31 04:33:19.238981,VIN-077106,3147,98,P0300
2026-07-31 04:33:20.238981,VIN-318131,1695,93,NONE
2026-07-31 04:33:21.238981,VIN-784074,1600,98,NONE
2026-07-31 04:33:22.238981,VIN-658119,2419,86,NONE
2026-07-31 04:33:23.238981,VIN-655669,1930,95,NONE
2026-07-31 04:33:24.238981,VIN-321567,1713,87,P0171
2026-07-31 04:33:25.238981,VIN-546642,3192,97,P0300
2026-07-31 04:33:26.238981,VIN-129695,1767,93,P0300
2026-07-31 04:33:27.238981,VIN-008285,3238,103,P0300
2026-07-31 04:33:28.238981,VIN-927856,2123,103,NONE
2026-07-31 04:33:29.238981,VIN-866727,1798,94,NONE
2026-07-31 04:33:30.238981,VIN-745561,3125,99,NONE
2026-07-31 04:33:31.238981,VIN-306831,2590,89,NONE
2026-07-31 04:33:32.238981,VIN-353832,2269,95,P0420
2026-07-31 04:33:33.238981,VIN-039412,2071,94,NONE
2026-07-31 04:33:34.238981,VIN-982098,1827,97,NONE
2026-07-31 04:33:35.238981,VIN-488808,3195,103,P0171
2026-07-31 04:33:36.238981,VIN-411182,1822,94,P0300
2026-07-31 04:33:37.238981,VIN-653671,3137,87,NONE
2026-07-31 04:33:38.238981,VIN-306370,2665,87,P0420
2026-07-31 04:33:39.238981,VIN-036917,1548,91,NONE
2026-07-31 04:33:40.238981,VIN-197667,2551,89,P0171
2026-07-31 04:33:41.238981,VIN-539410,0,92,P0420
2026-07-31 04:33:42.238981,VIN-465365,3028,85,NONE
2026-07-31 04:33:43.238981,VIN-426622,1588,102,NONE
2026-07-31 04:33:44.238981,VIN-103774,3476,101,NONE
2026-07-31 04:33:45.238981,VIN-212036,1663,97,NONE
2026-07-31 04:33:46.238981,VIN-220103,2819,101,P0300
2026-07-31 04:33:47.238981,VIN-187495,1948,91,P0300
2026-07-31 04:33:48.238981,VIN-017322,3164,90,NONE
2026-07-31 04:33:49.238981,VIN-205871,2163,99,P0420
2026-07-31 04:33:50.238981,VIN-420843,0,86,NONE
2026-07-31 04:33:51.238981,VIN-639376,2865,97,NONE
2026-07-31 04:33:52.238981,VIN-610001,1745,87,P0171
2026-07-31 04:33:53.238981,VIN-123498,2023,95,NONE
2026-07-31 04:33:54.238981,VIN-926696,2497,92,P0420
2026-07-31 04:33:55.238981,VIN-237290,1900,87,NONE
2026-07-31 04:33:56.238981,VIN-646350,0,85,NONE
2026-07-31 04:33:57.238981,VIN-969729,0,87,P0171
2026-07-31 04:33:58.238981,VIN-535369,2515,91,P0420
2026-07-31 04:33:59.238981,VIN-941449,3203,91,P0300
2026-07-31 04:34:00.238981,VIN-550936,2084,93,P0300
2026-07-31 04:34:01.238981,VIN-359673,3022,92,NONE
2026-07-31 04:34:02.238981,VIN-786638,3008,105,NONE
2026-07-31 04:34:03.238981,VIN-559342,1790,105,P0300
2026-07-31 04:34:04.238981,VIN-127901,3405,85,P0300
2026-07-31 04:34:05.238981,VIN-090094,3141,85,NONE
2026-07-31 04:34:06.238981,VIN-919845,3271,104,P0300
2026-07-31 04:34:07.238981,VIN-095979,0,89,NONE
2026-07-31 04:34:08.238981,VIN-379754,1727,88,NONE
2026-07-31 04:34:09.238981,VIN-738683,1742,90,P0300
2026-07-31 04:34:10.238981,VIN-758890,2614,91,P0300
2026-07-31 04:34:11.238981,VIN-235408,3240,94,NONE
2026-07-31 04:34:12.238981,VIN-012215,2288,101,NONE
2026-07-31 04:34:13.238981,VIN-620850,2893,102,NONE
2026-07-31 04:34:14.238981,VIN-029408,2041,102,NONE
2026-07-31 04:34:15.238981,VIN-889901,3328,104,NONE
2026-07-31 04:34:16.238981,VIN-802503,1759,90,P0300
2026-07-31 04:34:17.238981,VIN-577517,0,94,P0171
2026-07-31 04:34:18.238981,VIN-518879,1673,94,NONE
2026-07-31 04:34:19.238981,VIN-839998,3032,101,NONE
2026-07-31 04:34:20.238981,VIN-147181,1831,104,NONE
2026-07-31 04:34:21.238981,VIN-765813,1564,99,NONE
2026-07-31 04:34:22.238981,VIN-277225,2736,98,NONE
2026-07-31 04:34:23.238981,VIN-545008,2753,104,NONE
2026-07-31 04:34:24.238981,VIN-058003,1608,102,NONE
2026-07-31 04:34:25.238981,VIN-885483,3188,90,P0171
2026-07-31 04:34:26.238981,VIN-239398,1773,91,P0300
2026-07-31 04:34:27.238981,VIN-490636,2457,104,P0300
2026-07-31 04:34:28.238981,VIN-046119,2769,105,P0420
2026-07-31 04:34:29.238981,VIN-264393,2655,93,NONE
2026-07-31 04:34:30.238981,VIN-475310,2167,92,NONE
2026-07-31 04:34:31.238981,VIN-550879,1771,95,P0300
2026-07-31 04:34:32.238981,VIN-956201,2082,88,NONE
2026-07-31 04:34:33.238981,VIN-162644,2552,102,NONE
2026-07-31 04:34:34.238981,VIN-130790,3109,101,NONE
2026-07-31 04:34:35.238981,VIN-917114,3462,104,NONE
2026-07-31 04:34:36.238981,VIN-198420,3332,92,P0300
2026-07-31 04:34:37.238981,VIN-501904,3368,103,NONE
2026-07-31 04:34:38.238981,VIN-408287,3058,99,P0420
2026-07-31 04:34:39.238981,VIN-216186,2681,95,NONE
2026-07-31 04:34:40.238981,VIN-207439,2778,91,P0300
2026-07-31 04:34:41.238981,VIN-805811,3442,100,P0420
2026-07-31 04:34:42.238981,VIN-676305,2919,95,NONE
2026-07-31 04:34:43.238981,VIN-490807,2531,88,NONE
2026-07-31 04:34:44.238981,VIN-338140,1634,96,NONE
2026-07-31 04:34:45.238981,VIN-778772,2414,85,NONE
2026-07-31 04:34:46.238981,VIN-611116,2210,86,P0420
2026-07-31 04:34:47.238981,VIN-852452,3500,88,NONE
2026-07-31 04:34:48.238981,VIN-909460,2825,98,NONE
2026-07-31 04:34:49.238981,VIN-378035,1885,103,NONE
2026-07-31 04:34:50.238981,VIN-069642,3216,88,P0420
2026-07-31 04:34:51.238981,VIN-203605,1661,90,NONE
2026-07-31 04:34:52.238981,VIN-722191,2267,100,P0300
2026-07-31 04:34:53.238981,VIN-159254,3376,92,P0171
2026-07-31 04:34:54.238981,VIN-643217,2075,100,NONE
2026-07-31 04:34:55.238981,VIN-933603,2398,98,P0171
2026-07-31 04:34:56.238981,VIN-284395,3216,89,NONE
2026-07-31 04:34:57.238981,VIN-072001,2898,87,NONE
2026-07-31 04:34:58.238981,VIN-079074,1863,92,NONE
2026-07-31 04:34:59.238981,VIN-893028,1817,100,NONE
2026-07-31 04:35:00.238981,VIN-614212,3494,105,NONE
2026-07-31 04:35:01.238981,VIN-967927,3119,89,NONE
2026-07-31 04:35:02.238981,VIN-037293,1639,91,P0171
2026-07-31 04:35:03.238981,VIN-696957,3190,88,P0300
2026-07-31 04:35:04.238981,VIN-516193,1941,93,NONE
2026-07-31 04:35:05.238981,VIN-447351,2348,85,P0300
2026-07-31 04:35:06.238981,VIN-930796,1546,101,NONE
2026-07-31 04:35:07.238981,VIN-413065,1965,93,P0171
2026-07-31 04:35:08.238981,VIN-730008,2094,91,P0171
2026-07-31 04:35:09.238981,VIN-410110,2650,97,NONE
2026-07-31 04:35:10.238981,VIN-222957,3420,99,NONE
2026-07-31 04:35:11.238981,VIN-453974,2197,98,P0420
2026-07-31 04:35:12.238981,VIN-331620,3366,104,NONE
2026-07-31 04:35:13.238981,VIN-923146,3340,99,NONE
2026-07-31 04:35:14.238981,VIN-017653,0,94,P0171
2026-07-31 04:35:15.238981,VIN-099098,1559,98,P0300
2026-07-31 04:35:16.238981,VIN-820177,1946,85,NONE
2026-07-31 04:35:17.238981,VIN-895737,1986,91,NONE
2026-07-31 04:35:18.238981,VIN-284993,2569,87,NONE
2026-07-31 04:35:19.238981,VIN-115483,2003,103,P0300
2026-07-31 04:35:20.238981,VIN-804623,1908,103,NONE
2026-07-31 04:35:21.238981,VIN-199230,2670,99,P0420
2026-07-31 04:35:22.238981,VIN-693601,1878,102,NONE
2026-07-31 04:35:23.238981,VIN-170968,3126,88,P0420
2026-07-31 04:35:24.238981,VIN-476622,2368,96,NONE
2026-07-31 04:35:25.238981,VIN-291277,1951,105,P0171
2026-07-31 04:35:26.238981,VIN-621575,1615,100,NONE
2026-07-31 04:35:27.238981,VIN-241548,1664,100,P0171
2026-07-31 04:35:28.238981,VIN-488876,3404,91,NONE
2026-07-31 04:35:29.238981,VIN-242217,2607,99,P0420
2026-07-31 04:35:30.238981,VIN-539449,2751,86,P0171
2026-07-31 04:35:31.238981,VIN-926099,2415,104,P0171
2026-07-31 04:35:32.238981,VIN-359789,2641,94,NONE
2026-07-31 04:35:33.238981,VIN-881549,3381,100,P0171
2026-07-31 04:35:34.238981,VIN-449022,2760,100,P0300
2026-07-31 04:35:35.238981,VIN-554569,3155,86,P0171
2026-07-31 04:35:36.238981,VIN-873390,2142,96,P0420
2026-07-31 04:35:37.238981,VIN-889400,2818,93,P0420
2026-07-31 04:35:38.238981,VIN-591720,2870,99,P0300
2026-07-31 04:35:39.238981,VIN-841575,1557,98,P0171
2026-07-31 04:35:40.238981,VIN-126466,1939,101,NONE
2026-07-31 04:35:41.238981,VIN-277053,2547,103,P0300
2026-07-31 04:35:42.238981,VIN-413455,2663,90,NONE
2026-07-31 04:35:43.238981,VIN-719601,1829,101,NONE
2026-07-31 04:35:44.238981,VIN-659474,3130,104,P0171
2026-07-31 04:35:45.238981,VIN-443950,1863,85,NONE
2026-07-31 04:35:46.238981,VIN-852534,2423,101,P0420
2026-07-31 04:35:47.238981,VIN-002006,3178,89,P0171
2026-07-31 04:35:48.238981,VIN-604800,1643,87,NONE
2026-07-31 04:35:49.238981,VIN-346266,1801,92,NONE
2026-07-31 04:35:50.238981,VIN-985568,2442,94,NONE
2026-07-31 04:35:51.238981,VIN-400471,2844,100,NONE
2026-07-31 04:35:52.238981,VIN-653720,3005,105,P0300
2026-07-31 04:35:53.238981,VIN-616508,2193,101,NONE
2026-07-31 04:35:54.238981,VIN-104333,1749,95,NONE
2026-07-31 04:35:55.238981,VIN-900284,1600,88,NONE
2026-07-31 04:35:56.238981,VIN-693364,2417,91,NONE
2026-07-31 04:35:57.238981,VIN-928580,1942,92,P0300
2026-07-31 04:35:58.238981,VIN-845241,1938,99,NONE
2026-07-31 04:35:59.238981,VIN-497502,2825,86,P0300
2026-07-31 04:36:00.238981,VIN-491414,2918,101,NONE
2026-07-31 04:36:01.238981,VIN-727703,1595,91,NONE
2026-07-31 04:36:02.238981,VIN-139255,3276,89,NONE
2026-07-31 04:36:03.238981,VIN-582593,1770,92,NONE
2026-07-31 04:36:04.238981,VIN-713536,2313,88,NONE
2026-07-31 04:36:05.238981,VIN-734131,1773,85,NONE
2026-07-31 04:36:06.238981,VIN-541138,2295,94,NONE
2026-07-31 04:36:07.238981,VIN-036182,0,85,NONE
2026-07-31 04:36:08.238981,VIN-131575,2386,89,NONE
2026-07-31 04:36:09.238981,VIN-123595,3021,101,P0171
2026-07-31 04:36:10.238981,VIN-527432,0,100,NONE
2026-07-31 04:36:11.238981,VIN-845001,2641,105,P0420
2026-07-31 04:36:12.238981,VIN-415032,2089,94,P0300
2026-07-31 04:36:13.238981,VIN-048847,1508,91,NONE
2026-07-31 04:36:14.238981,VIN-019029,1771,102,P0171
2026-07-31 04:36:15.238981,VIN-881849,3168,85,NONE
2026-07-31 04:36:16.238981,VIN-449100,1511,101,NONE
2026-07-31 04:36:17.238981,VIN-190117,1844,89,P0420
2026-07-31 04:36:18.238981,VIN-380343,2220,91,NONE
2026-07-31 04:36:19.238981,VIN-758026,1938,95,P0300
2026-07-31 04:36:20.238981,VIN-883625,2997,93,NONE
2026-07-31 04:36:21.238981,VIN-340973,3007,102,P0171
2026-07-31 04:36:22.238981,VIN-163807,2571,104,NONE
2026-07-31 04:36:23.238981,VIN-230859,3371,104,NONE
2026-07-31 04:36:24.238981,VIN-030580,1507,94,P0171
2026-07-31 04:36:25.238981,VIN-608243,3160,96,NONE
2026-07-31 04:36:26.238981,VIN-687813,2881,92,P0300
2026-07-31 04:36:27.238981,VIN-733602,2572,90,NONE
2026-07-31 04:36:28.238981,VIN-512509,3444,101,P0300
2026-07-31 04:36:29.238981,VIN-577443,3122,99,NONE
2026-07-31 04:36:30.238981,VIN-257176,2303,88,NONE
2026-07-31 04:36:31.238981,VIN-598403,2572,97,NONE
2026-07-31 04:36:32.238981,VIN-014553,2643,98,P0420
2026-07-31 04:36:33.238981,VIN-852596,2942,89,NONE
2026-07-31 04:36:34.238981,VIN-306938,2612,85,NONE
2026-07-31 04:36:35.238981,VIN-172402,3331,101,NONE
2026-07-31 04:36:36.238981,VIN-710895,3383,105,P0300
2026-07-31 04:36:37.238981,VIN-998791,2520,105,NONE
2026-07-31 04:36:38.238981,VIN-882862,1661,94,P0300
2026-07-31 04:36:39.238981,VIN-501306,1850,91,P0171
2026-07-31 04:36:40.238981,VIN-711462,3357,86,P0171
2026-07-31 04:36:41.238981,VIN-475088,3288,86,NONE
2026-07-31 04:36:42.238981,VIN-882944,1529,91,P0171
2026-07-31 04:36:43.238981,VIN-732907,1560,105,NONE
2026-07-31 04:36:44.238981,VIN-312271,1568,93,NONE
2026-07-31 04:36:45.238981,VIN-284134,2999,86,NONE
2026-07-31 04:36:46.238981,VIN-651833,3015,89,P0300
2026-07-31 04:36:47.238981,VIN-115384,3173,95,P0300
2026-07-31 04:36:48.238981,VIN-355533,2279,85,NONE
2026-07-31 04:36:49.238981,VIN-070714,3384,93,NONE
2026-07-31 04:36:50.238981,VIN-714944,3142,93,P0300
2026-07-31 04:36:51.238981,VIN-406949,1939,87,NONE
2026-07-31 04:36:52.238981,VIN-397275,3489,95,NONE
2026-07-31 04:36:53.238981,VIN-882904,2954,92,P0420
2026-07-31 04:36:54.238981,VIN-750776,2805,87,P0300
2026-07-31 04:36:55.238981,VIN-522300,2545,90,NONE
2026-07-31 04:36:56.238981,VIN-125128,3187,99,NONE
2026-07-31 04:36:57.238981,VIN-367914,2808,96,NONE
2026-07-31 04:36:58.238981,VIN-874039,2047,92,NONE
2026-07-31 04:36:59.238981,VIN-809755,1578,85,P0420
2026-07-31 04:37:00.238981,VIN-051634,1756,91,P0171
2026-07-31 04:37:01.238981,VIN-050801,2221,92,P0171
2026-07-31 04:37:02.238981,VIN-801367,2297,86,P0300
2026-07-31 04:37:03.238981,VIN-769260,1792,99,NONE
2026-07-31 04:37:04.238981,VIN-775197,1576,89,NONE
2026-07-31 04:37:05.238981,VIN-617716,2131,93,P0300
2026-07-31 04:37:06.238981,VIN-235400,1686,101,NONE
2026-07-31 04:37:07.238981,VIN-061743,0,92,NONE
2026-07-31 04:37:08.238981,VIN-188922,1738,97,P0171
2026-07-31 04:37:09.238981,VIN-908445,3441,90,P0420
2026-07-31 04:37:10.238981,VIN-167197,1877,90,P0171
2026-07-31 04:37:11.238981,VIN-082060,3294,89,P0300
2026-07-31 04:37:12.238981,VIN-551167,2983,88,P0300
2026-07-31 04:37:13.238981,VIN-974474,2349,102,NONE
2026-07-31 04:37:14.238981,VIN-127140,3129,99,P0300
2026-07-31 04:37:15.238981,VIN-439694,3131,104,P0171
2026-07-31 04:37:16.238981,VIN-568447,2363,85,NONE
2026-07-31 04:37:17.238981,VIN-105817,1793,103,P0420
2026-07-31 04:37:18.238981,VIN-542538,1800,85,P0420
2026-07-31 04:37:19.238981,VIN-392355,1766,101,NONE
2026-07-31 04:37:20.238981,VIN-323759,2282,95,NONE
2026-07-31 04:37:21.238981,VIN-464521,2081,93,NONE
2026-07-31 04:37:22.238981,VIN-206787,0,103,NONE
2026-07-31 04:37:23.238981,VIN-225164,3496,98,NONE
2026-07-31 04:37:24.238981,VIN-467771,3218,90,P0420
2026-07-31 04:37:25.238981,VIN-004892,1880,85,NONE
2026-07-31 04:37:26.238981,VIN-260913,3059,92,NONE
2026-07-31 04:37:27.238981,VIN-021603,1767,103,NONE
2026-07-31 04:37:28.238981,VIN-853641,3498,90,P0171
2026-07-31 04:37:29.238981,VIN-953543,2549,85,NONE
2026-07-31 04:37:30.238981,VIN-709433,2712,93,P0420
2026-07-31 04:37:31.238981,VIN-063431,1618,102,NONE
2026-07-31 04:37:32.238981,VIN-466560,2266,93,NONE
2026-07-31 04:37:33.238981,VIN-137517,2205,96,P0171
2026-07-31 04:37:34.238981,VIN-695886,3426,95,P0171
2026-07-31 04:37:35.238981,VIN-393071,0,94,NONE
2026-07-31 04:37:36.238981,VIN-164435,2102,103,NONE
2026-07-31 04:37:37.238981,VIN-306809,1767,93,P0300
2026-07-31 04:37:38.238981,VIN-943541,2174,94,P0420
2026-07-31 04:37:39.238981,VIN-012342,2729,86,NONE
2026-07-31 04:37:40.238981,VIN-987837,2283,100,P0300
2026-07-31 04:37:41.238981,VIN-832077,3467,103,P0420
2026-07-31 04:37:42.238981,VIN-724219,3425,97,P0300
2026-07-31 04:37:43.238981,VIN-435175,2571,97,P0420
2026-07-31 04:37:44.238981,VIN-760868,2120,101,P0420
2026-07-31 04:37:45.238981,VIN-272973,1663,85,NONE
2026-07-31 04:37:46.238981,VIN-856390,3068,101,P0171
2026-07-31 04:37:47.238981,VIN-962105,3349,87,NONE
2026-07-31 04:37:48.238981,VIN-729997,2555,97,NONE
2026-07-31 04:37:49.238981,VIN-452260,0,98,NONE
2026-07-31 04:37:50.238981,VIN-861760,1981,97,P0171
2026-07-31 04:37:51.238981,VIN-986647,3145,91,P0171
2026-07-31 04:37:52.238981,VIN-344974,2856,91,NONE
2026-07-31 04:37:53.238981,VIN-841013,1733,100,P0420
2026-07-31 04:37:54.238981,VIN-475792,3305,97,NONE
2026-07-31 04:37:55.238981,VIN-526828,3102,95,NONE
2026-07-31 04:37:56.238981,VIN-102017,1933,85,NONE
2026-07-31 04:37:57.238981,VIN-432445,2276,100,NONE
2026-07-31 04:37:58.238981,VIN-696934,3247,98,NONE
2026-07-31 04:37:59.238981,VIN-177735,3333,89,NONE
2026-07-31 04:38:00.238981,VIN-219314,2609,97,NONE
2026-07-31 04:38:01.238981,VIN-882830,2842,94,NONE
2026-07-31 04:38:02.238981,VIN-311285,2570,100,NONE
2026-07-31 04:38:03.238981,VIN-117891,2557,101,P0420
2026-07-31 04:38:04.238981,VIN-237918,2946,99,NONE
2026-07-31 04:38:05.238981,VIN-538305,2171,90,P0420
2026-07-31 04:38:06.238981,VIN-564673,2029,87,P0420
2026-07-31 04:38:07.238981,VIN-464905,2430,93,NONE
2026-07-31 04:38:08.238981,VIN-278613,2620,104,P0300
2026-07-31 04:38:09.238981,VIN-826784,1860,96,P0171
2026-07-31 04:38:10.238981,VIN-084753,3499,85,P0420
2026-07-31 04:38:11.238981,VIN-377179,2729,92,P0420
2026-07-31 04:38:12.238981,VIN-790163,3353,98,NONE
2026-07-31 04:38:13.238981,VIN-575560,2855,87,NONE
2026-07-31 04:38:14.238981,VIN-058701,2340,101,P0171
2026-07-31 04:38:15.238981,VIN-210242,2565,91,P0171
2026-07-31 04:38:16.238981,VIN-842185,1801,90,NONE
2026-07-31 04:38:17.238981,VIN-016433,2829,104,NONE
2026-07-31 04:38:18.238981,VIN-367821,2264,103,P0171
2026-07-31 04:38:19.238981,VIN-624116,2173,102,P0420
2026-07-31 04:38:20.238981,VIN-563561,2721,105,NONE
2026-07-31 04:38:21.238981,VIN-557291,2106,96,NONE
2026-07-31 04:38:22.238981,VIN-340206,2384,93,NONE
2026-07-31 04:38:23.238981,VIN-765489,2001,90,P0420
2026-07-31 04:38:24.238981,VIN-937762,1594,89,P0300
2026-07-31 04:38:25.238981,VIN-339701,0,88,NONE
2026-07-31 04:38:26.238981,VIN-166829,2653,89,P0171
2026-07-31 04:38:27.238981,VIN-122392,2678,95,P0171
2026-07-31 04:38:28.238981,VIN-530628,2795,87,P0171
2026-07-31 04:38:29.238981,VIN-787224,1910,97,NONE
2026-07-31 04:38:30.238981,VIN-416527,3093,99,NONE
2026-07-31 04:38:31.238981,VIN-975331,2603,96,NONE
2026-07-31 04:38:32.238981,VIN-536604,1969,88,P0300
2026-07-31 04:38:33.238981,VIN-841029,2906,95,P0300
2026-07-31 04:38:34.238981,VIN-705591,2906,98,P0420
2026-07-31 04:38:35.238981,VIN-689495,1662,100,P0300
2026-07-31 04:38:36.238981,VIN-796239,2493,90,P0420
2026-07-31 04:38:37.238981,VIN-140547,3223,97,NONE
2026-07-31 04:38:38.238981,VIN-326869,1865,87,P0300
2026-07-31 04:38:39.238981,VIN-828813,1653,87,NONE
2026-07-31 04:38:40.238981,VIN-331053,2692,104,P0300
2026-07-31 04:38:41.238981,VIN-234789,2963,88,P0171
2026-07-31 04:38:42.238981,VIN-464949,3386,88,NONE
2026-07-31 04:38:43.238981,VIN-955216,1972,98,NONE
2026-07-31 04:38:44.238981,VIN-172422,3131,100,P0420
2026-07-31 04:38:45.238981,VIN-978360,3033,105,NONE
2026-07-31 04:38:46.238981,VIN-624545,2057,94,NONE
2026-07-31 04:38:47.238981,VIN-607696,2983,93,NONE
2026-07-31 04:38:48.238981,VIN-741960,3191,88,NONE
2026-07-31 04:38:49.238981,VIN-347002,0,93,NONE
2026-07-31 04:38:50.238981,VIN-196534,2068,105,NONE
2026-07-31 04:38:51.238981,VIN-165390,2752,94,NONE
2026-07-31 04:38:52.238981,VIN-602056,1601,102,NONE
2026-07-31 04:38:53.238981,VIN-362379,2028,90,NONE
2026-07-31 04:38:54.238981,VIN-610458,2418,87,P0171
2026-07-31 04:38:55.238981,VIN-222267,3266,102,NONE
2026-07-31 04:38:56.238981,VIN-978662,2732,103,NONE
2026-07-31 04:38:57.238981,VIN-608126,0,94,NONE
2026-07-31 04:38:58.238981,VIN-421005,3046,93,NONE
2026-07-31 04:38:59.238981,VIN-280391,1735,98,NONE
2026-07-31 04:39:00.238981,VIN-961782,0,102,NONE
2026-07-31 04:39:01.238981,VIN-856499,2262,89,NONE
2026-07-31 04:39:02.238981,VIN-407047,2480,88,NONE
2026-07-31 04:39:03.238981,VIN-148073,2223,90,NONE
2026-07-31 04:39:04.238981,VIN-248441,1750,88,P0420
2026-07-31 04:39:05.238981,VIN-619906,2235,87,NONE
2026-07-31 04:39:06.238981,VIN-386795,1905,85,P0420
2026-07-31 04:39:07.238981,VIN-513707,1911,88,P0171
2026-07-31 04:39:08.238981,VIN-464485,3235,92,NONE
2026-07-31 04:39:09.238981,VIN-249836,2667,94,P0300
2026-07-31 04:39:10.238981,VIN-495933,2233,90,NONE
2026-07-31 04:39:11.238981,VIN-564631,3409,98,NONE
2026-07-31 04:39:12.238981,VIN-802935,2715,105,P0300
2026-07-31 04:39:13.238981,VIN-295510,3334,98,P0420
2026-07-31 04:39:14.238981,VIN-248336,1768,85,NONE
2026-07-31 04:39:15.238981,VIN-853843,2865,91,NONE
2026-07-31 04:39:16.238981,VIN-486023,3057,94,NONE
2026-07-31 04:39:17.238981,VIN-550348,3496,89,P0171
2026-07-31 04:39:18.238981,VIN-501923,1689,105,P0300
2026-07-31 04:39:19.238981,VIN-896454,3300,93,P0300
2026-07-31 04:39:20.238981,VIN-060889,0,91,P0420
2026-07-31 04:39:21.238981,VIN-418901,2659,93,P0420
2026-07-31 04:39:22.238981,VIN-584920,3469,86,P0300
2026-07-31 04:39:23.238981,VIN-307028,3008,94,NONE
2026-07-31 04:39:24.238981,VIN-205815,1582,102,NONE
2026-07-31 04:39:25.238981,VIN-133480,2562,86,P0171
2026-07-31 04:39:26.238981,VIN-255536,3287,87,P0420
2026-07-31 04:39:27.238981,VIN-031804,2754,99,NONE
2026-07-31 04:39:28.238981,VIN-803061,2247,89,P0420
2026-07-31 04:39:29.238981,VIN-674535,2189,101,NONE
2026-07-31 04:39:30.238981,VIN-332937,0,93,NONE
2026-07-31 04:39:31.238981,VIN-457681,1612,105,NONE
2026-07-31 04:39:32.238981,VIN-881563,1938,89,NONE
2026-07-31 04:39:33.238981,VIN-210086,2225,101,NONE
2026-07-31 04:39:34.238981,VIN-901894,3183,97,NONE
2026-07-31 04:39:35.238981,VIN-002230,3273,100,NONE
2026-07-31 04:39:36.238981,VIN-403027,2598,97,NONE
2026-07-31 04:39:37.238981,VIN-035038,3126,89,P0171
2026-07-31 04:39:38.238981,VIN-890995,3340,91,NONE
2026-07-31 04:39:39.238981,VIN-358114,2347,90,NONE
2026-07-31 04:39:40.238981,VIN-360531,2300,92,P0420
2026-07-31 04:39:41.238981,VIN-222757,1956,103,NONE
2026-07-31 04:39:42.238981,VIN-688265,2838,99,P0420
2026-07-31 04:39:43.238981,VIN-708054,2148,85,NONE
2026-07-31 04:39:44.238981,VIN-138225,2454,103,P0300
2026-07-31 04:39:45.238981,VIN-086223,3076,104,NONE
2026-07-31 04:39:46.238981,VIN-946765,3397,105,P0420
2026-07-31 04:39:47.238981,VIN-518773,2568,90,P0171
2026-07-31 04:39:48.238981,VIN-643828,3033,95,P0300
2026-07-31 04:39:49.238981,VIN-745147,1645,96,NONE
2026-07-31 04:39:50.238981,VIN-873306,2261,98,NONE
2026-07-31 04:39:51.238981,VIN-750927,1606,101,P0300
2026-07-31 04:39:52.238981,VIN-995728,3113,90,NONE
2026-07-31 04:39:53.238981,VIN-713099,3397,85,NONE
2026-07-31 04:39:54.238981,VIN-337195,1595,86,P0171
2026-07-31 04:39:55.238981,VIN-908457,2128,102,P0300
2026-07-31 04:39:56.238981,VIN-348125,2813,96,NONE
2026-07-31 04:39:57.238981,VIN-228655,2205,86,NONE
2026-07-31 04:39:58.238981,VIN-277268,2548,87,P0420
2026-07-31 04:39:59.238981,VIN-252776,3314,93,P0171
2026-07-31 04:40:00.238981,VIN-686241,2199,102,NONE
2026-07-31 04:40:01.238981,VIN-163925,3106,89,P0300
2026-07-31 04:40:02.238981,VIN-955709,2257,102,NONE
2026-07-31 04:40:03.238981,VIN-594021,1887,85,NONE
2026-07-31 04:40:04.238981,VIN-670677,1891,105,P0171
2026-07-31 04:40:05.238981,VIN-777531,2195,103,P0420
2026-07-31 04:40:06.238981,VIN-266613,2013,92,NONE
2026-07-31 04:40:07.238981,VIN-141152,2642,91,P0171
2026-07-31 04:40:08.238981,VIN-411243,3349,101,NONE
2026-07-31 04:40:09.238981,VIN-093636,2000,101,NONE
2026-07-31 04:40:10.238981,VIN-859930,0,85,P0171
2026-07-31 04:40:11.238981,VIN-277480,2098,100,NONE
2026-07-31 04:40:12.238981,VIN-357151,0,97,P0300
2026-07-31 04:40:13.238981,VIN-114097,1619,105,P0420
2026-07-31 04:40:14.238981,VIN-919984,0,102,P0171
2026-07-31 04:40:15.238981,VIN-731019,1531,86,P0171
2026-07-31 04:40:16.238981,VIN-415263,0,100,NONE
2026-07-31 04:40:17.238981,VIN-998826,3275,89,P0300
2026-07-31 04:40:18.238981,VIN-306295,2117,97,NONE
2026-07-31 04:40:19.238981,VIN-594163,2337,94,NONE
2026-07-31 04:40:20.238981,VIN-516924,2613,105,NONE
2026-07-31 04:40:21.238981,VIN-719728,2325,89,P0300
2026-07-31 04:40:22.238981,VIN-471656,1761,93,NONE
2026-07-31 04:40:23.238981,VIN-817922,1539,92,P0420
2026-07-31 04:40:24.238981,VIN-028818,1953,97,P0171
2026-07-31 04:40:25.238981,VIN-877725,2040,103,NONE
2026-07-31 04:40:26.238981,VIN-140295,0,101,NONE
2026-07-31 04:40:27.238981,VIN-819242,3250,95,NONE
2026-07-31 04:40:28.238981,VIN-855841,2908,94,NONE
2026-07-31 04:40:29.238981,VIN-267669,2002,95,NONE
2026-07-31 04:40:30.238981,VIN-555780,2501,102,NONE
2026-07-31 04:40:31.238981,VIN-195663,1864,87,P0171
2026-07-31 04:40:32.238981,VIN-569233,1735,88,NONE
2026-07-31 04:40:33.238981,VIN-039206,1956,89,P0171
2026-07-31 04:40:34.238981,VIN-952424,3346,88,NONE
2026-07-31 04:40:35.238981,VIN-100368,3461,102,NONE
2026-07-31 04:40:36.238981,VIN-767562,2128,94,NONE
2026-07-31 04:40:37.238981,VIN-147518,2602,87,P0420
2026-07-31 04:40:38.238981,VIN-857098,3254,100,P0420
2026-07-31 04:40:39.238981,VIN-095011,2348,87,NONE
2026-07-31 04:40:40.238981,VIN-562482,3026,93,P0171
2026-07-31 04:40:41.238981,VIN-428555,3089,95,P0420
2026-07-31 04:40:42.238981,VIN-890701,2607,103,P0300
2026-07-31 04:40:43.238981,VIN-974669,3197,97,NONE
2026-07-31 04:40:44.238981,VIN-712891,2724,102,P0300
2026-07-31 04:40:45.238981,VIN-688314,2515,101,P0300
2026-07-31 04:40:46.238981,VIN-327761,1616,89,NONE
2026-07-31 04:40:47.238981,VIN-921096,2772,89,NONE
2026-07-31 04:40:48.238981,VIN-585857,2173,99,P0420
2026-07-31 04:40:49.238981,VIN-129276,3102,102,NONE
2026-07-31 04:40:50.238981,VIN-783078,2091,94,NONE
2026-07-31 04:40:51.238981,VIN-962429,1701,86,P0171
2026-07-31 04:40:52.238981,VIN-546502,2199,104,NONE
2026-07-31 04:40:53.238981,VIN-213985,1971,86,P0171
2026-07-31 04:40:54.238981,VIN-109862,3215,96,P0300
2026-07-31 04:40:55.238981,VIN-510681,2859,86,P0420
2026-07-31 04:40:56.238981,VIN-597392,3392,103,NONE
2026-07-31 04:40:57.238981,VIN-892269,3069,96,P0420
2026-07-31 04:40:58.238981,VIN-581394,2769,97,NONE
2026-07-31 04:40:59.238981,VIN-872624,3393,95,NONE
2026-07-31 04:41:00.238981,VIN-540605,1614,104,NONE
2026-07-31 04:41:01.238981,VIN-887459,2268,86,P0171
2026-07-31 04:41:02.238981,VIN-492363,1793,91,NONE
2026-07-31 04:41:03.238981,VIN-941105,3064,97,P0300
2026-07-31 04:41:04.238981,VIN-036604,1725,92,NONE
2026-07-31 04:41:05.238981,VIN-469921,1559,100,P0300
2026-07-31 04:41:06.238981,VIN-169592,3446,95,NONE
2026-07-31 04:41:07.238981,VIN-477594,2679,88,NONE
2026-07-31 04:41:08.238981,VIN-611491,2176,99,NONE
2026-07-31 04:41:09.238981,VIN-468262,3357,90,P0171
2026-07-31 04:41:10.238981,VIN-253964,1592,98,NONE
2026-07-31 04:41:11.238981,VIN-465169,2084,100,P0171
2026-07-31 04:41:12.238981,VIN-428830,3103,105,NONE
2026-07-31 04:41:13.238981,VIN-239689,1597,92,P0420
2026-07-31 04:41:14.238981,VIN-220235,2430,86,NONE
2026-07-31 04:41:15.238981,VIN-386446,1640,95,NONE
2026-07-31 04:41:16.238981,VIN-385357,3102,87,P0300
2026-07-31 04:41:17.238981,VIN-901159,1518,85,NONE
2026-07-31 04:41:18.238981,VIN-390492,2619,104,P0171
2026-07-31 04:41:19.238981,VIN-860103,1763,102,NONE
2026-07-31 04:41:20.238981,VIN-754573,2996,103,NONE
2026-07-31 04:41:21.238981,VIN-655948,3470,90,NONE
2026-07-31 04:41:22.238981,VIN-291869,3482,95,P0171
2026-07-31 04:41:23.238981,VIN-598394,1517,96,NONE
2026-07-31 04:41:24.238981,VIN-431565,3430,90,NONE
2026-07-31 04:41:25.238981,VIN-144641,1818,86,NONE
2026-07-31 04:41:26.238981,VIN-875448,1736,96,P0420
2026-07-31 04:41:27.238981,VIN-886741,1584,104,NONE
2026-07-31 04:41:28.238981,VIN-805256,1968,105,NONE
2026-07-31 04:41:29.238981,VIN-113487,2192,101,NONE
2026-07-31 04:41:30.238981,VIN-732796,3103,101,P0420
2026-07-31 04:41:31.238981,VIN-781056,1985,86,NONE
2026-07-31 04:41:32.238981,VIN-270254,2236,95,NONE
2026-07-31 04:41:33.238981,VIN-009524,2125,85,P0300
2026-07-31 04:41:34.238981,VIN-188660,2547,90,NONE
2026-07-31 04:41:35.238981,VIN-675778,3198,91,NONE
2026-07-31 04:41:36.238981,VIN-467331,2961,94,P0171
2026-07-31 04:41:37.238981,VIN-363647,0,101,NONE
2026-07-31 04:41:38.238981,VIN-924540,1649,92,NONE
2026-07-31 04:41:39.238981,VIN-223995,1658,99,NONE
2026-07-31 04:41:40.238981,VIN-914485,0,89,P0420
2026-07-31 04:41:41.238981,VIN-189175,1772,102,P0171
2026-07-31 04:41:42.238981,VIN-668835,1732,89,NONE
2026-07-31 04:41:43.238981,VIN-213754,2804,85,NONE
2026-07-31 04:41:44.238981,VIN-351701,2550,100,NONE
2026-07-31 04:41:45.238981,VIN-261393,3452,103,NONE
2026-07-31 04:41:46.238981,VIN-471033,1783,85,NONE
2026-07-31 04:41:47.238981,VIN-309339,3166,90,P0171
2026-07-31 04:41:48.238981,VIN-231291,3190,97,NONE
2026-07-31 04:41:49.238981,VIN-146062,1640,99,NONE
2026-07-31 04:41:50.238981,VIN-739684,1807,96,P0420
2026-07-31 04:41:51.238981,VIN-291565,2144,97,P0171
2026-07-31 04:41:52.238981,VIN-460745,2679,97,P0420
2026-07-31 04:41:53.238981,VIN-731480,3431,93,NONE
2026-07-31 04:41:54.238981,VIN-767523,1517,89,P0420
2026-07-31 04:41:55.238981,VIN-573566,3323,94,NONE
2026-07-31 04:41:56.238981,VIN-809249,2866,97,NONE
2026-07-31 04:41:57.238981,VIN-651032,0,102,NONE
2026-07-31 04:41:58.238981,VIN-810567,2193,99,NONE
2026-07-31 04:41:59.238981,VIN-319683,3427,93,P0420
2026-07-31 04:42:00.238981,VIN-491977,1744,86,P0420
2026-07-31 04:42:01.238981,VIN-956709,2335,96,P0300
2026-07-31 04:42:02.238981,VIN-608053,3103,90,NONE
2026-07-31 04:42:03.238981,VIN-668793,1687,95,P0420
2026-07-31 04:42:04.238981,VIN-016293,2948,91,NONE
2026-07-31 04:42:05.238981,VIN-196171,2388,87,NONE
2026-07-31 04:42:06.238981,VIN-924911,2659,91,NONE
2026-07-31 04:42:07.238981,VIN-831337,1945,105,P0171
2026-07-31 04:42:08.238981,VIN-061379,3305,92,NONE
2026-07-31 04:42:09.238981,VIN-099603,2009,95,P0300
2026-07-31 04:42:10.238981,VIN-220634,3114,90,P0300
2026-07-31 04:42:11.238981,VIN-612785,2539,98,NONE
2026-07-31 04:42:12.238981,VIN-717728,1618,99,P0420
2026-07-31 04:42:13.238981,VIN-774965,1782,92,NONE
2026-07-31 04:42:14.238981,VIN-394665,3233,86,NONE
2026-07-31 04:42:15.238981,VIN-251505,2764,98,P0300
2026-07-31 04:42:16.238981,VIN-813659,2560,102,P0300
2026-07-31 04:42:17.238981,VIN-664057,2261,101,NONE
2026-07-31 04:42:18.238981,VIN-494672,2914,99,P0420
2026-07-31 04:42:19.238981,VIN-155712,0,92,NONE
2026-07-31 04:42:20.238981,VIN-506301,1880,96,NONE
2026-07-31 04:42:21.238981,VIN-124125,1934,94,NONE
2026-07-31 04:42:22.238981,VIN-337901,2661,89,P0300
2026-07-31 04:42:23.238981,VIN-834160,2688,91,P0420
2026-07-31 04:42:24.238981,VIN-429644,3355,89,P0171
2026-07-31 04:42:25.238981,VIN-551174,2924,102,NONE
2026-07-31 04:42:26.238981,VIN-911612,0,87,P0420
2026-07-31 04:42:27.238981,VIN-061972,2385,96,NONE
2026-07-31 04:42:28.238981,VIN-078771,0,91,P0420
2026-07-31 04:42:29.238981,VIN-070489,3446,97,NONE
2026-07-31 04:42:30.238981,VIN-662812,2962,89,NONE
2026-07-31 04:42:31.238981,VIN-017068,2153,100,P0300
2026-07-31 04:42:32.238981,VIN-051579,3480,97,P0420
2026-07-31 04:42:33.238981,VIN-387762,2431,100,NONE
2026-07-31 04:42:34.238981,VIN-496661,1778,91,P0171
2026-07-31 04:42:35.238981,VIN-850456,2498,98,P0300
2026-07-31 04:42:36.238981,VIN-617142,0,103,P0171
2026-07-31 04:42:37.238981,VIN-429576,1893,93,NONE
2026-07-31 04:42:38.238981,VIN-459548,0,102,NONE
2026-07-31 04:42:39.238981,VIN-197157,2854,104,NONE
2026-07-31 04:42:40.238981,VIN-247781,3370,98,P0300
2026-07-31 04:42:41.238981,VIN-256485,2897,99,NONE
2026-07-31 04:42:42.238981,VIN-038730,2055,96,NONE
2026-07-31 04:42:43.238981,VIN-587585,1659,87,P0420
2026-07-31 04:42:44.238981,VIN-084026,3267,105,NONE
2026-07-31 04:42:45.238981,VIN-334318,2815,103,NONE
2026-07-31 04:42:46.238981,VIN-643482,1506,93,NONE
2026-07-31 04:42:47.238981,VIN-470445,1581,105,P0171
2026-07-31 04:42:48.238981,VIN-803375,2970,96,P0171
2026-07-31 04:42:49.238981,VIN-712504,2034,101,NONE
2026-07-31 04:42:50.238981,VIN-807796,2846,99,NONE
2026-07-31 04:42:51.238981,VIN-240767,3201,96,NONE
2026-07-31 04:42:52.238981,VIN-919205,3199,87,P0420
2026-07-31 04:42:53.238981,VIN-604039,3126,93,P0300
2026-07-31 04:42:54.238981,VIN-454188,2779,96,NONE
2026-07-31 04:42:55.238981,VIN-496815,3248,97,P0300
2026-07-31 04:42:56.238981,VIN-486326,1970,97,NONE
2026-07-31 04:42:57.238981,VIN-254126,1966,93,NONE
2026-07-31 04:42:58.238981,VIN-016501,2317,98,NONE
2026-07-31 04:42:59.238981,VIN-237651,1515,90,NONE
2026-07-31 04:43:00.238981,VIN-008006,3343,99,NONE
2026-07-31 04:43:01.238981,VIN-992863,2527,85,NONE
2026-07-31 04:43:02.238981,VIN-086271,2443,86,P0420
2026-07-31 04:43:03.238981,VIN-183418,2278,102,NONE
2026-07-31 04:43:04.238981,VIN-603817,3445,99,NONE
2026-07-31 04:43:05.238981,VIN-120191,3179,97,NONE
2026-07-31 04:43:06.238981,VIN-872758,3145,105,P0300
2026-07-31 04:43:07.238981,VIN-270440,3302,100,NONE
2026-07-31 04:43:08.238981,VIN-321819,3226,92,P0300
2026-07-31 04:43:09.238981,VIN-807458,1984,85,P0420
2026-07-31 04:43:10.238981,VIN-702213,3379,96,NONE
2026-07-31 04:43:11.238981,VIN-017789,1770,94,NONE
2026-07-31 04:43:12.238981,VIN-994554,1691,100,NONE
2026-07-31 04:43:13.238981,VIN-614919,1731,105,P0300
2026-07-31 04:43:14.238981,VIN-303063,3452,99,P0420
2026-07-31 04:43:15.238981,VIN-438612,2374,105,P0171
2026-07-31 04:43:16.238981,VIN-305320,1782,95,P0420
2026-07-31 04:43:17.238981,VIN-835224,2154,96,NONE
2026-07-31 04:43:18.238981,VIN-654721,0,90,NONE
2026-07-31 04:43:19.238981,VIN-387831,3391,102,NONE
2026-07-31 04:43:20.238981,VIN-747314,1746,87,P0420
2026-07-31 04:43:21.238981,VIN-851901,2068,96,NONE
2026-07-31 04:43:22.238981,VIN-488619,3335,93,P0300
2026-07-31 04:43:23.238981,VIN-766169,2068,104,NONE
2026-07-31 04:43:24.238981,VIN-694227,3126,95,P0171
2026-07-31 04:43:25.238981,VIN-109848,3172,104,NONE
2026-07-31 04:43:26.238981,VIN-924236,3228,95,NONE
2026-07-31 04:43:27.238981,VIN-299916,0,90,P0171
2026-07-31 04:43:28.238981,VIN-033846,2741,103,P0300
2026-07-31 04:43:29.238981,VIN-079392,3123,104,NONE
2026-07-31 04:43:30.238981,VIN-026375,2932,94,NONE
2026-07-31 04:43:31.238981,VIN-701024,2704,85,P0171
2026-07-31 04:43:32.238981,VIN-337985,1814,86,P0300
2026-07-31 04:43:33.238981,VIN-543428,2040,93,NONE
2026-07-31 04:43:34.238981,VIN-495364,3155,94,NONE
2026-07-31 04:43:35.238981,VIN-449230,0,95,P0420
2026-07-31 04:43:36.238981,VIN-507116,1818,90,P0420
2026-07-31 04:43:37.238981,VIN-450754,3228,96,P0420
2026-07-31 04:43:38.238981,VIN-032347,1898,95,P0300
2026-07-31 04:43:39.238981,VIN-709159,2692,94,NONE
2026-07-31 04:43:40.238981,VIN-647686,2973,99,NONE
2026-07-31 04:43:41.238981,VIN-929648,3203,89,NONE
2026-07-31 04:43:42.238981,VIN-646761,2464,100,NONE
2026-07-31 04:43:43.238981,VIN-262051,2702,97,P0171
2026-07-31 04:43:44.238981,VIN-390976,3133,104,NONE
2026-07-31 04:43:45.238981,VIN-613049,0,90,P0171
2026-07-31 04:43:46.238981,VIN-065737,3406,96,NONE
2026-07-31 04:43:47.238981,VIN-136870,1993,93,NONE
2026-07-31 04:43:48.238981,VIN-099243,3169,97,NONE
2026-07-31 04:43:49.238981,VIN-195106,2775,90,NONE
2026-07-31 04:43:50.238981,VIN-672809,1697,87,NONE
2026-07-31 04:43:51.238981,VIN-994206,2182,105,P0300
2026-07-31 04:43:52.238981,VIN-771301,2084,102,NONE
2026-07-31 04:43:53.238981,VIN-204962,1934,91,P0300
2026-07-31 04:43:54.238981,VIN-240469,2875,101,P0420
2026-07-31 04:43:55.238981,VIN-757731,3242,91,P0300
2026-07-31 04:43:56.238981,VIN-214923,3200,90,P0171
2026-07-31 04:43:57.238981,VIN-006897,3306,103,NONE
2026-07-31 04:43:58.238981,VIN-384910,2190,105,NONE
2026-07-31 04:43:59.238981,VIN-846362,3390,94,NONE
2026-07-31 04:44:00.238981,VIN-212547,2616,98,NONE
2026-07-31 04:44:01.238981,VIN-176767,1711,89,NONE
2026-07-31 04:44:02.238981,VIN-166118,3157,85,P0300
2026-07-31 04:44:03.238981,VIN-646118,1987,91,NONE
2026-07-31 04:44:04.238981,VIN-473412,2989,97,P0171
2026-07-31 04:44:05.238981,VIN-101112,2425,88,P0420
2026-07-31 04:44:06.238981,VIN-400648,2973,94,NONE
2026-07-31 04:44:07.238981,VIN-846453,3382,96,NONE
2026-07-31 04:44:08.238981,VIN-199930,2759,95,NONE
2026-07-31 04:44:09.238981,VIN-684092,3090,100,P0171
2026-07-31 04:44:10.238981,VIN-050653,2438,98,P0171
2026-07-31 04:44:11.238981,VIN-580521,1993,87,NONE
2026-07-31 04:44:12.238981,VIN-970749,3301,98,NONE
2026-07-31 04:44:13.238981,VIN-934291,2877,105,NONE
2026-07-31 04:44:14.238981,VIN-756552,2569,94,NONE
2026-07-31 04:44:15.238981,VIN-601378,2152,96,P0420
2026-07-31 04:44:16.238981,VIN-294821,3247,94,NONE
2026-07-31 04:44:17.238981,VIN-173818,0,97,NONE
2026-07-31 04:44:18.238981,VIN-800836,1626,87,NONE
2026-07-31 04:44:19.238981,VIN-158927,2482,89,NONE
2026-07-31 04:44:20.238981,VIN-828354,3394,98,NONE
2026-07-31 04:44:21.238981,VIN-867310,2546,92,NONE
2026-07-31 04:44:22.238981,VIN-593141,1528,96,NONE
2026-07-31 04:44:23.238981,VIN-447859,3282,90,P0171
2026-07-31 04:44:24.238981,VIN-121037,2990,86,P0300
2026-07-31 04:44:25.238981,VIN-729119,2123,96,NONE
2026-07-31 04:44:26.238981,VIN-070377,2104,100,P0420
2026-07-31 04:44:27.238981,VIN-539143,0,104,NONE
2026-07-31 04:44:28.238981,VIN-037614,0,97,NONE
2026-07-31 04:44:29.238981,VIN-761989,3106,93,P0420
2026-07-31 04:44:30.238981,VIN-391841,2996,102,NONE
2026-07-31 04:44:31.238981,VIN-447010,2712,105,P0300
2026-07-31 04:44:32.238981,VIN-073599,2583,86,NONE
2026-07-31 04:44:33.238981,VIN-523448,2927,98,P0300
2026-07-31 04:44:34.238981,VIN-124659,3296,102,NONE
2026-07-31 04:44:35.238981,VIN-769513,3221,101,NONE
2026-07-31 04:44:36.238981,VIN-837986,2186,86,P0300
2026-07-31 04:44:37.238981,VIN-505305,2222,91,NONE
2026-07-31 04:44:38.238981,VIN-810323,1984,102,NONE
2026-07-31 04:44:39.238981,VIN-371831,1732,98,NONE
2026-07-31 04:44:40.238981,VIN-845148,1736,87,P0420
2026-07-31 04:44:41.238981,VIN-118814,2762,97,P0420
2026-07-31 04:44:42.238981,VIN-197784,3364,95,P0420
2026-07-31 04:44:43.238981,VIN-559072,3254,97,P0420
2026-07-31 04:44:44.238981,VIN-394287,2674,86,NONE
2026-07-31 04:44:45.238981,VIN-470326,1976,85,NONE
2026-07-31 04:44:46.238981,VIN-479746,1616,85,NONE
2026-07-31 04:44:47.238981,VIN-698441,2408,90,NONE
2026-07-31 04:44:48.238981,VIN-250151,2538,88,NONE
2026-07-31 04:44:49.238981,VIN-874897,2907,98,P0420
2026-07-31 04:44:50.238981,VIN-446832,1566,93,NONE
2026-07-31 04:44:51.238981,VIN-317832,2973,92,NONE
2026-07-31 04:44:52.238981,VIN-406173,2875,91,NONE
2026-07-31 04:44:53.238981,VIN-355370,1885,104,P0171
2026-07-31 04:44:54.238981,VIN-040553,2535,99,NONE
2026-07-31 04:44:55.238981,VIN-410935,1920,94,NONE
2026-07-31 04:44:56.238981,VIN-836417,3246,100,P0420
2026-07-31 04:44:57.238981,VIN-300854,3265,94,P0300
2026-07-31 04:44:58.238981,VIN-003907,2287,89,NONE
2026-07-31 04:44:59.238981,VIN-186292,2253,86,P0171
2026-07-31 04:45:00.238981,VIN-588476,2939,103,P0171
2026-07-31 04:45:01.238981,VIN-894400,2264,105,NONE
2026-07-31 04:45:02.238981,VIN-616178,2435,89,NONE
2026-07-31 04:45:03.238981,VIN-139603,1666,99,P0171
2026-07-31 04:45:04.238981,VIN-440869,1801,96,NONE
2026-07-31 04:45:05.238981,VIN-596054,3050,90,NONE
2026-07-31 04:45:06.238981,VIN-566196,1596,101,P0171
2026-07-31 04:45:07.238981,VIN-872593,3460,100,NONE
2026-07-31 04:45:08.238981,VIN-088876,3400,103,P0420
2026-07-31 04:45:09.238981,VIN-558323,2723,95,P0300
2026-07-31 04:45:10.238981,VIN-864767,2799,85,NONE
2026-07-31 04:45:11.238981,VIN-332133,1640,105,P0171
2026-07-31 04:45:12.238981,VIN-068453,2412,96,NONE
2026-07-31 04:45:13.238981,VIN-865936,3133,87,NONE
2026-07-31 04:45:14.238981,VIN-756137,2906,92,P0171
2026-07-31 04:45:15.238981,VIN-955653,3144,103,NONE
2026-07-31 04:45:16.238981,VIN-237798,2769,87,NONE
2026-07-31 04:45:17.238981,VIN-102979,3220,93,P0420
2026-07-31 04:45:18.238981,VIN-606641,2733,87,P0420
2026-07-31 04:45:19.238981,VIN-551635,2680,91,NONE
2026-07-31 04:45:20.238981,VIN-647067,2507,98,NONE
2026-07-31 04:45:21.238981,VIN-251838,1845,85,P0300
2026-07-31 04:45:22.238981,VIN-774015,3147,87,NONE
2026-07-31 04:45:23.238981,VIN-092018,1945,103,P0300
2026-07-31 04:45:24.238981,VIN-007144,2162,105,NONE
2026-07-31 04:45:25.238981,VIN-054145,1779,93,P0171
2026-07-31 04:45:26.238981,VIN-135681,3145,91,P0420
2026-07-31 04:45:27.238981,VIN-221506,1994,97,NONE
2026-07-31 04:45:28.238981,VIN-187062,2239,103,NONE
2026-07-31 04:45:29.238981,VIN-532642,2851,90,P0171
2026-07-31 04:45:30.238981,VIN-525916,2742,95,P0300
2026-07-31 04:45:31.238981,VIN-292132,2807,95,NONE
2026-07-31 04:45:32.238981,VIN-503965,1983,89,P0420
2026-07-31 04:45:33.238981,VIN-110889,3495,93,P0300
2026-07-31 04:45:34.238981,VIN-508411,2379,100,NONE
2026-07-31 04:45:35.238981,VIN-992142,3287,94,P0420
2026-07-31 04:45:36.238981,VIN-003796,2218,105,NONE
2026-07-31 04:45:37.238981,VIN-435020,3285,96,P0300
2026-07-31 04:45:38.238981,VIN-548865,2027,86,P0171
2026-07-31 04:45:39.238981,VIN-457585,2982,105,P0171
2026-07-31 04:45:40.238981,VIN-701204,3460,98,P0171
2026-07-31 04:45:41.238981,VIN-179670,2979,101,P0420
2026-07-31 04:45:42.238981,VIN-799699,1720,103,P0171
2026-07-31 04:45:43.238981,VIN-472812,1936,87,P0171
2026-07-31 04:45:44.238981,VIN-100967,2537,92,NONE
2026-07-31 04:45:45.238981,VIN-745474,0,97,NONE
2026-07-31 04:45:46.238981,VIN-322185,1944,85,P0300
2026-07-31 04:45:47.238981,VIN-130682,2154,103,NONE
2026-07-31 04:45:48.238981,VIN-167519,2408,92,P0171
2026-07-31 04:45:49.238981,VIN-949231,1640,96,P0171
2026-07-31 04:45:50.238981,VIN-544398,1823,85,NONE
2026-07-31 04:45:51.238981,VIN-017509,2497,85,P0300
2026-07-31 04:45:52.238981,VIN-620235,2230,101,NONE
2026-07-31 04:45:53.238981,VIN-728590,0,96,NONE
2026-07-31 04:45:54.238981,VIN-040066,3182,86,NONE
2026-07-31 04:45:55.238981,VIN-769468,3118,85,NONE
2026-07-31 04:45:56.238981,VIN-393719,3107,85,NONE
2026-07-31 04:45:57.238981,VIN-001988,3303,96,NONE
2026-07-31 04:45:58.238981,VIN-225418,3040,101,NONE
2026-07-31 04:45:59.238981,VIN-528745,2509,97,NONE
2026-07-31 04:46:00.238981,VIN-988687,3399,88,NONE
2026-07-31 04:46:01.238981,VIN-603112,3387,93,NONE
2026-07-31 04:46:02.238981,VIN-174033,2550,90,NONE
2026-07-31 04:46:03.238981,VIN-833926,2328,92,P0420
2026-07-31 04:46:04.238981,VIN-941067,1880,100,P0420
2026-07-31 04:46:05.238981,VIN-495805,2778,92,NONE
2026-07-31 04:46:06.238981,VIN-435026,2608,90,NONE
2026-07-31 04:46:07.238981,VIN-728849,1639,87,NONE
2026-07-31 04:46:08.238981,VIN-084388,0,97,NONE
2026-07-31 04:46:09.238981,VIN-367218,2184,101,P0300
2026-07-31 04:46:10.238981,VIN-185548,1704,88,P0300
2026-07-31 04:46:11.238981,VIN-785889,3449,88,NONE
2026-07-31 04:46:12.238981,VIN-745998,2573,93,P0300
2026-07-31 04:46:13.238981,VIN-999077,3210,89,NONE
2026-07-31 04:46:14.238981,VIN-639044,3095,93,NONE
2026-07-31 04:46:15.238981,VIN-293016,1690,96,NONE
2026-07-31 04:46:16.238981,VIN-151272,2160,100,P0171
2026-07-31 04:46:17.238981,VIN-144635,3220,105,P0420
2026-07-31 04:46:18.238981,VIN-795568,1943,88,NONE
2026-07-31 04:46:19.238981,VIN-308971,2843,99,NONE
2026-07-31 04:46:20.238981,VIN-564362,2702,98,NONE
2026-07-31 04:46:21.238981,VIN-562920,3182,90,P0420
2026-07-31 04:46:22.238981,VIN-540509,3486,101,NONE
2026-07-31 04:46:23.238981,VIN-854137,2129,92,NONE
2026-07-31 04:46:24.238981,VIN-499540,1747,91,NONE
2026-07-31 04:46:25.238981,VIN-781281,2825,97,NONE
2026-07-31 04:46:26.238981,VIN-743265,3007,103,NONE
2026-07-31 04:46:27.238981,VIN-663741,2995,102,NONE
2026-07-31 04:46:28.238981,VIN-256331,2716,105,NONE
2026-07-31 04:46:29.238981,VIN-015643,2965,103,P0420
2026-07-31 04:46:30.238981,VIN-207410,2862,94,P0420
2026-07-31 04:46:31.238981,VIN-907494,2302,92,P0420
2026-07-31 04:46:32.238981,VIN-889956,3469,94,NONE
2026-07-31 04:46:33.238981,VIN-784740,1809,85,NONE
2026-07-31 04:46:34.238981,VIN-124471,3228,91,NONE
2026-07-31 04:46:35.238981,VIN-638333,0,97,NONE
2026-07-31 04:46:36.238981,VIN-846255,1500,90,NONE
2026-07-31 04:46:37.238981,VIN-424440,2214,101,NONE
2026-07-31 04:46:38.238981,VIN-050384,2579,100,NONE
2026-07-31 04:46:39.238981,VIN-045615,0,88,NONE
2026-07-31 04:46:40.238981,VIN-629861,3481,102,P0420
2026-07-31 04:46:41.238981,VIN-017032,2390,86,P0300
2026-07-31 04:46:42.238981,VIN-212484,3291,85,NONE
2026-07-31 04:46:43.238981,VIN-618034,3499,88,NONE
2026-07-31 04:46:44.238981,VIN-566987,2379,88,NONE
2026-07-31 04:46:45.238981,VIN-696642,2573,90,NONE
2026-07-31 04:46:46.238981,VIN-785948,2041,96,P0300
2026-07-31 04:46:47.238981,VIN-789366,3375,89,NONE
2026-07-31 04:46:48.238981,VIN-959108,2680,87,P0300
2026-07-31 04:46:49.238981,VIN-609795,2293,95,P0300
2026-07-31 04:46:50.238981,VIN-257975,1803,103,NONE
2026-07-31 04:46:51.238981,VIN-283935,1555,90,NONE
2026-07-31 04:46:52.238981,VIN-880150,2019,92,P0420
2026-07-31 04:46:53.238981,VIN-130955,1526,100,NONE
2026-07-31 04:46:54.238981,VIN-653933,3328,95,NONE
2026-07-31 04:46:55.238981,VIN-114628,2333,103,NONE
2026-07-31 04:46:56.238981,VIN-652009,2535,105,NONE
2026-07-31 04:46:57.238981,VIN-168541,2635,103,P0420
2026-07-31 04:46:58.238981,VIN-484970,0,91,NONE
2026-07-31 04:46:59.238981,VIN-981549,3051,101,P0420
2026-07-31 04:47:00.238981,VIN-878334,2692,99,P0171
2026-07-31 04:47:01.238981,VIN-572110,0,89,NONE
2026-07-31 04:47:02.238981,VIN-380625,1972,100,NONE
2026-07-31 04:47:03.238981,VIN-381648,2514,96,NONE
2026-07-31 04:47:04.238981,VIN-099203,2928,92,P0300
2026-07-31 04:47:05.238981,VIN-347230,2375,103,P0420
2026-07-31 04:47:06.238981,VIN-311153,1972,92,NONE
2026-07-31 04:47:07.238981,VIN-074205,2825,98,P0300
2026-07-31 04:47:08.238981,VIN-859634,3156,87,P0300
2026-07-31 04:47:09.238981,VIN-605232,3196,87,P0300
2026-07-31 04:47:10.238981,VIN-353344,2480,85,NONE
2026-07-31 04:47:11.238981,VIN-388139,1850,85,P0300
2026-07-31 04:47:12.238981,VIN-915645,1600,105,P0300
2026-07-31 04:47:13.238981,VIN-864756,3115,85,NONE
2026-07-31 04:47:14.238981,VIN-105513,3024,98,P0171
2026-07-31 04:47:15.238981,VIN-539665,2112,96,NONE
2026-07-31 04:47:16.238981,VIN-259390,0,103,NONE
2026-07-31 04:47:17.238981,VIN-106521,3448,99,NONE
2026-07-31 04:47:18.238981,VIN-709321,2712,92,NONE
2026-07-31 04:47:19.238981,VIN-032461,2643,97,NONE
2026-07-31 04:47:20.238981,VIN-227507,2115,89,P0420
2026-07-31 04:47:21.238981,VIN-517645,2183,101,NONE
2026-07-31 04:47:22.238981,VIN-598778,1941,89,P0300
2026-07-31 04:47:23.238981,VIN-358073,3081,99,NONE
2026-07-31 04:47:24.238981,VIN-697416,3231,93,NONE
2026-07-31 04:47:25.238981,VIN-664447,1751,101,P0171
2026-07-31 04:47:26.238981,VIN-481298,3332,101,NONE
2026-07-31 04:47:27.238981,VIN-133250,1595,103,NONE
2026-07-31 04:47:28.238981,VIN-319558,2619,99,NONE
2026-07-31 04:47:29.238981,VIN-240549,3334,85,NONE
2026-07-31 04:47:30.238981,VIN-148595,1874,98,NONE
2026-07-31 04:47:31.238981,VIN-311584,1510,105,NONE
2026-07-31 04:47:32.238981,VIN-480447,3325,90,P0171
2026-07-31 04:47:33.238981,VIN-114027,1710,91,P0300
2026-07-31 04:47:34.238981,VIN-811158,0,94,NONE
2026-07-31 04:47:35.238981,VIN-654112,1520,97,NONE
2026-07-31 04:47:36.238981,VIN-470727,2017,103,P0420
2026-07-31 04:47:37.238981,VIN-210486,3360,89,NONE
2026-07-31 04:47:38.238981,VIN-687866,3374,104,P0300
2026-07-31 04:47:39.238981,VIN-573699,1518,99,P0420
2026-07-31 04:47:40.238981,VIN-052473,1685,98,P0171
2026-07-31 04:47:41.238981,VIN-106194,2068,92,NONE
2026-07-31 04:47:42.238981,VIN-470305,1590,85,P0300
2026-07-31 04:47:43.238981,VIN-360558,2384,97,NONE
2026-07-31 04:47:44.238981,VIN-150551,3328,94,P0171
2026-07-31 04:47:45.238981,VIN-293407,1607,95,P0171
2026-07-31 04:47:46.238981,VIN-967841,1624,92,NONE
2026-07-31 04:47:47.238981,VIN-683277,3183,100,NONE
2026-07-31 04:47:48.238981,VIN-646589,1862,95,P0300
2026-07-31 04:47:49.238981,VIN-752259,1865,103,P0420
2026-07-31 04:47:50.238981,VIN-480659,1538,94,NONE
2026-07-31 04:47:51.238981,VIN-341208,2524,99,NONE
2026-07-31 04:47:52.238981,VIN-062667,2016,104,P0171
2026-07-31 04:47:53.238981,VIN-443148,2123,105,P0300
2026-07-31 04:47:54.238981,VIN-566571,2066,94,NONE
2026-07-31 04:47:55.238981,VIN-296313,0,103,NONE
2026-07-31 04:47:56.238981,VIN-071146,2783,91,NONE
2026-07-31 04:47:57.238981,VIN-635530,2066,85,NONE
2026-07-31 04:47:58.238981,VIN-293338,1747,90,P0420
2026-07-31 04:47:59.238981,VIN-746951,2157,91,NONE
2026-07-31 04:48:00.238981,VIN-842862,2403,94,P0171
2026-07-31 04:48:01.238981,VIN-660759,2428,90,P0420
2026-07-31 04:48:02.238981,VIN-529387,1827,91,NONE
2026-07-31 04:48:03.238981,VIN-211021,0,93,NONE
2026-07-31 04:48:04.238981,VIN-515886,1772,101,P0420
2026-07-31 04:48:05.238981,VIN-913351,1923,96,P0300
2026-07-31 04:48:06.238981,VIN-332373,3091,100,NONE
2026-07-31 04:48:07.238981,VIN-059260,2460,97,NONE
2026-07-31 04:48:08.238981,VIN-186655,3263,95,P0420
2026-07-31 04:48:09.238981,VIN-506404,1744,104,NONE
2026-07-31 04:48:10.238981,VIN-437847,1892,91,NONE
2026-07-31 04:48:11.238981,VIN-436862,3214,103,NONE
2026-07-31 04:48:12.238981,VIN-672989,3303,87,P0171
2026-07-31 04:48:13.238981,VIN-628651,3088,95,P0300
2026-07-31 04:48:14.238981,VIN-834814,0,94,NONE
2026-07-31 04:48:15.238981,VIN-880150,0,87,P0171
2026-07-31 04:48:16.238981,VIN-854964,3036,88,NONE
2026-07-31 04:48:17.238981,VIN-748923,3072,91,P0300
2026-07-31 04:48:18.238981,VIN-122923,3189,95,P0420
2026-07-31 04:48:19.238981,VIN-745251,2865,100,NONE
2026-07-31 04:48:20.238981,VIN-607295,3325,88,NONE
2026-07-31 04:48:21.238981,VIN-909674,2879,103,NONE
2026-07-31 04:48:22.238981,VIN-536443,1724,100,NONE
2026-07-31 04:48:23.238981,VIN-204947,0,91,P0300
2026-07-31 04:48:24.238981,VIN-783420,1514,89,P0300
2026-07-31 04:48:25.238981,VIN-359618,3115,94,NONE
2026-07-31 04:48:26.238981,VIN-672640,3201,88,NONE
2026-07-31 04:48:27.238981,VIN-749787,3232,103,NONE
2026-07-31 04:48:28.238981,VIN-714240,1832,105,NONE
2026-07-31 04:48:29.238981,VIN-556063,2460,93,NONE
2026-07-31 04:48:30.238981,VIN-142563,2814,103,NONE
2026-07-31 04:48:31.238981,VIN-260347,3173,91,P0420
2026-07-31 04:48:32.238981,VIN-133095,2630,96,NONE
2026-07-31 04:48:33.238981,VIN-864035,3109,89,P0420
2026-07-31 04:48:34.238981,VIN-658253,3407,89,NONE
2026-07-31 04:48:35.238981,VIN-348464,1577,99,NONE
2026-07-31 04:48:36.238981,VIN-639366,2826,105,P0300
2026-07-31 04:48:37.238981,VIN-094399,2348,85,NONE
2026-07-31 04:48:38.238981,VIN-242279,2691,99,NONE
2026-07-31 04:48:39.238981,VIN-326077,2516,98,NONE
2026-07-31 04:48:40.238981,VIN-950535,3017,92,P0420
2026-07-31 04:48:41.238981,VIN-395360,3107,101,P0300
2026-07-31 04:48:42.238981,VIN-348691,3065,104,P0300
2026-07-31 04:48:43.238981,VIN-195431,2820,88,P0420
2026-07-31 04:48:44.238981,VIN-885585,1794,91,NONE
2026-07-31 04:48:45.238981,VIN-772660,0,86,NONE
2026-07-31 04:48:46.238981,VIN-212277,2713,94,NONE
2026-07-31 04:48:47.238981,VIN-231290,2068,104,NONE
2026-07-31 04:48:48.238981,VIN-634533,2724,95,P0171
2026-07-31 04:48:49.238981,VIN-369787,1966,98,P0300
2026-07-31 04:48:50.238981,VIN-325210,3496,90,NONE
2026-07-31 04:48:51.238981,VIN-645339,2526,92,P0171
2026-07-31 04:48:52.238981,VIN-410921,2661,102,NONE
2026-07-31 04:48:53.238981,VIN-717750,1640,99,NONE
2026-07-31 04:48:54.238981,VIN-034767,3217,99,NONE
2026-07-31 04:48:55.238981,VIN-464855,2180,85,NONE
2026-07-31 04:48:56.238981,VIN-985656,2824,87,NONE
2026-07-31 04:48:57.238981,VIN-888342,1930,92,NONE
2026-07-31 04:48:58.238981,VIN-097190,1717,99,NONE
2026-07-31 04:48:59.238981,VIN-699889,3497,100,NONE
2026-07-31 04:49:00.238981,VIN-787025,2806,92,P0300
2026-07-31 04:49:01.238981,VIN-933060,1733,97,NONE
2026-07-31 04:49:02.238981,VIN-652214,3356,94,NONE
2026-07-31 04:49:03.238981,VIN-115928,2753,93,NONE
2026-07-31 04:49:04.238981,VIN-040561,3369,97,NONE
2026-07-31 04:49:05.238981,VIN-772854,2446,90,NONE
2026-07-31 04:49:06.238981,VIN-616859,3053,100,P0420
2026-07-31 04:49:07.238981,VIN-117300,2799,94,NONE
2026-07-31 04:49:08.238981,VIN-368531,2636,88,NONE
2026-07-31 04:49:09.238981,VIN-811377,2423,95,P0300
2026-07-31 04:49:10.238981,VIN-001264,2310,95,P0420
2026-07-31 04:49:11.238981,VIN-669817,2384,105,P0300
2026-07-31 04:49:12.238981,VIN-196242,1749,100,P0420
2026-07-31 04:49:13.238981,VIN-582018,2706,93,NONE
2026-07-31 04:49:14.238981,VIN-576952,0,94,P0300
2026-07-31 04:49:15.238981,VIN-404248,1777,88,NONE
2026-07-31 04:49:16.238981,VIN-849707,3192,88,P0420
2026-07-31 04:49:17.238981,VIN-335901,2039,101,P0171
2026-07-31 04:49:18.238981,VIN-574246,2340,89,NONE
2026-07-31 04:49:19.238981,VIN-793774,1527,103,P0300
2026-07-31 04:49:20.238981,VIN-492882,2353,90,NONE
2026-07-31 04:49:21.238981,VIN-757744,2803,92,NONE
2026-07-31 04:49:22.238981,VIN-058488,1683,96,NONE
2026-07-31 04:49:23.238981,VIN-233457,0,91,P0300
2026-07-31 04:49:24.238981,VIN-433767,2054,89,NONE
2026-07-31 04:49:25.238981,VIN-021830,1543,94,P0300
2026-07-31 04:49:26.238981,VIN-780430,2493,95,P0420
2026-07-31 04:49:27.238981,VIN-666483,3470,85,P0300
2026-07-31 04:49:28.238981,VIN-760123,2604,103,NONE
2026-07-31 04:49:29.238981,VIN-995028,1802,103,NONE
2026-07-31 04:49:30.238981,VIN-475600,2293,85,NONE
2026-07-31 04:49:31.238981,VIN-423431,2151,93,P0300
2026-07-31 04:49:32.238981,VIN-393743,2251,99,P0420
2026-07-31 04:49:33.238981,VIN-800919,1886,90,NONE
2026-07-31 04:49:34.238981,VIN-492975,0,101,NONE
2026-07-31 04:49:35.238981,VIN-966943,3147,88,NONE
2026-07-31 04:49:36.238981,VIN-138302,3327,100,NONE
2026-07-31 04:49:37.238981,VIN-201733,3229,103,NONE
2026-07-31 04:49:38.238981,VIN-955229,2010,96,P0420
2026-07-31 04:49:39.238981,VIN-607863,3464,85,NONE
2026-07-31 04:49:40.238981,VIN-491326,3107,88,NONE
2026-07-31 04:49:41.238981,VIN-257307,2914,85,P0300
2026-07-31 04:49:42.238981,VIN-622054,1577,100,P0171
2026-07-31 04:49:43.238981,VIN-915998,3052,104,NONE
2026-07-31 04:49:44.238981,VIN-894398,0,96,P0171
2026-07-31 04:49:45.238981,VIN-773332,2609,95,NONE
2026-07-31 04:49:46.238981,VIN-447727,3202,105,P0171
2026-07-31 04:49:47.238981,VIN-972580,2052,97,NONE
2026-07-31 04:49:48.238981,VIN-385765,1755,103,P0300
2026-07-31 04:49:49.238981,VIN-915100,0,102,P0420
2026-07-31 04:49:50.238981,VIN-082170,2466,96,NONE
2026-07-31 04:49:51.238981,VIN-309325,2198,91,P0171
2026-07-31 04:49:52.238981,VIN-448295,2367,86,NONE
2026-07-31 04:49:53.238981,VIN-446824,2225,98,NONE
2026-07-31 04:49:54.238981,VIN-280682,3360,86,NONE
2026-07-31 04:49:55.238981,VIN-018518,2697,98,NONE
2026-07-31 04:49:56.238981,VIN-476463,2934,91,P0171
2026-07-31 04:49:57.238981,VIN-871376,2628,95,P0171
2026-07-31 04:49:58.238981,VIN-237223,2090,104,NONE
2026-07-31 04:49:59.238981,VIN-150629,2492,89,NONE
2026-07-31 04:50:00.238981,VIN-514976,2708,86,NONE
2026-07-31 04:50:01.238981,VIN-474983,2927,94,NONE
2026-07-31 04:50:02.238981,VIN-011414,1990,103,NONE
2026-07-31 04:50:03.238981,VIN-709307,2927,85,P0171
2026-07-31 04:50:04.238981,VIN-261036,2751,89,P0171
2026-07-31 04:50:05.238981,VIN-592842,3447,100,NONE
2026-07-31 04:50:06.238981,VIN-327636,1768,89,NONE
2026-07-31 04:50:07.238981,VIN-909954,3145,96,NONE
2026-07-31 04:50:08.238981,VIN-984228,3367,89,P0420
2026-07-31 04:50:09.238981,VIN-583628,2388,100,NONE
2026-07-31 04:50:10.238981,VIN-918464,2058,95,P0300
2026-07-31 04:50:11.238981,VIN-340147,3023,99,NONE
2026-07-31 04:50:12.238981,VIN-354280,1730,93,NONE
2026-07-31 04:50:13.238981,VIN-750806,3319,105,NONE
2026-07-31 04:50:14.238981,VIN-151728,1913,95,NONE
2026-07-31 04:50:15.238981,VIN-896565,2023,91,P0420
2026-07-31 04:50:16.238981,VIN-688992,2325,104,P0300
2026-07-31 04:50:17.238981,VIN-110107,2648,97,NONE
2026-07-31 04:50:18.238981,VIN-946401,2105,87,P0420
2026-07-31 04:50:19.238981,VIN-161682,3447,87,NONE
2026-07-31 04:50:20.238981,VIN-724449,2503,98,P0171
2026-07-31 04:50:21.238981,VIN-655931,2528,104,P0300
2026-07-31 04:50:22.238981,VIN-991285,2038,102,P0171
2026-07-31 04:50:23.238981,VIN-897450,2855,100,P0300
2026-07-31 04:50:24.238981,VIN-546123,2037,94,NONE
2026-07-31 04:50:25.238981,VIN-766346,2659,102,NONE
2026-07-31 04:50:26.238981,VIN-138901,0,100,NONE
2026-07-31 04:50:27.238981,VIN-511304,1587,101,NONE
2026-07-31 04:50:28.238981,VIN-218348,3347,99,NONE
2026-07-31 04:50:29.238981,VIN-046657,0,90,NONE
2026-07-31 04:50:30.238981,VIN-670390,3284,95,NONE
2026-07-31 04:50:31.238981,VIN-371078,2977,97,NONE
2026-07-31 04:50:32.238981,VIN-169680,2189,98,NONE
2026-07-31 04:50:33.238981,VIN-790728,3042,103,NONE
2026-07-31 04:50:34.238981,VIN-885983,3323,105,P0420
2026-07-31 04:50:35.238981,VIN-347746,1683,92,NONE
2026-07-31 04:50:36.238981,VIN-101715,2830,99,NONE
2026-07-31 04:50:37.238981,VIN-452964,3086,102,P0420
2026-07-31 04:50:38.238981,VIN-507929,3166,102,NONE
2026-07-31 04:50:39.238981,VIN-239634,2642,102,NONE
2026-07-31 04:50:40.238981,VIN-785957,2490,88,NONE
2026-07-31 04:50:41.238981,VIN-132715,3101,93,NONE
2026-07-31 04:50:42.238981,VIN-365694,1888,95,NONE
2026-07-31 04:50:43.238981,VIN-394452,2996,88,P0171
2026-07-31 04:50:44.238981,VIN-815112,3239,91,NONE
2026-07-31 04:50:45.238981,VIN-675061,3356,100,NONE
2026-07-31 04:50:46.238981,VIN-947416,2091,103,NONE
2026-07-31 04:50:47.238981,VIN-462057,2924,105,NONE
2026-07-31 04:50:48.238981,VIN-218444,2067,96,NONE
2026-07-31 04:50:49.238981,VIN-132812,1688,102,NONE
2026-07-31 04:50:50.238981,VIN-555170,2445,87,NONE
2026-07-31 04:50:51.238981,VIN-087620,1716,96,NONE
2026-07-31 04:50:52.238981,VIN-595629,3450,90,NONE
2026-07-31 04:50:53.238981,VIN-547895,0,86,P0171
2026-07-31 04:50:54.238981,VIN-888162,3194,104,P0300
2026-07-31 04:50:55.238981,VIN-718861,1507,93,NONE
2026-07-31 04:50:56.238981,VIN-961125,2530,93,P0171
2026-07-31 04:50:57.238981,VIN-205553,3389,100,P0171
2026-07-31 04:50:58.238981,VIN-261350,2842,103,NONE
2026-07-31 04:50:59.238981,VIN-377228,3237,98,NONE
2026-07-31 04:51:00.238981,VIN-634533,2115,85,NONE
2026-07-31 04:51:01.238981,VIN-168612,3473,101,NONE
2026-07-31 04:51:02.238981,VIN-677803,1870,96,P0171
2026-07-31 04:51:03.238981,VIN-839106,2661,90,NONE
2026-07-31 04:51:04.238981,VIN-218214,0,93,NONE
2026-07-31 04:51:05.238981,VIN-839473,0,87,NONE
2026-07-31 04:51:06.238981,VIN-536673,1713,97,NONE
2026-07-31 04:51:07.238981,VIN-939798,2337,102,NONE
2026-07-31 04:51:08.238981,VIN-219416,2738,92,NONE
2026-07-31 04:51:09.238981,VIN-099517,3218,90,NONE
2026-07-31 04:51:10.238981,VIN-810329,3179,87,P0420
2026-07-31 04:51:11.238981,VIN-712340,3212,85,NONE
2026-07-31 04:51:12.238981,VIN-185202,2520,98,P0420
2026-07-31 04:51:13.238981,VIN-173586,2547,103,P0171
2026-07-31 04:51:14.238981,VIN-641864,3239,85,P0420
2026-07-31 04:51:15.238981,VIN-238011,3478,104,NONE
2026-07-31 04:51:16.238981,VIN-332316,2441,98,P0420
2026-07-31 04:51:17.238981,VIN-729227,2546,102,NONE
2026-07-31 04:51:18.238981,VIN-715218,2292,102,NONE
2026-07-31 04:51:19.238981,VIN-694408,3106,85,P0171
2026-07-31 04:51:20.238981,VIN-583634,2217,86,P0300
2026-07-31 04:51:21.238981,VIN-278614,3106,98,P0300
2026-07-31 04:51:22.238981,VIN-116017,2929,95,P0420
2026-07-31 04:51:23.238981,VIN-586193,3209,94,NONE
2026-07-31 04:51:24.238981,VIN-432952,3386,89,P0300
2026-07-31 04:51:25.238981,VIN-767155,2383,93,P0300
2026-07-31 04:51:26.238981,VIN-261297,3358,94,NONE
2026-07-31 04:51:27.238981,VIN-564158,2576,91,NONE
2026-07-31 04:51:28.238981,VIN-187138,2843,97,P0171
2026-07-31 04:51:29.238981,VIN-908217,0,87,P0300
2026-07-31 04:51:30.238981,VIN-894447,2436,98,P0300
2026-07-31 04:51:31.238981,VIN-617227,2545,105,P0420
2026-07-31 04:51:32.238981,VIN-190881,1670,91,NONE
2026-07-31 04:51:33.238981,VIN-047204,2832,102,P0171
2026-07-31 04:51:34.238981,VIN-606895,2386,88,P0300
2026-07-31 04:51:35.238981,VIN-131850,2549,87,P0300
2026-07-31 04:51:36.238981,VIN-385445,2620,103,NONE
2026-07-31 04:51:37.238981,VIN-574174,2475,89,NONE
2026-07-31 04:51:38.238981,VIN-250434,3088,102,P0171
2026-07-31 04:51:39.238981,VIN-992055,2365,104,NONE
2026-07-31 04:51:40.238981,VIN-269932,2502,104,P0171
2026-07-31 04:51:41.238981,VIN-151593,2965,100,P0171
2026-07-31 04:51:42.238981,VIN-803252,2923,90,P0300
2026-07-31 04:51:43.238981,VIN-327787,2747,96,P0171
2026-07-31 04:51:44.238981,VIN-807460,1821,102,NONE
2026-07-31 04:51:45.238981,VIN-181099,2138,98,P0420
2026-07-31 04:51:46.238981,VIN-790303,1847,98,P0420
2026-07-31 04:51:47.238981,VIN-663041,1990,105,NONE
2026-07-31 04:51:48.238981,VIN-184899,2581,93,NONE
2026-07-31 04:51:49.238981,VIN-803231,3361,101,P0300
2026-07-31 04:51:50.238981,VIN-326165,2441,86,P0420
2026-07-31 04:51:51.238981,VIN-707793,0,100,P0420
2026-07-31 04:51:52.238981,VIN-940685,1847,91,NONE
2026-07-31 04:51:53.238981,VIN-159799,2153,99,NONE
2026-07-31 04:51:54.238981,VIN-533196,2834,105,P0300
2026-07-31 04:51:55.238981,VIN-260613,3111,87,NONE
2026-07-31 04:51:56.238981,VIN-504160,3037,94,NONE
2026-07-31 04:51:57.238981,VIN-454533,2306,93,P0420
2026-07-31 04:51:58.238981,VIN-649309,1664,99,NONE
2026-07-31 04:51:59.238981,VIN-593071,3237,88,P0171
2026-07-31 04:52:00.238981,VIN-938440,3284,96,P0171
2026-07-31 04:52:01.238981,VIN-032770,3415,98,P0300
2026-07-31 04:52:02.238981,VIN-947155,3067,91,P0420
2026-07-31 04:52:03.238981,VIN-238955,2941,101,P0171
2026-07-31 04:52:04.238981,VIN-364561,3086,87,NONE
2026-07-31 04:52:05.238981,VIN-914065,1695,100,NONE
2026-07-31 04:52:06.238981,VIN-520806,2555,86,P0171
2026-07-31 04:52:07.238981,VIN-526438,3015,85,P0420
2026-07-31 04:52:08.238981,VIN-589399,2234,105,NONE
2026-07-31 04:52:09.238981,VIN-017678,1947,85,P0171
2026-07-31 04:52:10.238981,VIN-118734,1957,90,NONE
2026-07-31 04:52:11.238981,VIN-752755,3387,93,P0171
2026-07-31 04:52:12.238981,VIN-741606,1850,86,NONE
2026-07-31 04:52:13.238981,VIN-642221,0,90,P0420
2026-07-31 04:52:14.238981,VIN-834103,2097,105,NONE
2026-07-31 04:52:15.238981,VIN-041886,1900,90,P0420
2026-07-31 04:52:16.238981,VIN-724074,3067,94,P0420
2026-07-31 04:52:17.238981,VIN-467731,3073,86,P0420
2026-07-31 04:52:18.238981,VIN-185221,2237,103,P0420
2026-07-31 04:52:19.238981,VIN-230975,1628,91,NONE
2026-07-31 04:52:20.238981,VIN-077901,3332,89,NONE
2026-07-31 04:52:21.238981,VIN-339451,2896,90,P0420
2026-07-31 04:52:22.238981,VIN-108356,2286,87,NONE
2026-07-31 04:52:23.238981,VIN-533667,2131,87,NONE
2026-07-31 04:52:24.238981,VIN-229454,2006,98,NONE
2026-07-31 04:52:25.238981,VIN-826116,0,92,P0171
2026-07-31 04:52:26.238981,VIN-656557,1957,98,P0300
2026-07-31 04:52:27.238981,VIN-391945,2995,100,NONE
2026-07-31 04:52:28.238981,VIN-790519,1795,101,NONE
2026-07-31 04:52:29.238981,VIN-666943,2891,98,NONE
2026-07-31 04:52:30.238981,VIN-613468,2861,103,NONE
2026-07-31 04:52:31.238981,VIN-823836,2296,95,P0420
2026-07-31 04:52:32.238981,VIN-218579,1664,98,P0300
2026-07-31 04:52:33.238981,VIN-794189,0,105,NONE
2026-07-31 04:52:34.238981,VIN-104499,2407,90,NONE
2026-07-31 04:52:35.238981,VIN-863939,0,88,P0420
2026-07-31 04:52:36.238981,VIN-410866,2790,97,P0171
2026-07-31 04:52:37.238981,VIN-988369,2820,105,NONE
2026-07-31 04:52:38.238981,VIN-130812,2560,88,P0420
2026-07-31 04:52:39.238981,VIN-809284,2078,97,NONE
2026-07-31 04:52:40.238981,VIN-302367,3330,91,NONE
2026-07-31 04:52:41.238981,VIN-888042,2702,100,NONE
2026-07-31 04:52:42.238981,VIN-785840,1895,87,NONE
2026-07-31 04:52:43.238981,VIN-470143,1666,98,NONE
2026-07-31 04:52:44.238981,VIN-962059,2605,96,P0171
2026-07-31 04:52:45.238981,VIN-582220,3346,93,NONE
2026-07-31 04:52:46.238981,VIN-696832,3117,95,P0420
2026-07-31 04:52:47.238981,VIN-008374,2571,102,NONE
2026-07-31 04:52:48.238981,VIN-180731,3401,93,P0171
2026-07-31 04:52:49.238981,VIN-805755,2164,87,P0300
2026-07-31 04:52:50.238981,VIN-931097,2675,96,P0171
2026-07-31 04:52:51.238981,VIN-871895,2004,87,NONE
2026-07-31 04:52:52.238981,VIN-022677,2776,105,NONE
2026-07-31 04:52:53.238981,VIN-110229,3080,101,P0171
2026-07-31 04:52:54.238981,VIN-000768,1805,101,P0300
2026-07-31 04:52:55.238981,VIN-962410,1915,86,NONE
2026-07-31 04:52:56.238981,VIN-556312,2204,86,P0171
2026-07-31 04:52:57.238981,VIN-870572,3499,93,P0300
2026-07-31 04:52:58.238981,VIN-140745,2988,91,NONE
2026-07-31 04:52:59.238981,VIN-423499,2824,95,NONE
2026-07-31 04:53:00.238981,VIN-188027,3120,90,NONE
2026-07-31 04:53:01.238981,VIN-418192,2953,91,P0171
2026-07-31 04:53:02.238981,VIN-174476,1878,103,NONE
2026-07-31 04:53:03.238981,VIN-823751,1883,88,NONE
2026-07-31 04:53:04.238981,VIN-902251,3293,103,NONE
2026-07-31 04:53:05.238981,VIN-551375,2215,90,P0420
2026-07-31 04:53:06.238981,VIN-250959,1639,95,NONE
2026-07-31 04:53:07.238981,VIN-621934,3375,89,P0300
2026-07-31 04:53:08.238981,VIN-733038,3282,85,NONE
2026-07-31 04:53:09.238981,VIN-263365,1505,95,NONE
2026-07-31 04:53:10.238981,VIN-835835,2801,87,NONE
2026-07-31 04:53:11.238981,VIN-446620,3279,98,NONE
2026-07-31 04:53:12.238981,VIN-713944,3163,92,NONE
2026-07-31 04:53:13.238981,VIN-743457,1622,104,P0300
2026-07-31 04:53:14.238981,VIN-149471,2444,100,P0420
2026-07-31 04:53:15.238981,VIN-683163,2737,85,NONE
2026-07-31 04:53:16.238981,VIN-428940,3144,101,NONE
2026-07-31 04:53:17.238981,VIN-510515,2351,91,NONE
2026-07-31 04:53:18.238981,VIN-526252,3274,105,NONE
2026-07-31 04:53:19.238981,VIN-077598,2368,91,P0420
2026-07-31 04:53:20.238981,VIN-943867,1783,100,P0420
2026-07-31 04:53:21.238981,VIN-830820,2031,104,NONE
2026-07-31 04:53:22.238981,VIN-909463,3076,97,NONE
2026-07-31 04:53:23.238981,VIN-364889,1736,97,P0420
2026-07-31 04:53:24.238981,VIN-781691,1828,87,NONE
2026-07-31 04:53:25.238981,VIN-757306,2693,93,NONE
2026-07-31 04:53:26.238981,VIN-533074,3029,102,P0171
2026-07-31 04:53:27.238981,VIN-358573,2573,95,NONE
2026-07-31 04:53:28.238981,VIN-445570,3055,101,P0171
2026-07-31 04:53:29.238981,VIN-731688,1510,89,NONE
2026-07-31 04:53:30.238981,VIN-320883,2998,100,P0300
2026-07-31 04:53:31.238981,VIN-305987,0,102,NONE
2026-07-31 04:53:32.238981,VIN-692661,3422,95,NONE
2026-07-31 04:53:33.238981,VIN-181852,2275,98,P0171
2026-07-31 04:53:34.238981,VIN-287788,2990,103,NONE
2026-07-31 04:53:35.238981,VIN-760596,3470,92,P0420
2026-07-31 04:53:36.238981,VIN-469525,2252,85,NONE
2026-07-31 04:53:37.238981,VIN-802084,2424,90,P0171
2026-07-31 04:53:38.238981,VIN-526187,2894,100,NONE
2026-07-31 04:53:39.238981,VIN-664095,1922,91,NONE
2026-07-31 04:53:40.238981,VIN-839029,2813,102,NONE
2026-07-31 04:53:41.238981,VIN-181416,3271,92,NONE
2026-07-31 04:53:42.238981,VIN-148876,2971,94,P0420
2026-07-31 04:53:43.238981,VIN-319098,2070,96,P0171
2026-07-31 04:53:44.238981,VIN-893806,2076,102,NONE
2026-07-31 04:53:45.238981,VIN-601593,3186,105,NONE
2026-07-31 04:53:46.238981,VIN-414727,1765,98,NONE
2026-07-31 04:53:47.238981,VIN-898102,1825,99,NONE
2026-07-31 04:53:48.238981,VIN-594077,3252,100,P0420
2026-07-31 04:53:49.238981,VIN-652869,2502,100,NONE
2026-07-31 04:53:50.238981,VIN-512495,2507,96,NONE
2026-07-31 04:53:51.238981,VIN-985463,1838,98,P0171
2026-07-31 04:53:52.238981,VIN-154795,1664,88,NONE
2026-07-31 04:53:53.238981,VIN-347606,2459,92,P0300
2026-07-31 04:53:54.238981,VIN-901683,3252,98,NONE
2026-07-31 04:53:55.238981,VIN-875527,2147,92,NONE
2026-07-31 04:53:56.238981,VIN-442754,1763,105,P0300
2026-07-31 04:53:57.238981,VIN-382588,2147,100,NONE
2026-07-31 04:53:58.238981,VIN-686410,2208,102,NONE
2026-07-31 04:53:59.238981,VIN-713298,2169,103,NONE
2026-07-31 04:54:00.238981,VIN-545783,2126,90,NONE
2026-07-31 04:54:01.238981,VIN-436813,2892,85,NONE
2026-07-31 04:54:02.238981,VIN-868769,3327,87,NONE
2026-07-31 04:54:03.238981,VIN-095911,2162,100,NONE
2026-07-31 04:54:04.238981,VIN-167277,1944,105,NONE
2026-07-31 04:54:05.238981,VIN-703321,3393,90,NONE
2026-07-31 04:54:06.238981,VIN-775032,2839,89,NONE
2026-07-31 04:54:07.238981,VIN-075246,1855,90,P0420
2026-07-31 04:54:08.238981,VIN-298773,3476,85,P0420
2026-07-31 04:54:09.238981,VIN-642618,1816,93,P0420
2026-07-31 04:54:10.238981,VIN-472649,1787,88,NONE
2026-07-31 04:54:11.238981,VIN-668238,1576,92,NONE
2026-07-31 04:54:12.238981,VIN-521934,2509,91,NONE
2026-07-31 04:54:13.238981,VIN-100983,2275,105,NONE
2026-07-31 04:54:14.238981,VIN-646975,1629,88,P0171
2026-07-31 04:54:15.238981,VIN-854978,2874,98,NONE
2026-07-31 04:54:16.238981,VIN-180466,2753,94,NONE
2026-07-31 04:54:17.238981,VIN-524169,2441,105,NONE
2026-07-31 04:54:18.238981,VIN-932746,2122,99,P0420
2026-07-31 04:54:19.238981,VIN-721877,2553,97,NONE
2026-07-31 04:54:20.238981,VIN-900129,0,97,P0171
2026-07-31 04:54:21.238981,VIN-179075,1908,85,NONE
2026-07-31 04:54:22.238981,VIN-716713,1832,100,NONE
2026-07-31 04:54:23.238981,VIN-814051,2061,90,NONE
2026-07-31 04:54:24.238981,VIN-063692,3073,105,P0300
2026-07-31 04:54:25.238981,VIN-220524,1557,93,P0300
2026-07-31 04:54:26.238981,VIN-475435,2233,101,NONE
2026-07-31 04:54:27.238981,VIN-116501,2350,96,P0300
2026-07-31 04:54:28.238981,VIN-957569,1943,97,P0420
2026-07-31 04:54:29.238981,VIN-921179,2866,101,NONE
2026-07-31 04:54:30.238981,VIN-083237,1758,94,P0171
2026-07-31 04:54:31.238981,VIN-604939,2747,99,NONE
2026-07-31 04:54:32.238981,VIN-234492,3118,94,NONE
2026-07-31 04:54:33.238981,VIN-241585,3358,92,NONE
2026-07-31 04:54:34.238981,VIN-543236,2203,87,NONE
2026-07-31 04:54:35.238981,VIN-012676,3283,105,P0420
2026-07-31 04:54:36.238981,VIN-800784,2553,89,P0171
2026-07-31 04:54:37.238981,VIN-484287,2523,90,NONE
2026-07-31 04:54:38.238981,VIN-508461,2504,87,NONE
2026-07-31 04:54:39.238981,VIN-605023,3480,104,P0171
2026-07-31 04:54:40.238981,VIN-643277,1623,98,NONE
2026-07-31 04:54:41.238981,VIN-374194,2091,99,NONE
2026-07-31 04:54:42.238981,VIN-542195,3407,96,NONE
2026-07-31 04:54:43.238981,VIN-936487,3431,99,NONE
2026-07-31 04:54:44.238981,VIN-093745,1802,85,P0171
2026-07-31 04:54:45.238981,VIN-487708,2228,94,P0171
2026-07-31 04:54:46.238981,VIN-555286,3115,99,P0420
2026-07-31 04:54:47.238981,VIN-629229,2303,88,NONE
2026-07-31 04:54:48.238981,VIN-043641,1976,100,P0171
2026-07-31 04:54:49.238981,VIN-956289,3137,92,NONE
2026-07-31 04:54:50.238981,VIN-049123,2366,96,P0300
2026-07-31 04:54:51.238981,VIN-223061,1797,96,NONE
2026-07-31 04:54:52.238981,VIN-364186,3280,86,P0300
2026-07-31 04:54:53.238981,VIN-651023,2981,100,NONE
2026-07-31 04:54:54.238981,VIN-001645,2493,85,NONE
2026-07-31 04:54:55.238981,VIN-071346,2559,93,P0300
2026-07-31 04:54:56.238981,VIN-162804,2510,89,NONE
2026-07-31 04:54:57.238981,VIN-924626,2586,91,P0420
2026-07-31 04:54:58.238981,VIN-275152,2452,88,NONE
2026-07-31 04:54:59.238981,VIN-761145,1893,100,P0300
2026-07-31 04:55:00.238981,VIN-533423,2163,102,NONE
2026-07-31 04:55:01.238981,VIN-430643,2853,91,NONE
2026-07-31 04:55:02.238981,VIN-294163,1900,91,NONE
2026-07-31 04:55:03.238981,VIN-661555,3443,102,P0300
2026-07-31 04:55:04.238981,VIN-642818,1735,95,P0300
2026-07-31 04:55:05.238981,VIN-483302,1567,95,P0171
2026-07-31 04:55:06.238981,VIN-546310,1520,95,NONE
2026-07-31 04:55:07.238981,VIN-298327,2081,85,NONE
2026-07-31 04:55:08.238981,VIN-841212,2447,88,P0171
2026-07-31 04:55:09.238981,VIN-342763,2457,91,P0420
2026-07-31 04:55:10.238981,VIN-897590,1734,87,NONE
2026-07-31 04:55:11.238981,VIN-851311,2414,97,P0300
2026-07-31 04:55:12.238981,VIN-101190,2270,87,NONE
2026-07-31 04:55:13.238981,VIN-994084,1886,92,P0420
2026-07-31 04:55:14.238981,VIN-666302,2625,88,NONE
2026-07-31 04:55:15.238981,VIN-280880,3049,89,NONE
2026-07-31 04:55:16.238981,VIN-207692,3241,98,P0420
2026-07-31 04:55:17.238981,VIN-121601,1739,92,NONE
2026-07-31 04:55:18.238981,VIN-170290,2592,88,NONE
2026-07-31 04:55:19.238981,VIN-369625,1714,95,NONE
2026-07-31 04:55:20.238981,VIN-795216,3108,90,NONE
2026-07-31 04:55:21.238981,VIN-032977,1831,99,P0420
2026-07-31 04:55:22.238981,VIN-604434,3299,98,P0300
2026-07-31 04:55:23.238981,VIN-012190,3059,101,P0171
2026-07-31 04:55:24.238981,VIN-040391,2075,96,P0420
2026-07-31 04:55:25.238981,VIN-627090,2047,88,NONE
2026-07-31 04:55:26.238981,VIN-149196,3356,99,P0171
2026-07-31 04:55:27.238981,VIN-999247,2965,85,NONE
2026-07-31 04:55:28.238981,VIN-723324,2054,88,P0171
2026-07-31 04:55:29.238981,VIN-914097,2176,99,NONE
2026-07-31 04:55:30.238981,VIN-300274,1958,105,P0300
2026-07-31 04:55:31.238981,VIN-268528,2909,101,NONE
2026-07-31 04:55:32.238981,VIN-182379,3234,93,P0171
2026-07-31 04:55:33.238981,VIN-221414,3335,86,P0300
2026-07-31 04:55:34.238981,VIN-416884,2504,105,P0300
2026-07-31 04:55:35.238981,VIN-537246,1534,94,NONE
2026-07-31 04:55:36.238981,VIN-117063,1652,98,NONE
2026-07-31 04:55:37.238981,VIN-592057,1787,92,P0420
2026-07-31 04:55:38.238981,VIN-785927,2540,93,NONE
2026-07-31 04:55:39.238981,VIN-861438,2062,89,NONE
2026-07-31 04:55:40.238981,VIN-646696,2049,100,NONE
2026-07-31 04:55:41.238981,VIN-463983,3281,104,NONE
2026-07-31 04:55:42.238981,VIN-551331,3099,104,P0420
2026-07-31 04:55:43.238981,VIN-901656,2945,97,P0171
2026-07-31 04:55:44.238981,VIN-358736,2474,90,P0171
2026-07-31 04:55:45.238981,VIN-513567,2084,93,NONE
2026-07-31 04:55:46.238981,VIN-319269,3128,103,P0420
2026-07-31 04:55:47.238981,VIN-369533,2200,90,P0300
2026-07-31 04:55:48.238981,VIN-768632,3230,90,P0420
2026-07-31 04:55:49.238981,VIN-079378,2053,100,NONE
2026-07-31 04:55:50.238981,VIN-083448,1907,86,NONE
2026-07-31 04:55:51.238981,VIN-665722,1746,97,P0300
2026-07-31 04:55:52.238981,VIN-131645,2546,103,P0300
2026-07-31 04:55:53.238981,VIN-266184,2345,94,P0171
2026-07-31 04:55:54.238981,VIN-693091,2658,98,P0420
2026-07-31 04:55:55.238981,VIN-771511,2926,92,P0171
2026-07-31 04:55:56.238981,VIN-529865,1579,99,NONE
2026-07-31 04:55:57.238981,VIN-864150,3379,103,NONE
2026-07-31 04:55:58.238981,VIN-141598,2188,101,P0300
2026-07-31 04:55:59.238981,VIN-456992,3474,102,NONE
2026-07-31 04:56:00.238981,VIN-987954,2346,101,NONE
2026-07-31 04:56:01.238981,VIN-019073,1589,105,NONE
2026-07-31 04:56:02.238981,VIN-528358,3191,89,P0420
2026-07-31 04:56:03.238981,VIN-584847,2799,97,P0420
2026-07-31 04:56:04.238981,VIN-083204,1990,94,NONE
2026-07-31 04:56:05.238981,VIN-742535,3341,97,NONE
2026-07-31 04:56:06.238981,VIN-774305,2962,86,NONE
2026-07-31 04:56:07.238981,VIN-911616,2595,97,NONE
2026-07-31 04:56:08.238981,VIN-665301,3239,94,P0300
2026-07-31 04:56:09.238981,VIN-334470,1853,98,NONE
2026-07-31 04:56:10.238981,VIN-232252,2006,95,NONE
2026-07-31 04:56:11.238981,VIN-042585,2115,98,P0420
2026-07-31 04:56:12.238981,VIN-421467,2422,95,NONE
2026-07-31 04:56:13.238981,VIN-825383,1574,99,NONE
2026-07-31 04:56:14.238981,VIN-367696,3079,91,P0300
2026-07-31 04:56:15.238981,VIN-822679,2834,93,P0171
2026-07-31 04:56:16.238981,VIN-183591,2795,96,P0420
2026-07-31 04:56:17.238981,VIN-251956,2420,100,NONE
2026-07-31 04:56:18.238981,VIN-795561,3426,102,P0420
2026-07-31 04:56:19.238981,VIN-804266,2803,91,P0171
2026-07-31 04:56:20.238981,VIN-892357,1531,98,NONE
2026-07-31 04:56:21.238981,VIN-338616,2917,90,P0300
2026-07-31 04:56:22.238981,VIN-037820,1850,96,NONE
2026-07-31 04:56:23.238981,VIN-488424,2882,104,NONE
2026-07-31 04:56:24.238981,VIN-907134,1578,86,P0300
2026-07-31 04:56:25.238981,VIN-546435,0,86,NONE
2026-07-31 04:56:26.238981,VIN-007217,2464,103,NONE
2026-07-31 04:56:27.238981,VIN-544613,2216,87,NONE
2026-07-31 04:56:28.238981,VIN-737130,2046,105,P0420
2026-07-31 04:56:29.238981,VIN-534095,3135,95,P0420
2026-07-31 04:56:30.238981,VIN-738272,2078,85,NONE
2026-07-31 04:56:31.238981,VIN-521542,3466,93,NONE
2026-07-31 04:56:32.238981,VIN-298354,3198,87,NONE
2026-07-31 04:56:33.238981,VIN-536844,2096,85,NONE
2026-07-31 04:56:34.238981,VIN-021991,2818,91,NONE
2026-07-31 04:56:35.238981,VIN-231425,1705,100,P0171
2026-07-31 04:56:36.238981,VIN-761108,3478,104,P0300
2026-07-31 04:56:37.238981,VIN-179857,3185,93,P0300
2026-07-31 04:56:38.238981,VIN-772616,3136,93,NONE
2026-07-31 04:56:39.238981,VIN-507983,0,94,NONE
2026-07-31 04:56:40.238981,VIN-494712,3055,104,NONE
2026-07-31 04:56:41.238981,VIN-864767,3056,89,P0300
2026-07-31 04:56:42.238981,VIN-298372,2457,93,NONE
2026-07-31 04:56:43.238981,VIN-578884,1801,92,P0171
2026-07-31 04:56:44.238981,VIN-031647,1918,87,NONE
2026-07-31 04:56:45.238981,VIN-297366,3198,104,P0420
2026-07-31 04:56:46.238981,VIN-649143,1960,103,P0300
2026-07-31 04:56:47.238981,VIN-259430,1513,91,P0420
2026-07-31 04:56:48.238981,VIN-788470,2347,88,NONE
2026-07-31 04:56:49.238981,VIN-642832,3165,92,P0300
2026-07-31 04:56:50.238981,VIN-934621,1783,91,NONE
2026-07-31 04:56:51.238981,VIN-193329,1803,87,P0420
2026-07-31 04:56:52.238981,VIN-547795,2870,103,NONE
2026-07-31 04:56:53.238981,VIN-068679,1688,105,P0171
2026-07-31 04:56:54.238981,VIN-019707,1581,99,P0300
2026-07-31 04:56:55.238981,VIN-120639,2386,101,P0420
2026-07-31 04:56:56.238981,VIN-049957,2353,86,NONE
2026-07-31 04:56:57.238981,VIN-247222,1855,105,P0300
2026-07-31 04:56:58.238981,VIN-889046,2492,98,P0420
2026-07-31 04:56:59.238981,VIN-876297,2868,103,NONE
2026-07-31 04:57:00.238981,VIN-611821,1597,85,NONE
2026-07-31 04:57:01.238981,VIN-183998,1699,90,NONE
2026-07-31 04:57:02.238981,VIN-419419,3123,97,P0300
2026-07-31 04:57:03.238981,VIN-121683,2849,87,NONE
2026-07-31 04:57:04.238981,VIN-692360,2337,92,NONE
2026-07-31 04:57:05.238981,VIN-842616,3364,93,NONE
2026-07-31 04:57:06.238981,VIN-490200,3451,102,NONE
2026-07-31 04:57:07.238981,VIN-881043,2362,86,NONE
2026-07-31 04:57:08.238981,VIN-588662,3223,86,P0300
2026-07-31 04:57:09.238981,VIN-098405,2390,101,P0300
2026-07-31 04:57:10.238981,VIN-859144,1637,90,P0420
2026-07-31 04:57:11.238981,VIN-103221,1886,100,P0420
2026-07-31 04:57:12.238981,VIN-011588,1700,98,NONE
2026-07-31 04:57:13.238981,VIN-423774,2967,88,NONE
2026-07-31 04:57:14.238981,VIN-608453,1632,87,NONE
2026-07-31 04:57:15.238981,VIN-527506,3422,96,P0420
2026-07-31 04:57:16.238981,VIN-547609,2033,103,NONE
2026-07-31 04:57:17.238981,VIN-304119,1827,95,NONE
2026-07-31 04:57:18.238981,VIN-778261,2494,93,NONE
2026-07-31 04:57:19.238981,VIN-516865,2161,92,P0171
2026-07-31 04:57:20.238981,VIN-169423,2587,101,NONE
2026-07-31 04:57:21.238981,VIN-381744,1642,94,NONE
2026-07-31 04:57:22.238981,VIN-655881,2172,100,P0300
2026-07-31 04:57:23.238981,VIN-646938,2249,95,P0420
2026-07-31 04:57:24.238981,VIN-013311,2784,89,NONE
2026-07-31 04:57:25.238981,VIN-949652,2163,91,P0300
2026-07-31 04:57:26.238981,VIN-409941,3043,96,NONE
2026-07-31 04:57:27.238981,VIN-317166,2501,91,NONE
2026-07-31 04:57:28.238981,VIN-927247,2980,102,NONE
2026-07-31 04:57:29.238981,VIN-573124,2598,93,NONE
2026-07-31 04:57:30.238981,VIN-670778,2606,90,P0300
2026-07-31 04:57:31.238981,VIN-111990,3236,96,NONE
2026-07-31 04:57:32.238981,VIN-421181,1554,105,NONE
2026-07-31 04:57:33.238981,VIN-905645,3323,87,P0171
2026-07-31 04:57:34.238981,VIN-124724,3007,105,NONE
2026-07-31 04:57:35.238981,VIN-343950,3459,98,NONE
2026-07-31 04:57:36.238981,VIN-680234,2095,101,NONE
2026-07-31 04:57:37.238981,VIN-616065,2361,92,NONE
2026-07-31 04:57:38.238981,VIN-498424,2044,101,P0300
2026-07-31 04:57:39.238981,VIN-089779,1717,100,NONE
2026-07-31 04:57:40.238981,VIN-843555,2795,97,P0300
2026-07-31 04:57:41.238981,VIN-554323,3172,104,P0420
2026-07-31 04:57:42.238981,VIN-409895,1959,103,P0300
2026-07-31 04:57:43.238981,VIN-372219,2437,85,P0300
2026-07-31 04:57:44.238981,VIN-166765,1900,95,P0171
2026-07-31 04:57:45.238981,VIN-654483,2940,97,NONE
2026-07-31 04:57:46.238981,VIN-778942,2138,102,P0300
2026-07-31 04:57:47.238981,VIN-344521,1686,99,NONE
2026-07-31 04:57:48.238981,VIN-991235,1850,94,P0300
2026-07-31 04:57:49.238981,VIN-114836,2358,102,P0300
2026-07-31 04:57:50.238981,VIN-604592,2610,87,NONE
2026-07-31 04:57:51.238981,VIN-200989,2599,98,NONE
2026-07-31 04:57:52.238981,VIN-232852,2221,95,P0171
2026-07-31 04:57:53.238981,VIN-461807,2545,90,NONE
2026-07-31 04:57:54.238981,VIN-471270,2356,96,P0420
2026-07-31 04:57:55.238981,VIN-945472,2868,99,P0420
2026-07-31 04:57:56.238981,VIN-464130,3261,95,NONE
2026-07-31 04:57:57.238981,VIN-425236,3468,105,P0420
2026-07-31 04:57:58.238981,VIN-314644,2821,104,NONE
2026-07-31 04:57:59.238981,VIN-954642,2770,91,P0171
2026-07-31 04:58:00.238981,VIN-386766,2781,101,P0300
2026-07-31 04:58:01.238981,VIN-522958,2643,97,NONE
2026-07-31 04:58:02.238981,VIN-436295,2990,89,NONE
2026-07-31 04:58:03.238981,VIN-124543,3036,101,NONE
2026-07-31 04:58:04.238981,VIN-777228,1571,90,NONE
2026-07-31 04:58:05.238981,VIN-956996,3404,91,NONE
2026-07-31 04:58:06.238981,VIN-665233,2502,92,P0300
2026-07-31 04:58:07.238981,VIN-450100,3100,95,P0300
2026-07-31 04:58:08.238981,VIN-696308,2011,88,NONE
2026-07-31 04:58:09.238981,VIN-633966,3380,88,NONE
2026-07-31 04:58:10.238981,VIN-050011,2335,101,P0420
2026-07-31 04:58:11.238981,VIN-560306,2314,100,NONE
2026-07-31 04:58:12.238981,VIN-894894,1840,89,NONE
2026-07-31 04:58:13.238981,VIN-777346,0,95,NONE
2026-07-31 04:58:14.238981,VIN-560698,2952,102,NONE
2026-07-31 04:58:15.238981,VIN-692779,3078,101,P0300
2026-07-31 04:58:16.238981,VIN-640774,2633,87,NONE
2026-07-31 04:58:17.238981,VIN-321640,3276,96,NONE
2026-07-31 04:58:18.238981,VIN-861440,3487,89,NONE
2026-07-31 04:58:19.238981,VIN-372756,2480,90,NONE
2026-07-31 04:58:20.238981,VIN-275375,1971,85,NONE
2026-07-31 04:58:21.238981,VIN-063431,3455,101,NONE
2026-07-31 04:58:22.238981,VIN-940165,3458,97,P0420
2026-07-31 04:58:23.238981,VIN-807632,3105,105,P0300
2026-07-31 04:58:24.238981,VIN-218690,1874,99,NONE
2026-07-31 04:58:25.238981,VIN-733530,2650,97,NONE
2026-07-31 04:58:26.238981,VIN-476686,1841,96,NONE
2026-07-31 04:58:27.238981,VIN-610317,3455,96,NONE
2026-07-31 04:58:28.238981,VIN-732515,3232,92,NONE
2026-07-31 04:58:29.238981,VIN-249852,3086,100,NONE
2026-07-31 04:58:30.238981,VIN-783943,2330,91,P0420
2026-07-31 04:58:31.238981,VIN-394660,1850,87,P0420
2026-07-31 04:58:32.238981,VIN-911321,2879,91,P0171
2026-07-31 04:58:33.238981,VIN-761126,2363,88,P0300
2026-07-31 04:58:34.238981,VIN-250708,1966,86,NONE
2026-07-31 04:58:35.238981,VIN-398221,1981,92,NONE
2026-07-31 04:58:36.238981,VIN-120510,2460,99,P0171
2026-07-31 04:58:37.238981,VIN-863883,2524,94,P0171
2026-07-31 04:58:38.238981,VIN-508073,2088,90,P0420
2026-07-31 04:58:39.238981,VIN-437814,2349,105,NONE
2026-07-31 04:58:40.238981,VIN-288360,1514,88,NONE
2026-07-31 04:58:41.238981,VIN-798331,0,89,NONE
2026-07-31 04:58:42.238981,VIN-882906,1624,103,NONE
2026-07-31 04:58:43.238981,VIN-812045,1814,101,P0300
2026-07-31 04:58:44.238981,VIN-094749,1653,91,NONE
2026-07-31 04:58:45.238981,VIN-577911,3380,86,NONE
2026-07-31 04:58:46.238981,VIN-658198,3142,92,NONE
2026-07-31 04:58:47.238981,VIN-194214,3390,99,NONE
2026-07-31 04:58:48.238981,VIN-663136,2994,100,P0171
2026-07-31 04:58:49.238981,VIN-737225,2980,105,NONE
2026-07-31 04:58:50.238981,VIN-431141,1978,103,P0420
2026-07-31 04:58:51.238981,VIN-250744,3039,93,NONE
2026-07-31 04:58:52.238981,VIN-319988,2190,92,NONE
2026-07-31 04:58:53.238981,VIN-273446,3364,95,P0420
2026-07-31 04:58:54.238981,VIN-189414,2595,96,NONE
2026-07-31 04:58:55.238981,VIN-618276,2670,94,P0171
2026-07-31 04:58:56.238981,VIN-793001,2959,105,NONE
2026-07-31 04:58:57.238981,VIN-536939,2908,92,P0420
2026-07-31 04:58:58.238981,VIN-497976,0,98,NONE
2026-07-31 04:58:59.238981,VIN-108146,2776,94,P0420
2026-07-31 04:59:00.238981,VIN-560610,2813,104,NONE
2026-07-31 04:59:01.238981,VIN-552591,3004,86,P0171
2026-07-31 04:59:02.238981,VIN-674032,2114,96,NONE
2026-07-31 04:59:03.238981,VIN-906632,1663,86,P0300
2026-07-31 04:59:04.238981,VIN-386441,2711,85,P0171
2026-07-31 04:59:05.238981,VIN-715169,1960,96,NONE
2026-07-31 04:59:06.238981,VIN-381096,3069,89,NONE
2026-07-31 04:59:07.238981,VIN-595412,2231,89,P0420
2026-07-31 04:59:08.238981,VIN-973975,2600,95,NONE
2026-07-31 04:59:09.238981,VIN-165363,2943,102,NONE
2026-07-31 04:59:10.238981,VIN-948153,3427,92,P0171
2026-07-31 04:59:11.238981,VIN-083889,3366,96,NONE
2026-07-31 04:59:12.238981,VIN-732039,2458,90,NONE
2026-07-31 04:59:13.238981,VIN-503594,0,89,NONE
2026-07-31 04:59:14.238981,VIN-837090,3049,91,NONE
2026-07-31 04:59:15.238981,VIN-863083,3485,91,NONE
2026-07-31 04:59:16.238981,VIN-836739,1616,101,P0171
2026-07-31 04:59:17.238981,VIN-400379,3150,101,NONE
2026-07-31 04:59:18.238981,VIN-141952,2133,104,P0300
2026-07-31 04:59:19.238981,VIN-010635,3495,103,NONE
2026-07-31 04:59:20.238981,VIN-060040,2018,104,P0420
2026-07-31 04:59:21.238981,VIN-336408,1894,89,P0420
2026-07-31 04:59:22.238981,VIN-641685,3000,100,NONE
2026-07-31 04:59:23.238981,VIN-105936,2465,96,P0420
2026-07-31 04:59:24.238981,VIN-943911,2052,89,P0420
2026-07-31 04:59:25.238981,VIN-045466,3430,104,NONE
2026-07-31 04:59:26.238981,VIN-301494,1725,100,NONE
2026-07-31 04:59:27.238981,VIN-315510,1866,93,NONE
2026-07-31 04:59:28.238981,VIN-619515,3141,87,P0300
2026-07-31 04:59:29.238981,VIN-633478,2074,94,P0171
2026-07-31 04:59:30.238981,VIN-782746,2189,87,NONE
2026-07-31 04:59:31.238981,VIN-184899,1596,104,P0300
2026-07-31 04:59:32.238981,VIN-485027,3203,93,P0171
2026-07-31 04:59:33.238981,VIN-434132,2095,100,P0420
2026-07-31 04:59:34.238981,VIN-047523,2175,105,P0420
2026-07-31 04:59:35.238981,VIN-001424,2772,85,P0300
2026-07-31 04:59:36.238981,VIN-346164,1771,103,NONE
2026-07-31 04:59:37.238981,VIN-213531,2948,92,P0420
2026-07-31 04:59:38.238981,VIN-226040,2009,105,NONE
2026-07-31 04:59:39.238981,VIN-012044,3061,96,P0420
2026-07-31 04:59:40.238981,VIN-758821,3373,101,P0420
2026-07-31 04:59:41.238981,VIN-902253,2117,91,NONE
2026-07-31 04:59:42.238981,VIN-873086,3240,89,NONE
2026-07-31 04:59:43.238981,VIN-353944,3387,94,P0300
2026-07-31 04:59:44.238981,VIN-853051,2523,98,P0420
2026-07-31 04:59:45.238981,VIN-200302,3112,99,NONE
2026-07-31 04:59:46.238981,VIN-493247,0,105,NONE
2026-07-31 04:59:47.238981,VIN-853370,2537,104,NONE
2026-07-31 04:59:48.238981,VIN-825767,2387,98,P0420
2026-07-31 04:59:49.238981,VIN-674609,2067,105,NONE
2026-07-31 04:59:50.238981,VIN-610997,2986,94,NONE
2026-07-31 04:59:51.238981,VIN-406219,2847,104,P0171
2026-07-31 04:59:52.238981,VIN-962057,1811,91,NONE
2026-07-31 04:59:53.238981,VIN-284751,2597,95,P0171
2026-07-31 04:59:54.238981,VIN-549219,2794,93,P0420
2026-07-31 04:59:55.238981,VIN-171195,1631,86,P0171
2026-07-31 04:59:56.238981,VIN-060196,1826,96,P0300
2026-07-31 04:59:57.238981,VIN-255459,1878,92,P0171
2026-07-31 04:59:58.238981,VIN-478854,1552,105,P0171
2026-07-31 04:59:59.238981,VIN-989298,2834,92,P0300
2026-07-31 05:00:00.238981,VIN-961496,1858,98,P0420
2026-07-31 05:00:01.238981,VIN-612945,2659,85,P0300
2026-07-31 05:00:02.238981,VIN-627430,1807,94,P0171
2026-07-31 05:00:03.238981,VIN-454694,3081,90,NONE
2026-07-31 05:00:04.238981,VIN-053593,2948,86,P0300
2026-07-31 05:00:05.238981,VIN-584613,3460,91,P0420
2026-07-31 05:00:06.238981,VIN-675582,1746,101,NONE
2026-07-31 05:00:07.238981,VIN-742894,1545,100,P0171
2026-07-31 05:00:08.238981,VIN-462882,2934,95,P0171
2026-07-31 05:00:09.238981,VIN-168979,1947,85,NONE
2026-07-31 05:00:10.238981,VIN-063496,2051,95,P0420
2026-07-31 05:00:11.238981,VIN-674592,2036,95,P0171
2026-07-31 05:00:12.238981,VIN-891552,3092,93,P0300
2026-07-31 05:00:13.238981,VIN-076252,0,104,NONE
2026-07-31 05:00:14.238981,VIN-049928,2430,102,NONE
2026-07-31 05:00:15.238981,VIN-060727,2682,96,NONE
2026-07-31 05:00:16.238981,VIN-344844,2564,101,NONE
2026-07-31 05:00:17.238981,VIN-248576,2964,97,NONE
2026-07-31 05:00:18.238981,VIN-529974,2763,90,NONE
2026-07-31 05:00:19.238981,VIN-549129,2444,95,NONE
2026-07-31 05:00:20.238981,VIN-312829,3128,95,P0171
2026-07-31 05:00:21.238981,VIN-434993,2165,92,P0300
2026-07-31 05:00:22.238981,VIN-942544,1975,90,NONE
2026-07-31 05:00:23.238981,VIN-941813,1769,101,NONE
2026-07-31 05:00:24.238981,VIN-449693,2633,104,P0171
2026-07-31 05:00:25.238981,VIN-173340,2811,103,NONE
2026-07-31 05:00:26.238981,VIN-534213,0,95,NONE
2026-07-31 05:00:27.238981,VIN-414240,0,105,P0171
2026-07-31 05:00:28.238981,VIN-605290,1862,102,P0300
2026-07-31 05:00:29.238981,VIN-583446,1739,98,P0171
2026-07-31 05:00:30.238981,VIN-367548,2188,89,NONE
2026-07-31 05:00:31.238981,VIN-445486,2054,98,P0420
2026-07-31 05:00:32.238981,VIN-916354,2767,96,NONE
2026-07-31 05:00:33.238981,VIN-304634,2753,98,P0420
2026-07-31 05:00:34.238981,VIN-557667,0,100,NONE
2026-07-31 05:00:35.238981,VIN-214688,2860,102,NONE
2026-07-31 05:00:36.238981,VIN-417268,2101,90,NONE
2026-07-31 05:00:37.238981,VIN-699221,2639,95,P0171
2026-07-31 05:00:38.238981,VIN-103011,2083,86,P0300
2026-07-31 05:00:39.238981,VIN-787638,3385,94,NONE
2026-07-31 05:00:40.238981,VIN-885174,1587,88,NONE
2026-07-31 05:00:41.238981,VIN-874243,2713,90,P0171
2026-07-31 05:00:42.238981,VIN-103253,3079,104,NONE
2026-07-31 05:00:43.238981,VIN-974667,2052,90,NONE
2026-07-31 05:00:44.238981,VIN-525671,2337,98,NONE
2026-07-31 05:00:45.238981,VIN-645192,2587,90,P0300
2026-07-31 05:00:46.238981,VIN-321295,2863,102,NONE
2026-07-31 05:00:47.238981,VIN-153882,3101,100,P0171
2026-07-31 05:00:48.238981,VIN-228902,2752,88,NONE
2026-07-31 05:00:49.238981,VIN-322291,3378,85,NONE
2026-07-31 05:00:50.238981,VIN-142462,2173,98,P0171
2026-07-31 05:00:51.238981,VIN-779132,2558,90,NONE
2026-07-31 05:00:52.238981,VIN-271186,1654,86,P0420
2026-07-31 05:00:53.238981,VIN-494143,3379,96,P0171
2026-07-31 05:00:54.238981,VIN-704607,2623,104,NONE
2026-07-31 05:00:55.238981,VIN-046637,1998,103,NONE
2026-07-31 05:00:56.238981,VIN-205344,1810,86,NONE
2026-07-31 05:00:57.238981,VIN-430094,0,105,NONE
2026-07-31 05:00:58.238981,VIN-948246,0,93,P0171
2026-07-31 05:00:59.238981,VIN-314334,3313,98,NONE
2026-07-31 05:01:00.238981,VIN-725679,3036,101,P0171
2026-07-31 05:01:01.238981,VIN-332196,2815,90,P0300
2026-07-31 05:01:02.238981,VIN-881875,1715,103,NONE
2026-07-31 05:01:03.238981,VIN-090942,2440,102,P0171
2026-07-31 05:01:04.238981,VIN-062727,1667,88,NONE
2026-07-31 05:01:05.238981,VIN-480113,2259,101,P0171
2026-07-31 05:01:06.238981,VIN-406132,2590,90,NONE
2026-07-31 05:01:07.238981,VIN-039843,2725,104,NONE
2026-07-31 05:01:08.238981,VIN-928530,2074,91,NONE
2026-07-31 05:01:09.238981,VIN-372913,2343,95,P0171
2026-07-31 05:01:10.238981,VIN-847488,2788,105,NONE
2026-07-31 05:01:11.238981,VIN-257752,2033,99,NONE
2026-07-31 05:01:12.238981,VIN-236896,2638,99,P0300
2026-07-31 05:01:13.238981,VIN-558689,1573,98,NONE
2026-07-31 05:01:14.238981,VIN-396004,1598,96,P0420
2026-07-31 05:01:15.238981,VIN-634123,1956,88,NONE
2026-07-31 05:01:16.238981,VIN-660587,2906,93,P0420
2026-07-31 05:01:17.238981,VIN-625196,3132,92,NONE
2026-07-31 05:01:18.238981,VIN-296878,1696,90,NONE
2026-07-31 05:01:19.238981,VIN-793758,2876,100,NONE
2026-07-31 05:01:20.238981,VIN-791105,0,104,P0300
2026-07-31 05:01:21.238981,VIN-502683,3099,105,P0300
2026-07-31 05:01:22.238981,VIN-476080,1718,101,NONE
2026-07-31 05:01:23.238981,VIN-477325,3190,103,P0300
2026-07-31 05:01:24.238981,VIN-992863,1970,88,NONE
2026-07-31 05:01:25.238981,VIN-831279,2809,101,NONE
2026-07-31 05:01:26.238981,VIN-920859,2238,104,NONE
2026-07-31 05:01:27.238981,VIN-614107,2795,102,NONE
2026-07-31 05:01:28.238981,VIN-573610,2015,88,NONE
2026-07-31 05:01:29.238981,VIN-608756,2405,104,P0171
2026-07-31 05:01:30.238981,VIN-674342,0,104,NONE
2026-07-31 05:01:31.238981,VIN-469035,2518,93,P0300
2026-07-31 05:01:32.238981,VIN-811152,1967,99,NONE
2026-07-31 05:01:33.238981,VIN-074498,1679,97,NONE
2026-07-31 05:01:34.238981,VIN-409136,3162,95,P0300
2026-07-31 05:01:35.238981,VIN-754448,1958,94,P0420
2026-07-31 05:01:36.238981,VIN-728288,2679,104,NONE
2026-07-31 05:01:37.238981,VIN-382671,3423,89,NONE
2026-07-31 05:01:38.238981,VIN-092095,3362,87,NONE
2026-07-31 05:01:39.238981,VIN-678389,2245,91,P0420
2026-07-31 05:01:40.238981,VIN-669091,2595,99,NONE
2026-07-31 05:01:41.238981,VIN-307695,2037,94,NONE
2026-07-31 05:01:42.238981,VIN-972309,2160,95,NONE
2026-07-31 05:01:43.238981,VIN-589684,0,88,NONE
2026-07-31 05:01:44.238981,VIN-644672,2307,102,NONE
2026-07-31 05:01:45.238981,VIN-873103,3256,101,P0420
2026-07-31 05:01:46.238981,VIN-907448,2050,101,P0420
2026-07-31 05:01:47.238981,VIN-471266,2419,93,P0420
2026-07-31 05:01:48.238981,VIN-543720,3325,99,P0420
2026-07-31 05:01:49.238981,VIN-258618,2739,90,P0171
2026-07-31 05:01:50.238981,VIN-712809,0,91,NONE
2026-07-31 05:01:51.238981,VIN-502020,0,103,NONE
2026-07-31 05:01:52.238981,VIN-926396,1558,101,NONE
2026-07-31 05:01:53.238981,VIN-584523,2226,102,NONE
2026-07-31 05:01:54.238981,VIN-972206,2369,85,NONE
2026-07-31 05:01:55.238981,VIN-018880,1996,103,NONE
2026-07-31 05:01:56.238981,VIN-804802,3262,99,NONE
2026-07-31 05:01:57.238981,VIN-611733,3456,104,NONE
2026-07-31 05:01:58.238981,VIN-832981,3393,94,NONE
2026-07-31 05:01:59.238981,VIN-896180,3352,93,NONE
2026-07-31 05:02:00.238981,VIN-527904,3239,100,P0420
2026-07-31 05:02:01.238981,VIN-382820,3304,86,NONE
2026-07-31 05:02:02.238981,VIN-896395,1735,96,NONE
2026-07-31 05:02:03.238981,VIN-420036,1664,102,P0420
2026-07-31 05:02:04.238981,VIN-846398,2790,102,NONE
2026-07-31 05:02:05.238981,VIN-896447,2929,95,P0300
2026-07-31 05:02:06.238981,VIN-856228,1688,105,P0300
2026-07-31 05:02:07.238981,VIN-282493,1831,87,NONE
2026-07-31 05:02:08.238981,VIN-305453,0,100,NONE
2026-07-31 05:02:09.238981,VIN-250028,2299,101,NONE
2026-07-31 05:02:10.238981,VIN-975819,2925,90,P0171
2026-07-31 05:02:11.238981,VIN-920136,2384,87,NONE
2026-07-31 05:02:12.238981,VIN-017986,2849,100,P0300
2026-07-31 05:02:13.238981,VIN-893649,2062,98,NONE
2026-07-31 05:02:14.238981,VIN-171490,1664,95,P0300
2026-07-31 05:02:15.238981,VIN-173557,2001,96,P0420
2026-07-31 05:02:16.238981,VIN-728467,2452,86,P0420
2026-07-31 05:02:17.238981,VIN-573144,2119,102,P0300
2026-07-31 05:02:18.238981,VIN-183689,2546,95,NONE
2026-07-31 05:02:19.238981,VIN-726041,1528,88,NONE
2026-07-31 05:02:20.238981,VIN-618462,2399,97,NONE
2026-07-31 05:02:21.238981,VIN-440529,3379,93,P0420
2026-07-31 05:02:22.238981,VIN-749271,1653,105,P0300
2026-07-31 05:02:23.238981,VIN-525507,1953,100,NONE
2026-07-31 05:02:24.238981,VIN-997671,3268,90,NONE
2026-07-31 05:02:25.238981,VIN-166560,1579,89,NONE
2026-07-31 05:02:26.238981,VIN-325142,2112,97,NONE
2026-07-31 05:02:27.238981,VIN-585177,1579,88,NONE
2026-07-31 05:02:28.238981,VIN-297283,2958,94,P0171
2026-07-31 05:02:29.238981,VIN-192871,2895,88,NONE
2026-07-31 05:02:30.238981,VIN-211318,1781,87,NONE
2026-07-31 05:02:31.238981,VIN-246729,2147,91,NONE
2026-07-31 05:02:32.238981,VIN-741546,1987,87,NONE
2026-07-31 05:02:33.238981,VIN-536963,3415,89,NONE
2026-07-31 05:02:34.238981,VIN-675594,1650,105,P0171
2026-07-31 05:02:35.238981,VIN-245093,2699,96,NONE
2026-07-31 05:02:36.238981,VIN-347832,3304,103,NONE
2026-07-31 05:02:37.238981,VIN-360398,2670,105,NONE
2026-07-31 05:02:38.238981,VIN-683943,2566,85,P0420
2026-07-31 05:02:39.238981,VIN-013882,2593,85,P0300
2026-07-31 05:02:40.238981,VIN-083966,1975,93,P0171
2026-07-31 05:02:41.238981,VIN-494741,3279,85,P0420
2026-07-31 05:02:42.238981,VIN-072795,3258,97,NONE
2026-07-31 05:02:43.238981,VIN-588695,2086,92,P0420
2026-07-31 05:02:44.238981,VIN-156218,2512,94,NONE
2026-07-31 05:02:45.238981,VIN-303384,2628,90,NONE
2026-07-31 05:02:46.238981,VIN-957309,2168,105,P0300
2026-07-31 05:02:47.238981,VIN-524108,2881,94,P0420
2026-07-31 05:02:48.238981,VIN-375064,1984,88,NONE
2026-07-31 05:02:49.238981,VIN-027162,2136,95,NONE
2026-07-31 05:02:50.238981,VIN-662357,1617,101,NONE
2026-07-31 05:02:51.238981,VIN-959885,2759,104,P0171
2026-07-31 05:02:52.238981,VIN-603765,2218,95,NONE
2026-07-31 05:02:53.238981,VIN-691233,1785,90,P0300
2026-07-31 05:02:54.238981,VIN-177198,2902,103,P0171
2026-07-31 05:02:55.238981,VIN-848182,0,85,NONE
2026-07-31 05:02:56.238981,VIN-543561,0,99,P0420
2026-07-31 05:02:57.238981,VIN-047243,2772,94,NONE
2026-07-31 05:02:58.238981,VIN-498226,1920,88,P0420
2026-07-31 05:02:59.238981,VIN-060019,3164,88,NONE
2026-07-31 05:03:00.238981,VIN-989543,2703,101,NONE
2026-07-31 05:03:01.238981,VIN-547804,2439,87,NONE
2026-07-31 05:03:02.238981,VIN-158076,2724,100,NONE
2026-07-31 05:03:03.238981,VIN-472152,1844,101,P0171
2026-07-31 05:03:04.238981,VIN-841456,1981,102,NONE
2026-07-31 05:03:05.238981,VIN-729447,2143,104,P0171
2026-07-31 05:03:06.238981,VIN-008171,2966,102,NONE
2026-07-31 05:03:07.238981,VIN-735679,2134,86,NONE
2026-07-31 05:03:08.238981,VIN-584076,1957,92,NONE
2026-07-31 05:03:09.238981,VIN-457634,3451,103,NONE
2026-07-31 05:03:10.238981,VIN-497623,3238,100,NONE
2026-07-31 05:03:11.238981,VIN-510332,3447,86,NONE
2026-07-31 05:03:12.238981,VIN-161915,2238,91,NONE
2026-07-31 05:03:13.238981,VIN-141645,1710,105,NONE
2026-07-31 05:03:14.238981,VIN-101635,1644,100,NONE
2026-07-31 05:03:15.238981,VIN-136221,1985,87,NONE
2026-07-31 05:03:16.238981,VIN-919896,2129,95,NONE
2026-07-31 05:03:17.238981,VIN-494729,3202,102,NONE
2026-07-31 05:03:18.238981,VIN-376718,2481,103,NONE
2026-07-31 05:03:19.238981,VIN-864452,1918,94,NONE
2026-07-31 05:03:20.238981,VIN-896379,1663,97,NONE
2026-07-31 05:03:21.238981,VIN-147329,1521,98,NONE
2026-07-31 05:03:22.238981,VIN-997885,2377,89,P0420
2026-07-31 05:03:23.238981,VIN-166369,1756,96,NONE
2026-07-31 05:03:24.238981,VIN-535544,1827,105,NONE
2026-07-31 05:03:25.238981,VIN-770892,1770,94,NONE
2026-07-31 05:03:26.238981,VIN-723929,3260,98,P0420
2026-07-31 05:03:27.238981,VIN-940399,2567,100,P0171
2026-07-31 05:03:28.238981,VIN-384209,3022,94,P0300
2026-07-31 05:03:29.238981,VIN-820976,2370,94,NONE
2026-07-31 05:03:30.238981,VIN-925158,2284,97,NONE
2026-07-31 05:03:31.238981,VIN-089974,1612,101,NONE
2026-07-31 05:03:32.238981,VIN-715170,2817,98,NONE
2026-07-31 05:03:33.238981,VIN-874375,2457,87,P0300
2026-07-31 05:03:34.238981,VIN-962689,2300,102,P0420
2026-07-31 05:03:35.238981,VIN-888489,3187,101,NONE
2026-07-31 05:03:36.238981,VIN-862309,1657,99,NONE
2026-07-31 05:03:37.238981,VIN-959421,2954,95,NONE
2026-07-31 05:03:38.238981,VIN-333665,2232,101,NONE
2026-07-31 05:03:39.238981,VIN-336528,2540,92,NONE
2026-07-31 05:03:40.238981,VIN-542712,1786,104,NONE
2026-07-31 05:03:41.238981,VIN-217042,3443,100,NONE
2026-07-31 05:03:42.238981,VIN-465630,1751,98,NONE
2026-07-31 05:03:43.238981,VIN-160457,1914,100,NONE
2026-07-31 05:03:44.238981,VIN-154111,2399,86,P0420
2026-07-31 05:03:45.238981,VIN-435852,2081,101,NONE
2026-07-31 05:03:46.238981,VIN-564532,1776,86,P0171
2026-07-31 05:03:47.238981,VIN-664192,2965,86,P0420
2026-07-31 05:03:48.238981,VIN-498581,2181,104,NONE
2026-07-31 05:03:49.238981,VIN-064863,2988,90,P0300
2026-07-31 05:03:50.238981,VIN-582345,1526,96,P0420
2026-07-31 05:03:51.238981,VIN-783884,2012,86,NONE
2026-07-31 05:03:52.238981,VIN-234106,2904,94,P0420
2026-07-31 05:03:53.238981,VIN-814466,3493,89,NONE
2026-07-31 05:03:54.238981,VIN-755806,2227,87,NONE
2026-07-31 05:03:55.238981,VIN-407572,2721,88,NONE
2026-07-31 05:03:56.238981,VIN-025376,1995,98,NONE
2026-07-31 05:03:57.238981,VIN-339296,2419,92,P0300
2026-07-31 05:03:58.238981,VIN-215181,3326,87,P0171
2026-07-31 05:03:59.238981,VIN-921925,0,91,P0300
2026-07-31 05:04:00.238981,VIN-896647,2470,101,P0420
2026-07-31 05:04:01.238981,VIN-961508,1571,92,P0420
2026-07-31 05:04:02.238981,VIN-708515,3261,88,P0300
2026-07-31 05:04:03.238981,VIN-842682,3431,90,NONE
2026-07-31 05:04:04.238981,VIN-482206,2017,91,NONE
2026-07-31 05:04:05.238981,VIN-990423,1567,85,NONE
2026-07-31 05:04:06.238981,VIN-669589,3264,89,NONE
2026-07-31 05:04:07.238981,VIN-226971,3489,89,P0420
2026-07-31 05:04:08.238981,VIN-983702,2241,91,NONE
2026-07-31 05:04:09.238981,VIN-213150,2047,98,NONE
2026-07-31 05:04:10.238981,VIN-607314,2140,89,NONE
2026-07-31 05:04:11.238981,VIN-982684,1512,97,P0171
2026-07-31 05:04:12.238981,VIN-893137,2792,102,NONE
2026-07-31 05:04:13.238981,VIN-996602,2700,90,P0171
2026-07-31 05:04:14.238981,VIN-353504,1857,94,NONE
2026-07-31 05:04:15.238981,VIN-741865,1522,92,P0300
2026-07-31 05:04:16.238981,VIN-142010,3330,101,NONE
2026-07-31 05:04:17.238981,VIN-299324,3489,105,P0420
2026-07-31 05:04:18.238981,VIN-966299,3413,93,P0171
2026-07-31 05:04:19.238981,VIN-825174,3190,95,NONE
2026-07-31 05:04:20.238981,VIN-893977,2682,93,NONE
2026-07-31 05:04:21.238981,VIN-503664,2802,91,NONE
2026-07-31 05:04:22.238981,VIN-842420,1901,98,P0171
2026-07-31 05:04:23.238981,VIN-779238,3345,105,NONE
2026-07-31 05:04:24.238981,VIN-522589,2194,104,NONE
2026-07-31 05:04:25.238981,VIN-224827,1818,102,P0420
2026-07-31 05:04:26.238981,VIN-424836,1773,97,NONE
2026-07-31 05:04:27.238981,VIN-905888,2941,100,NONE
2026-07-31 05:04:28.238981,VIN-339659,2703,92,NONE
2026-07-31 05:04:29.238981,VIN-110398,2186,86,P0300
2026-07-31 05:04:30.238981,VIN-429625,2194,100,P0171
2026-07-31 05:04:31.238981,VIN-838132,2831,95,P0300
2026-07-31 05:04:32.238981,VIN-024381,1762,95,P0420
2026-07-31 05:04:33.238981,VIN-522979,3150,92,P0171
2026-07-31 05:04:34.238981,VIN-808190,3298,86,NONE
2026-07-31 05:04:35.238981,VIN-901414,3447,87,NONE
2026-07-31 05:04:36.238981,VIN-328279,1501,97,P0420
2026-07-31 05:04:37.238981,VIN-370185,3422,85,P0300
2026-07-31 05:04:38.238981,VIN-791967,2847,96,NONE
2026-07-31 05:04:39.238981,VIN-610385,2449,85,P0300
2026-07-31 05:04:40.238981,VIN-144954,2103,87,NONE
2026-07-31 05:04:41.238981,VIN-633217,1514,86,NONE
2026-07-31 05:04:42.238981,VIN-213568,1520,93,NONE
2026-07-31 05:04:43.238981,VIN-385948,1801,96,NONE
2026-07-31 05:04:44.238981,VIN-957163,3169,86,NONE
2026-07-31 05:04:45.238981,VIN-386859,2048,99,P0300
2026-07-31 05:04:46.238981,VIN-713495,1713,90,NONE
2026-07-31 05:04:47.238981,VIN-179826,3005,103,NONE
2026-07-31 05:04:48.238981,VIN-139972,2417,88,P0300
2026-07-31 05:04:49.238981,VIN-595729,3175,91,NONE
2026-07-31 05:04:50.238981,VIN-981935,1529,101,NONE
2026-07-31 05:04:51.238981,VIN-756642,0,105,NONE
2026-07-31 05:04:52.238981,VIN-551807,1651,95,P0171
2026-07-31 05:04:53.238981,VIN-459883,2758,91,P0300
2026-07-31 05:04:54.238981,VIN-308606,3311,94,P0300
2026-07-31 05:04:55.238981,VIN-117169,3342,94,NONE
2026-07-31 05:04:56.238981,VIN-555352,2077,104,P0420
2026-07-31 05:04:57.238981,VIN-732306,2206,93,NONE
2026-07-31 05:04:58.238981,VIN-406294,1650,100,NONE
2026-07-31 05:04:59.238981,VIN-264164,3464,91,NONE
2026-07-31 05:05:00.238981,VIN-782072,2594,99,P0300
2026-07-31 05:05:01.238981,VIN-862212,3200,92,P0171
2026-07-31 05:05:02.238981,VIN-275035,2103,97,P0420
2026-07-31 05:05:03.238981,VIN-659050,3281,102,NONE
2026-07-31 05:05:04.238981,VIN-754246,2742,104,P0300
2026-07-31 05:05:05.238981,VIN-334084,1985,97,NONE
2026-07-31 05:05:06.238981,VIN-533101,3142,95,NONE
2026-07-31 05:05:07.238981,VIN-045621,2277,88,P0300
2026-07-31 05:05:08.238981,VIN-945238,2342,87,NONE
2026-07-31 05:05:09.238981,VIN-182144,2817,91,P0300
2026-07-31 05:05:10.238981,VIN-003551,2958,93,P0420
2026-07-31 05:05:11.238981,VIN-142887,2853,94,NONE
2026-07-31 05:05:12.238981,VIN-675228,3471,91,P0171
2026-07-31 05:05:13.238981,VIN-580574,3462,85,NONE
2026-07-31 05:05:14.238981,VIN-325928,1827,85,NONE
2026-07-31 05:05:15.238981,VIN-032492,2818,97,P0171
2026-07-31 05:05:16.238981,VIN-875279,2459,90,NONE
2026-07-31 05:05:17.238981,VIN-508197,0,93,NONE
2026-07-31 05:05:18.238981,VIN-899694,1655,96,NONE
2026-07-31 05:05:19.238981,VIN-996178,2909,98,NONE
2026-07-31 05:05:20.238981,VIN-793709,2006,103,P0420
2026-07-31 05:05:21.238981,VIN-654958,1908,98,NONE
2026-07-31 05:05:22.238981,VIN-481484,3342,91,NONE
2026-07-31 05:05:23.238981,VIN-436410,2972,94,P0300
2026-07-31 05:05:24.238981,VIN-036027,1530,95,P0300
2026-07-31 05:05:25.238981,VIN-172433,2350,97,P0300
2026-07-31 05:05:26.238981,VIN-389728,3344,90,P0171
2026-07-31 05:05:27.238981,VIN-531644,3216,86,P0171
2026-07-31 05:05:28.238981,VIN-829224,1958,85,P0171
2026-07-31 05:05:29.238981,VIN-214104,2320,103,NONE
2026-07-31 05:05:30.238981,VIN-441112,3305,96,NONE
2026-07-31 05:05:31.238981,VIN-115322,1640,85,NONE
2026-07-31 05:05:32.238981,VIN-985424,2800,96,NONE
2026-07-31 05:05:33.238981,VIN-427705,2787,94,NONE
2026-07-31 05:05:34.238981,VIN-384435,1577,85,P0300
2026-07-31 05:05:35.238981,VIN-854995,2561,102,NONE
2026-07-31 05:05:36.238981,VIN-510843,3279,105,NONE
2026-07-31 05:05:37.238981,VIN-055968,1620,91,NONE
2026-07-31 05:05:38.238981,VIN-451877,0,91,NONE
2026-07-31 05:05:39.238981,VIN-270596,1697,96,NONE
2026-07-31 05:05:40.238981,VIN-391744,2615,103,P0300
2026-07-31 05:05:41.238981,VIN-110055,2110,92,NONE
2026-07-31 05:05:42.238981,VIN-185596,2326,95,P0420
2026-07-31 05:05:43.238981,VIN-152751,2762,92,P0420
2026-07-31 05:05:44.238981,VIN-670701,2281,102,NONE
2026-07-31 05:05:45.238981,VIN-074605,3034,97,NONE
2026-07-31 05:05:46.238981,VIN-936603,2305,92,P0300
2026-07-31 05:05:47.238981,VIN-355112,3251,101,NONE
2026-07-31 05:05:48.238981,VIN-461153,2110,93,NONE
2026-07-31 05:05:49.238981,VIN-893206,3214,98,NONE
2026-07-31 05:05:50.238981,VIN-626616,1527,93,NONE
2026-07-31 05:05:51.238981,VIN-887487,2871,92,P0300
2026-07-31 05:05:52.238981,VIN-031005,2397,97,NONE
2026-07-31 05:05:53.238981,VIN-604638,1750,92,NONE
2026-07-31 05:05:54.238981,VIN-984454,2684,95,NONE
2026-07-31 05:05:55.238981,VIN-437752,1648,93,NONE
2026-07-31 05:05:56.238981,VIN-105542,1879,100,P0300
2026-07-31 05:05:57.238981,VIN-856721,2918,91,P0300
2026-07-31 05:05:58.238981,VIN-286869,1709,95,NONE
2026-07-31 05:05:59.238981,VIN-558778,3419,91,P0171
2026-07-31 05:06:00.238981,VIN-779967,0,102,NONE
2026-07-31 05:06:01.238981,VIN-815882,3193,104,NONE
2026-07-31 05:06:02.238981,VIN-189757,1539,94,NONE
2026-07-31 05:06:03.238981,VIN-834339,0,105,P0171
2026-07-31 05:06:04.238981,VIN-626786,0,100,P0171
2026-07-31 05:06:05.238981,VIN-269438,1566,92,NONE
2026-07-31 05:06:06.238981,VIN-746273,2527,89,P0171
2026-07-31 05:06:07.238981,VIN-740241,1573,95,P0171
2026-07-31 05:06:08.238981,VIN-958992,2071,101,NONE
2026-07-31 05:06:09.238981,VIN-897561,3370,103,P0300
2026-07-31 05:06:10.238981,VIN-033703,2425,102,P0420
2026-07-31 05:06:11.238981,VIN-076894,2428,95,P0171
2026-07-31 05:06:12.238981,VIN-028536,2872,98,NONE
2026-07-31 05:06:13.238981,VIN-581659,2380,85,P0171
2026-07-31 05:06:14.238981,VIN-806273,2406,105,P0171
2026-07-31 05:06:15.238981,VIN-115855,0,90,P0171
2026-07-31 05:06:16.238981,VIN-837725,2359,96,NONE
2026-07-31 05:06:17.238981,VIN-915968,2623,92,NONE
2026-07-31 05:06:18.238981,VIN-028258,2666,99,P0171
2026-07-31 05:06:19.238981,VIN-828288,2366,99,NONE
2026-07-31 05:06:20.238981,VIN-332114,1786,92,NONE
2026-07-31 05:06:21.238981,VIN-373191,1796,89,NONE
2026-07-31 05:06:22.238981,VIN-107311,3041,86,P0171
2026-07-31 05:06:23.238981,VIN-136382,3497,102,P0171
2026-07-31 05:06:24.238981,VIN-998145,3030,101,NONE
2026-07-31 05:06:25.238981,VIN-837762,2526,100,NONE
2026-07-31 05:06:26.238981,VIN-321134,2563,105,NONE
2026-07-31 05:06:27.238981,VIN-650699,2392,101,P0300
2026-07-31 05:06:28.238981,VIN-090238,2525,95,P0300
2026-07-31 05:06:29.238981,VIN-638200,2438,104,NONE
2026-07-31 05:06:30.238981,VIN-830270,3060,99,P0300
2026-07-31 05:06:31.238981,VIN-989390,2284,96,P0420
2026-07-31 05:06:32.238981,VIN-373747,2558,105,NONE
2026-07-31 05:06:33.238981,VIN-583722,2556,103,NONE
2026-07-31 05:06:34.238981,VIN-916492,2420,101,NONE
2026-07-31 05:06:35.238981,VIN-719453,3015,87,NONE
2026-07-31 05:06:36.238981,VIN-058931,2964,91,NONE
2026-07-31 05:06:37.238981,VIN-593135,1865,105,NONE
2026-07-31 05:06:38.238981,VIN-389090,2879,103,P0420
2026-07-31 05:06:39.238981,VIN-182354,2085,98,P0171
2026-07-31 05:06:40.238981,VIN-191666,3098,85,NONE
2026-07-31 05:06:41.238981,VIN-010930,2832,92,NONE
2026-07-31 05:06:42.238981,VIN-292712,2012,105,NONE
2026-07-31 05:06:43.238981,VIN-795154,1754,105,P0300
2026-07-31 05:06:44.238981,VIN-831380,2346,86,P0171
2026-07-31 05:06:45.238981,VIN-225787,2290,91,P0420
2026-07-31 05:06:46.238981,VIN-366068,2626,105,P0171
2026-07-31 05:06:47.238981,VIN-200074,1551,96,P0420
2026-07-31 05:06:48.238981,VIN-108673,2966,90,P0300
2026-07-31 05:06:49.238981,VIN-689172,2212,105,P0171
2026-07-31 05:06:50.238981,VIN-763762,2588,94,NONE
2026-07-31 05:06:51.238981,VIN-232247,2767,89,NONE
2026-07-31 05:06:52.238981,VIN-446830,1591,90,P0300
2026-07-31 05:06:53.238981,VIN-868640,2417,92,P0300
2026-07-31 05:06:54.238981,VIN-571715,3215,98,NONE
2026-07-31 05:06:55.238981,VIN-985444,3239,93,P0300
2026-07-31 05:06:56.238981,VIN-268253,3106,96,P0300
2026-07-31 05:06:57.238981,VIN-485232,1634,90,P0300
2026-07-31 05:06:58.238981,VIN-160160,2775,89,NONE
2026-07-31 05:06:59.238981,VIN-081864,2955,87,P0420
2026-07-31 05:07:00.238981,VIN-861080,3103,88,P0171
2026-07-31 05:07:01.238981,VIN-485599,1728,86,NONE
2026-07-31 05:07:02.238981,VIN-136404,3229,102,P0420
2026-07-31 05:07:03.238981,VIN-629458,0,94,P0420
2026-07-31 05:07:04.238981,VIN-603392,2533,93,P0300
2026-07-31 05:07:05.238981,VIN-071854,3110,100,NONE
2026-07-31 05:07:06.238981,VIN-330728,2703,87,P0420
2026-07-31 05:07:07.238981,VIN-297733,1975,88,NONE
2026-07-31 05:07:08.238981,VIN-024355,3048,104,NONE
2026-07-31 05:07:09.238981,VIN-068152,1519,89,NONE
2026-07-31 05:07:10.238981,VIN-414986,1941,101,NONE
2026-07-31 05:07:11.238981,VIN-590104,3407,104,P0420
2026-07-31 05:07:12.238981,VIN-648186,3241,90,P0420
2026-07-31 05:07:13.238981,VIN-502042,3333,93,NONE
2026-07-31 05:07:14.238981,VIN-101585,1912,89,NONE
2026-07-31 05:07:15.238981,VIN-883963,0,90,NONE
2026-07-31 05:07:16.238981,VIN-087105,1987,85,NONE
2026-07-31 05:07:17.238981,VIN-436138,1670,86,P0300
2026-07-31 05:07:18.238981,VIN-287562,2644,96,P0300
2026-07-31 05:07:19.238981,VIN-000586,2924,95,NONE
2026-07-31 05:07:20.238981,VIN-079470,1814,99,NONE
2026-07-31 05:07:21.238981,VIN-386487,1891,104,P0420
2026-07-31 05:07:22.238981,VIN-661867,1526,89,P0171
2026-07-31 05:07:23.238981,VIN-901930,1630,87,P0420
2026-07-31 05:07:24.238981,VIN-100032,2281,89,NONE
2026-07-31 05:07:25.238981,VIN-214156,1986,90,P0420
2026-07-31 05:07:26.238981,VIN-375619,2737,102,P0171
2026-07-31 05:07:27.238981,VIN-910078,2509,94,NONE
2026-07-31 05:07:28.238981,VIN-438257,3465,90,P0420
2026-07-31 05:07:29.238981,VIN-861310,1818,99,P0171
2026-07-31 05:07:30.238981,VIN-721359,2183,101,P0171
2026-07-31 05:07:31.238981,VIN-644818,1503,104,P0420
2026-07-31 05:07:32.238981,VIN-538464,2204,100,NONE
2026-07-31 05:07:33.238981,VIN-578920,1736,103,NONE
2026-07-31 05:07:34.238981,VIN-761992,2671,96,NONE
2026-07-31 05:07:35.238981,VIN-062655,2826,89,NONE
2026-07-31 05:07:36.238981,VIN-117253,2848,97,P0420
2026-07-31 05:07:37.238981,VIN-793691,3057,93,NONE
2026-07-31 05:07:38.238981,VIN-792047,2663,86,P0420
2026-07-31 05:07:39.238981,VIN-035728,3335,102,NONE
2026-07-31 05:07:40.238981,VIN-837373,2687,93,P0420
2026-07-31 05:07:41.238981,VIN-928782,2433,95,P0420
2026-07-31 05:07:42.238981,VIN-569861,1554,94,NONE
2026-07-31 05:07:43.238981,VIN-118354,1841,87,NONE
2026-07-31 05:07:44.238981,VIN-575023,1799,99,P0171
2026-07-31 05:07:45.238981,VIN-192798,1788,99,P0420
2026-07-31 05:07:46.238981,VIN-224569,2824,102,P0171
2026-07-31 05:07:47.238981,VIN-206636,2637,88,NONE
2026-07-31 05:07:48.238981,VIN-656310,2084,105,P0171
2026-07-31 05:07:49.238981,VIN-860827,1868,91,NONE
2026-07-31 05:07:50.238981,VIN-996959,3112,104,P0420
2026-07-31 05:07:51.238981,VIN-843791,1764,95,P0171
2026-07-31 05:07:52.238981,VIN-675246,2640,89,NONE
2026-07-31 05:07:53.238981,VIN-632458,3237,85,NONE
2026-07-31 05:07:54.238981,VIN-847920,3445,101,NONE
2026-07-31 05:07:55.238981,VIN-267084,0,99,P0300
2026-07-31 05:07:56.238981,VIN-182876,3097,98,NONE
2026-07-31 05:07:57.238981,VIN-498955,2265,105,NONE
2026-07-31 05:07:58.238981,VIN-431637,3296,88,NONE
2026-07-31 05:07:59.238981,VIN-219197,2046,87,NONE
2026-07-31 05:08:00.238981,VIN-983930,2149,102,NONE
2026-07-31 05:08:01.238981,VIN-935674,2351,97,P0420
2026-07-31 05:08:02.238981,VIN-997011,1978,89,NONE
2026-07-31 05:08:03.238981,VIN-658030,2644,97,NONE
2026-07-31 05:08:04.238981,VIN-469922,1709,101,NONE
2026-07-31 05:08:05.238981,VIN-106045,2489,101,P0420
2026-07-31 05:08:06.238981,VIN-533803,2762,89,NONE
2026-07-31 05:08:07.238981,VIN-826379,3462,89,P0171
2026-07-31 05:08:08.238981,VIN-234965,1597,104,NONE
2026-07-31 05:08:09.238981,VIN-644874,2135,88,NONE
2026-07-31 05:08:10.238981,VIN-416217,3405,93,NONE
2026-07-31 05:08:11.238981,VIN-334059,3267,90,P0171
2026-07-31 05:08:12.238981,VIN-614023,2323,91,P0171
2026-07-31 05:08:13.238981,VIN-703070,0,89,P0171
2026-07-31 05:08:14.238981,VIN-906026,3467,94,NONE
2026-07-31 05:08:15.238981,VIN-403487,1969,101,NONE
2026-07-31 05:08:16.238981,VIN-109243,2939,93,P0171
2026-07-31 05:08:17.238981,VIN-076475,2165,105,NONE
2026-07-31 05:08:18.238981,VIN-265924,0,89,NONE
2026-07-31 05:08:19.238981,VIN-852696,2085,101,P0171
2026-07-31 05:08:20.238981,VIN-697041,2782,103,NONE
2026-07-31 05:08:21.238981,VIN-323656,0,98,NONE
2026-07-31 05:08:22.238981,VIN-189248,2291,101,NONE
2026-07-31 05:08:23.238981,VIN-968984,1699,87,NONE
2026-07-31 05:08:24.238981,VIN-291177,2158,92,NONE
2026-07-31 05:08:25.238981,VIN-172196,2766,89,NONE
2026-07-31 05:08:26.238981,VIN-578943,2667,93,NONE
2026-07-31 05:08:27.238981,VIN-299721,2890,97,P0300
2026-07-31 05:08:28.238981,VIN-982629,3419,85,NONE
2026-07-31 05:08:29.238981,VIN-407962,1553,89,P0171
2026-07-31 05:08:30.238981,VIN-206564,3443,86,P0300
2026-07-31 05:08:31.238981,VIN-660818,2176,89,NONE
2026-07-31 05:08:32.238981,VIN-402188,2983,91,NONE
2026-07-31 05:08:33.238981,VIN-575124,2848,89,P0171
2026-07-31 05:08:34.238981,VIN-864755,2096,101,P0300
2026-07-31 05:08:35.238981,VIN-327250,3442,93,NONE
2026-07-31 05:08:36.238981,VIN-756345,2170,85,P0171
2026-07-31 05:08:37.238981,VIN-493805,3415,99,P0300
2026-07-31 05:08:38.238981,VIN-811913,2129,91,NONE
2026-07-31 05:08:39.238981,VIN-955591,1695,95,P0171
2026-07-31 05:08:40.238981,VIN-686692,2219,88,P0171
2026-07-31 05:08:41.238981,VIN-798001,1695,103,P0420
2026-07-31 05:08:42.238981,VIN-724781,2265,88,P0300
2026-07-31 05:08:43.238981,VIN-631354,0,90,NONE
2026-07-31 05:08:44.238981,VIN-502871,1664,95,NONE
2026-07-31 05:08:45.238981,VIN-480610,2683,95,NONE
2026-07-31 05:08:46.238981,VIN-316233,2654,90,P0420
2026-07-31 05:08:47.238981,VIN-638379,2788,98,P0420
2026-07-31 05:08:48.238981,VIN-800785,2232,101,NONE
2026-07-31 05:08:49.238981,VIN-329801,3445,99,NONE
2026-07-31 05:08:50.238981,VIN-427515,2569,100,P0300
2026-07-31 05:08:51.238981,VIN-112619,2057,97,P0300
2026-07-31 05:08:52.238981,VIN-215617,2507,105,P0300
2026-07-31 05:08:53.238981,VIN-919662,2662,105,NONE
2026-07-31 05:08:54.238981,VIN-543819,2632,94,P0420
2026-07-31 05:08:55.238981,VIN-412760,3063,87,P0300
2026-07-31 05:08:56.238981,VIN-391630,2823,99,P0300
2026-07-31 05:08:57.238981,VIN-837397,3440,89,P0420
2026-07-31 05:08:58.238981,VIN-708603,1681,101,NONE
2026-07-31 05:08:59.238981,VIN-627929,3336,95,P0300
2026-07-31 05:09:00.238981,VIN-548904,2034,96,P0300
2026-07-31 05:09:01.238981,VIN-684118,2679,94,NONE
2026-07-31 05:09:02.238981,VIN-182074,2460,91,NONE
2026-07-31 05:09:03.238981,VIN-215408,1532,99,NONE
2026-07-31 05:09:04.238981,VIN-191500,3087,92,NONE
2026-07-31 05:09:05.238981,VIN-925012,3483,86,P0420
2026-07-31 05:09:06.238981,VIN-953176,1831,90,NONE
2026-07-31 05:09:07.238981,VIN-387897,1715,101,P0300
2026-07-31 05:09:08.238981,VIN-449691,1756,95,NONE
2026-07-31 05:09:09.238981,VIN-325090,3350,101,P0420
2026-07-31 05:09:10.238981,VIN-514767,3339,96,NONE
2026-07-31 05:09:11.238981,VIN-381390,3260,100,P0171
2026-07-31 05:09:12.238981,VIN-611101,2293,104,P0171
2026-07-31 05:09:13.238981,VIN-741585,0,97,P0420
2026-07-31 05:09:14.238981,VIN-636504,2362,87,P0420
2026-07-31 05:09:15.238981,VIN-972199,2255,91,NONE
2026-07-31 05:09:16.238981,VIN-069444,2779,95,P0420
2026-07-31 05:09:17.238981,VIN-854972,1509,96,NONE
2026-07-31 05:09:18.238981,VIN-470565,0,91,NONE
2026-07-31 05:09:19.238981,VIN-659586,1733,102,NONE
2026-07-31 05:09:20.238981,VIN-392334,2733,87,P0171
2026-07-31 05:09:21.238981,VIN-877531,1527,102,NONE
2026-07-31 05:09:22.238981,VIN-943987,3049,105,NONE
2026-07-31 05:09:23.238981,VIN-618624,2203,86,P0300
2026-07-31 05:09:24.238981,VIN-261154,2685,105,NONE
2026-07-31 05:09:25.238981,VIN-653006,3280,101,P0300
2026-07-31 05:09:26.238981,VIN-849361,1963,100,P0300
2026-07-31 05:09:27.238981,VIN-873856,1538,103,NONE
2026-07-31 05:09:28.238981,VIN-299348,0,91,NONE
2026-07-31 05:09:29.238981,VIN-806133,2063,104,P0171
2026-07-31 05:09:30.238981,VIN-042630,1530,95,NONE
2026-07-31 05:09:31.238981,VIN-370491,3185,103,NONE
2026-07-31 05:09:32.238981,VIN-370755,2448,105,NONE
2026-07-31 05:09:33.238981,VIN-786341,2147,103,P0300
2026-07-31 05:09:34.238981,VIN-871888,2686,99,NONE
2026-07-31 05:09:35.238981,VIN-572732,2358,92,P0171
2026-07-31 05:09:36.238981,VIN-356409,1590,102,NONE
2026-07-31 05:09:37.238981,VIN-868884,2384,105,NONE
2026-07-31 05:09:38.238981,VIN-343301,2208,99,NONE
2026-07-31 05:09:39.238981,VIN-775417,3353,102,NONE
2026-07-31 05:09:40.238981,VIN-984332,1981,99,NONE
2026-07-31 05:09:41.238981,VIN-564907,2955,101,P0420
2026-07-31 05:09:42.238981,VIN-994085,3067,99,P0420
2026-07-31 05:09:43.238981,VIN-877298,2652,93,P0171
2026-07-31 05:09:44.238981,VIN-584291,2190,101,P0171
2026-07-31 05:09:45.238981,VIN-259676,2064,95,NONE
2026-07-31 05:09:46.238981,VIN-333802,2016,97,P0420
2026-07-31 05:09:47.238981,VIN-909954,2808,93,NONE
2026-07-31 05:09:48.238981,VIN-335092,3481,89,NONE
2026-07-31 05:09:49.238981,VIN-946911,2581,94,NONE
2026-07-31 05:09:50.238981,VIN-101791,3091,97,P0300
2026-07-31 05:09:51.238981,VIN-031562,3421,98,P0420
2026-07-31 05:09:52.238981,VIN-876705,0,85,P0300
2026-07-31 05:09:53.238981,VIN-470514,1997,93,P0171
2026-07-31 05:09:54.238981,VIN-595306,1769,86,P0300
2026-07-31 05:09:55.238981,VIN-622731,1834,91,NONE
2026-07-31 05:09:56.238981,VIN-854083,2843,93,P0171
2026-07-31 05:09:57.238981,VIN-387197,3116,99,NONE
2026-07-31 05:09:58.238981,VIN-041341,3378,100,NONE
2026-07-31 05:09:59.238981,VIN-425388,2341,87,NONE
2026-07-31 05:10:00.238981,VIN-093155,2288,98,NONE
2026-07-31 05:10:01.238981,VIN-976982,2016,96,NONE
2026-07-31 05:10:02.238981,VIN-426843,1605,92,P0420
2026-07-31 05:10:03.238981,VIN-787287,3241,97,P0420
2026-07-31 05:10:04.238981,VIN-479604,2623,100,NONE
2026-07-31 05:10:05.238981,VIN-268615,3082,88,P0300
2026-07-31 05:10:06.238981,VIN-276742,2452,92,P0420
2026-07-31 05:10:07.238981,VIN-207717,2472,87,P0171
2026-07-31 05:10:08.238981,VIN-977949,1644,98,P0420
2026-07-31 05:10:09.238981,VIN-140899,2063,105,NONE
2026-07-31 05:10:10.238981,VIN-870074,1536,98,NONE
2026-07-31 05:10:11.238981,VIN-799890,3117,99,P0171
2026-07-31 05:10:12.238981,VIN-138466,2870,92,P0300
2026-07-31 05:10:13.238981,VIN-426882,1543,100,NONE
2026-07-31 05:10:14.238981,VIN-298699,3272,98,NONE
2026-07-31 05:10:15.238981,VIN-377372,3046,86,NONE
2026-07-31 05:10:16.238981,VIN-602992,2634,105,NONE
2026-07-31 05:10:17.238981,VIN-100538,3346,101,P0300
2026-07-31 05:10:18.238981,VIN-896292,2774,91,NONE
2026-07-31 05:10:19.238981,VIN-457016,3075,94,NONE
2026-07-31 05:10:20.238981,VIN-067875,2981,99,NONE
2026-07-31 05:10:21.238981,VIN-312479,2570,101,NONE
2026-07-31 05:10:22.238981,VIN-589201,1728,101,NONE
2026-07-31 05:10:23.238981,VIN-151506,3456,94,NONE
2026-07-31 05:10:24.238981,VIN-327730,3013,100,P0171
2026-07-31 05:10:25.238981,VIN-472402,2528,96,NONE
2026-07-31 05:10:26.238981,VIN-308580,2106,103,P0300
2026-07-31 05:10:27.238981,VIN-726864,2747,93,NONE
2026-07-31 05:10:28.238981,VIN-339684,1866,87,NONE
2026-07-31 05:10:29.238981,VIN-487654,3019,97,P0300
2026-07-31 05:10:30.238981,VIN-744119,1614,96,NONE
2026-07-31 05:10:31.238981,VIN-464862,2524,87,NONE
2026-07-31 05:10:32.238981,VIN-158332,2034,97,NONE
2026-07-31 05:10:33.238981,VIN-077396,2881,105,P0420
2026-07-31 05:10:34.238981,VIN-141690,2289,89,P0420
2026-07-31 05:10:35.238981,VIN-618402,2968,102,NONE
2026-07-31 05:10:36.238981,VIN-426108,3076,87,NONE
2026-07-31 05:10:37.238981,VIN-355240,2716,93,P0420
2026-07-31 05:10:38.238981,VIN-305949,2642,102,P0420
2026-07-31 05:10:39.238981,VIN-566667,3442,96,P0420
2026-07-31 05:10:40.238981,VIN-813084,3233,85,NONE
2026-07-31 05:10:41.238981,VIN-751661,1938,90,P0171
2026-07-31 05:10:42.238981,VIN-520492,2978,94,NONE
2026-07-31 05:10:43.238981,VIN-369847,1898,90,P0300
2026-07-31 05:10:44.238981,VIN-265561,3202,97,P0420
2026-07-31 05:10:45.238981,VIN-771148,0,85,P0420
2026-07-31 05:10:46.238981,VIN-692533,2828,100,P0420
2026-07-31 05:10:47.238981,VIN-194348,2364,98,P0171
2026-07-31 05:10:48.238981,VIN-301992,1502,99,P0420
2026-07-31 05:10:49.238981,VIN-721685,2569,100,NONE
2026-07-31 05:10:50.238981,VIN-446014,1971,90,P0171
2026-07-31 05:10:51.238981,VIN-199684,2532,101,NONE
2026-07-31 05:10:52.238981,VIN-826789,2362,99,P0300
2026-07-31 05:10:53.238981,VIN-219930,2613,87,NONE
2026-07-31 05:10:54.238981,VIN-530477,2559,100,NONE
2026-07-31 05:10:55.238981,VIN-145674,2561,95,NONE
2026-07-31 05:10:56.238981,VIN-194888,2790,92,P0420
2026-07-31 05:10:57.238981,VIN-906727,2504,96,NONE
2026-07-31 05:10:58.238981,VIN-890607,0,85,NONE
2026-07-31 05:10:59.238981,VIN-479806,2521,104,P0420
2026-07-31 05:11:00.238981,VIN-297243,2390,91,NONE
2026-07-31 05:11:01.238981,VIN-046584,2989,85,NONE
2026-07-31 05:11:02.238981,VIN-563323,3335,93,P0171
2026-07-31 05:11:03.238981,VIN-876982,2029,94,P0420
2026-07-31 05:11:04.238981,VIN-562626,3057,101,P0171
2026-07-31 05:11:05.238981,VIN-515622,1736,99,NONE
2026-07-31 05:11:06.238981,VIN-381469,3498,98,NONE
2026-07-31 05:11:07.238981,VIN-630944,2099,97,P0171
2026-07-31 05:11:08.238981,VIN-764983,1741,91,P0420
2026-07-31 05:11:09.238981,VIN-487198,2268,92,P0171
2026-07-31 05:11:10.238981,VIN-844502,3250,89,NONE
2026-07-31 05:11:11.238981,VIN-718754,1721,97,P0420
2026-07-31 05:11:12.238981,VIN-621405,1680,105,NONE
2026-07-31 05:11:13.238981,VIN-487987,0,103,P0171
2026-07-31 05:11:14.238981,VIN-765673,2871,96,P0300
2026-07-31 05:11:15.238981,VIN-060078,3336,90,NONE
2026-07-31 05:11:16.238981,VIN-849899,2157,92,P0300
2026-07-31 05:11:17.238981,VIN-366448,3167,97,P0300
2026-07-31 05:11:18.238981,VIN-938686,2287,87,NONE
2026-07-31 05:11:19.238981,VIN-291578,3151,98,P0300
2026-07-31 05:11:20.238981,VIN-001522,3175,96,NONE
2026-07-31 05:11:21.238981,VIN-298548,1636,89,P0171
2026-07-31 05:11:22.238981,VIN-203556,1794,97,NONE
2026-07-31 05:11:23.238981,VIN-367166,2076,92,P0300
2026-07-31 05:11:24.238981,VIN-609963,0,86,NONE
2026-07-31 05:11:25.238981,VIN-422867,1713,86,P0420
2026-07-31 05:11:26.238981,VIN-521694,2421,87,P0420
2026-07-31 05:11:27.238981,VIN-902878,2835,92,NONE
2026-07-31 05:11:28.238981,VIN-620728,3154,100,NONE
2026-07-31 05:11:29.238981,VIN-719917,3085,85,NONE
2026-07-31 05:11:30.238981,VIN-863571,2479,88,P0171
2026-07-31 05:11:31.238981,VIN-455150,2034,95,P0171
2026-07-31 05:11:32.238981,VIN-610218,1538,85,NONE
2026-07-31 05:11:33.238981,VIN-884742,2365,86,P0300
2026-07-31 05:11:34.238981,VIN-045478,2065,95,P0171
2026-07-31 05:11:35.238981,VIN-539972,0,97,NONE
2026-07-31 05:11:36.238981,VIN-095295,0,98,NONE
2026-07-31 05:11:37.238981,VIN-460076,0,101,P0420
2026-07-31 05:11:38.238981,VIN-428611,3094,105,P0420
2026-07-31 05:11:39.238981,VIN-372846,3424,94,NONE
2026-07-31 05:11:40.238981,VIN-089504,2262,103,NONE
2026-07-31 05:11:41.238981,VIN-720246,2581,99,P0171
2026-07-31 05:11:42.238981,VIN-368770,3424,85,NONE
2026-07-31 05:11:43.238981,VIN-306111,2673,85,NONE
2026-07-31 05:11:44.238981,VIN-723200,2458,85,P0171
2026-07-31 05:11:45.238981,VIN-604060,1868,101,P0300
2026-07-31 05:11:46.238981,VIN-800494,1890,100,P0300
2026-07-31 05:11:47.238981,VIN-169674,3459,100,NONE
2026-07-31 05:11:48.238981,VIN-020260,2425,87,P0171
2026-07-31 05:11:49.238981,VIN-542787,2253,93,NONE
2026-07-31 05:11:50.238981,VIN-791068,2695,87,NONE
2026-07-31 05:11:51.238981,VIN-018534,2276,96,P0300
2026-07-31 05:11:52.238981,VIN-599031,2771,104,P0420
2026-07-31 05:11:53.238981,VIN-923707,1808,101,NONE
2026-07-31 05:11:54.238981,VIN-149335,3264,104,P0300
2026-07-31 05:11:55.238981,VIN-334393,3170,86,NONE
2026-07-31 05:11:56.238981,VIN-740821,3086,95,NONE
2026-07-31 05:11:57.238981,VIN-946064,3035,94,NONE
2026-07-31 05:11:58.238981,VIN-546034,1765,89,NONE
2026-07-31 05:11:59.238981,VIN-592168,2074,90,NONE
2026-07-31 05:12:00.238981,VIN-470250,3249,93,NONE
2026-07-31 05:12:01.238981,VIN-121237,3374,99,NONE
2026-07-31 05:12:02.238981,VIN-664111,3193,104,P0420
2026-07-31 05:12:03.238981,VIN-438233,2076,104,P0171
2026-07-31 05:12:04.238981,VIN-365412,1673,88,NONE
2026-07-31 05:12:05.238981,VIN-984035,2183,99,NONE
2026-07-31 05:12:06.238981,VIN-890513,0,88,NONE
2026-07-31 05:12:07.238981,VIN-227189,2732,90,NONE
2026-07-31 05:12:08.238981,VIN-410644,2694,103,NONE
2026-07-31 05:12:09.238981,VIN-360996,2937,98,NONE
2026-07-31 05:12:10.238981,VIN-649197,1551,96,NONE
2026-07-31 05:12:11.238981,VIN-454803,3175,95,NONE
2026-07-31 05:12:12.238981,VIN-839572,3430,91,NONE
2026-07-31 05:12:13.238981,VIN-220979,3406,97,NONE
2026-07-31 05:12:14.238981,VIN-990509,0,99,P0171
2026-07-31 05:12:15.238981,VIN-768453,3131,93,P0300
2026-07-31 05:12:16.238981,VIN-000294,2972,88,NONE
2026-07-31 05:12:17.238981,VIN-111240,3032,101,NONE
2026-07-31 05:12:18.238981,VIN-069696,2689,94,P0171
2026-07-31 05:12:19.238981,VIN-882055,1831,88,NONE
2026-07-31 05:12:20.238981,VIN-125893,2324,95,NONE
2026-07-31 05:12:21.238981,VIN-259420,2668,98,P0420
2026-07-31 05:12:22.238981,VIN-630007,2801,87,NONE
2026-07-31 05:12:23.238981,VIN-038476,3071,85,NONE
2026-07-31 05:12:24.238981,VIN-252027,1692,93,NONE
2026-07-31 05:12:25.238981,VIN-459876,2131,102,P0300
2026-07-31 05:12:26.238981,VIN-301565,3116,103,P0420
2026-07-31 05:12:27.238981,VIN-216050,1704,99,NONE
2026-07-31 05:12:28.238981,VIN-468993,0,93,NONE
2026-07-31 05:12:29.238981,VIN-375290,0,89,NONE
2026-07-31 05:12:30.238981,VIN-162533,2600,90,NONE
2026-07-31 05:12:31.238981,VIN-801573,1912,85,P0171
2026-07-31 05:12:32.238981,VIN-481896,3358,85,P0171
2026-07-31 05:12:33.238981,VIN-331157,3459,94,P0300
2026-07-31 05:12:34.238981,VIN-997734,3195,86,NONE
2026-07-31 05:12:35.238981,VIN-479160,2171,90,P0300
2026-07-31 05:12:36.238981,VIN-743750,2176,91,P0420
2026-07-31 05:12:37.238981,VIN-353626,2422,90,P0171
2026-07-31 05:12:38.238981,VIN-791872,3040,102,P0420
2026-07-31 05:12:39.238981,VIN-698144,3253,105,NONE
2026-07-31 05:12:40.238981,VIN-681785,2739,93,P0300
2026-07-31 05:12:41.238981,VIN-130508,2431,92,P0300
2026-07-31 05:12:42.238981,VIN-540614,1682,89,P0171
2026-07-31 05:12:43.238981,VIN-402151,3309,90,NONE
2026-07-31 05:12:44.238981,VIN-597790,2198,92,NONE
2026-07-31 05:12:45.238981,VIN-872902,3464,88,NONE
2026-07-31 05:12:46.238981,VIN-178592,2348,87,P0300
2026-07-31 05:12:47.238981,VIN-449210,3458,94,NONE
2026-07-31 05:12:48.238981,VIN-066287,2937,87,NONE
2026-07-31 05:12:49.238981,VIN-021118,3441,101,NONE
2026-07-31 05:12:50.238981,VIN-826227,1960,87,P0300
2026-07-31 05:12:51.238981,VIN-999056,2231,88,NONE
2026-07-31 05:12:52.238981,VIN-856107,2136,103,P0171
2026-07-31 05:12:53.238981,VIN-129171,1596,90,NONE
2026-07-31 05:12:54.238981,VIN-346112,3092,98,P0171
2026-07-31 05:12:55.238981,VIN-841033,2573,90,NONE
2026-07-31 05:12:56.238981,VIN-008319,2480,98,NONE
2026-07-31 05:12:57.238981,VIN-853888,3487,97,NONE
2026-07-31 05:12:58.238981,VIN-295368,2517,89,P0171
2026-07-31 05:12:59.238981,VIN-190939,1711,93,NONE
2026-07-31 05:13:00.238981,VIN-830277,3251,88,NONE
2026-07-31 05:13:01.238981,VIN-386738,2488,86,NONE
2026-07-31 05:13:02.238981,VIN-158783,3413,102,P0300
2026-07-31 05:13:03.238981,VIN-055523,1922,100,P0300
2026-07-31 05:13:04.238981,VIN-224663,2583,88,NONE
2026-07-31 05:13:05.238981,VIN-992818,3226,103,NONE
2026-07-31 05:13:06.238981,VIN-847631,1935,85,NONE
2026-07-31 05:13:07.238981,VIN-253153,2203,89,NONE
2026-07-31 05:13:08.238981,VIN-410397,1797,87,P0171
2026-07-31 05:13:09.238981,VIN-818439,1807,99,NONE
2026-07-31 05:13:10.238981,VIN-487651,2252,85,NONE
2026-07-31 05:13:11.238981,VIN-785265,3296,89,NONE
2026-07-31 05:13:12.238981,VIN-205381,0,97,P0300
2026-07-31 05:13:13.238981,VIN-498807,1818,99,NONE
2026-07-31 05:13:14.238981,VIN-704041,1860,98,P0171
2026-07-31 05:13:15.238981,VIN-647443,1848,96,NONE
2026-07-31 05:13:16.238981,VIN-888336,3107,88,NONE
2026-07-31 05:13:17.238981,VIN-299081,2404,85,NONE
2026-07-31 05:13:18.238981,VIN-345388,2697,95,NONE
2026-07-31 05:13:19.238981,VIN-285543,3221,92,NONE
2026-07-31 05:13:20.238981,VIN-789209,1983,100,NONE
2026-07-31 05:13:21.238981,VIN-372684,2991,105,NONE
2026-07-31 05:13:22.238981,VIN-210645,1817,101,NONE
2026-07-31 05:13:23.238981,VIN-558283,2406,87,P0420
2026-07-31 05:13:24.238981,VIN-225449,3158,99,NONE
2026-07-31 05:13:25.238981,VIN-461794,3399,96,P0171
2026-07-31 05:13:26.238981,VIN-612567,1542,88,P0171
2026-07-31 05:13:27.238981,VIN-321709,3139,91,NONE
2026-07-31 05:13:28.238981,VIN-280029,2248,102,P0171
2026-07-31 05:13:29.238981,VIN-644459,1873,85,NONE
2026-07-31 05:13:30.238981,VIN-761738,2255,99,NONE
2026-07-31 05:13:31.238981,VIN-511064,2340,103,P0171
2026-07-31 05:13:32.238981,VIN-368418,1689,100,P0300
2026-07-31 05:13:33.238981,VIN-817099,2905,92,NONE
2026-07-31 05:13:34.238981,VIN-828845,1944,96,NONE
2026-07-31 05:13:35.238981,VIN-352188,1996,85,NONE
2026-07-31 05:13:36.238981,VIN-379040,2422,104,NONE
2026-07-31 05:13:37.238981,VIN-485027,3422,96,P0300
2026-07-31 05:13:38.238981,VIN-568405,1559,85,NONE
2026-07-31 05:13:39.238981,VIN-228127,2739,95,P0420
2026-07-31 05:13:40.238981,VIN-161666,1813,99,NONE
2026-07-31 05:13:41.238981,VIN-142413,2413,85,P0171
2026-07-31 05:13:42.238981,VIN-161336,2587,85,NONE
2026-07-31 05:13:43.238981,VIN-736237,2265,100,P0300
2026-07-31 05:13:44.238981,VIN-530064,0,99,NONE
2026-07-31 05:13:45.238981,VIN-604633,2505,99,NONE
2026-07-31 05:13:46.238981,VIN-494162,2264,105,NONE
2026-07-31 05:13:47.238981,VIN-555842,2521,89,NONE
2026-07-31 05:13:48.238981,VIN-470177,2303,97,P0171
2026-07-31 05:13:49.238981,VIN-275771,3432,99,P0300
2026-07-31 05:13:50.238981,VIN-864451,2674,91,P0420
2026-07-31 05:13:51.238981,VIN-115950,2540,88,P0300
2026-07-31 05:13:52.238981,VIN-681282,0,101,P0420
2026-07-31 05:13:53.238981,VIN-076109,3441,91,P0171
2026-07-31 05:13:54.238981,VIN-782741,2430,99,NONE
2026-07-31 05:13:55.238981,VIN-025090,0,95,NONE
2026-07-31 05:13:56.238981,VIN-375222,2116,99,P0300
2026-07-31 05:13:57.238981,VIN-021594,1980,88,NONE
2026-07-31 05:13:58.238981,VIN-481293,2577,104,P0420
2026-07-31 05:13:59.238981,VIN-734941,2412,85,NONE
2026-07-31 05:14:00.238981,VIN-581882,3422,102,P0300
2026-07-31 05:14:01.238981,VIN-090780,3152,102,P0171
2026-07-31 05:14:02.238981,VIN-331424,1519,86,NONE
2026-07-31 05:14:03.238981,VIN-720863,3143,91,NONE
2026-07-31 05:14:04.238981,VIN-085819,1852,101,NONE
2026-07-31 05:14:05.238981,VIN-660676,2043,93,NONE
2026-07-31 05:14:06.238981,VIN-373955,3209,103,NONE
2026-07-31 05:14:07.238981,VIN-347083,3334,101,NONE
2026-07-31 05:14:08.238981,VIN-829570,3375,101,P0420
2026-07-31 05:14:09.238981,VIN-495254,3196,101,P0300
2026-07-31 05:14:10.238981,VIN-674731,3183,99,P0171
2026-07-31 05:14:11.238981,VIN-974778,2071,92,NONE
2026-07-31 05:14:12.238981,VIN-582381,1588,101,P0300
2026-07-31 05:14:13.238981,VIN-627028,2080,100,P0300
2026-07-31 05:14:14.238981,VIN-285005,1697,101,P0300
2026-07-31 05:14:15.238981,VIN-179668,2727,90,NONE
2026-07-31 05:14:16.238981,VIN-847180,3232,91,P0171
2026-07-31 05:14:17.238981,VIN-523263,2081,104,NONE
2026-07-31 05:14:18.238981,VIN-269223,3272,103,NONE
2026-07-31 05:14:19.238981,VIN-347869,1866,105,NONE
2026-07-31 05:14:20.238981,VIN-759590,1648,104,NONE
2026-07-31 05:14:21.238981,VIN-659268,2493,90,P0300
2026-07-31 05:14:22.238981,VIN-227185,2094,103,NONE
2026-07-31 05:14:23.238981,VIN-068916,2853,97,P0171
2026-07-31 05:14:24.238981,VIN-787975,1821,94,NONE
2026-07-31 05:14:25.238981,VIN-145646,1855,88,NONE
2026-07-31 05:14:26.238981,VIN-537301,0,90,NONE
2026-07-31 05:14:27.238981,VIN-355023,0,89,P0300
2026-07-31 05:14:28.238981,VIN-656849,2252,104,P0300
2026-07-31 05:14:29.238981,VIN-569214,1762,89,NONE
2026-07-31 05:14:30.238981,VIN-762108,1936,102,NONE
2026-07-31 05:14:31.238981,VIN-857528,3244,89,P0300
2026-07-31 05:14:32.238981,VIN-297336,2189,92,NONE
2026-07-31 05:14:33.238981,VIN-416941,2597,102,NONE
2026-07-31 05:14:34.238981,VIN-466265,1892,97,NONE
2026-07-31 05:14:35.238981,VIN-877774,3093,102,NONE
2026-07-31 05:14:36.238981,VIN-496948,1909,97,NONE
2026-07-31 05:14:37.238981,VIN-425506,3076,98,NONE
2026-07-31 05:14:38.238981,VIN-513209,1721,99,P0420
2026-07-31 05:14:39.238981,VIN-568477,1689,99,NONE
2026-07-31 05:14:40.238981,VIN-830080,3014,92,NONE
2026-07-31 05:14:41.238981,VIN-742085,1793,103,NONE
2026-07-31 05:14:42.238981,VIN-474199,1969,99,NONE
2026-07-31 05:14:43.238981,VIN-535860,2102,100,NONE
2026-07-31 05:14:44.238981,VIN-572215,1949,89,P0420
2026-07-31 05:14:45.238981,VIN-714074,3075,98,NONE
2026-07-31 05:14:46.238981,VIN-733093,3118,95,P0171
2026-07-31 05:14:47.238981,VIN-847559,1925,102,P0171
2026-07-31 05:14:48.238981,VIN-151285,3072,96,NONE
2026-07-31 05:14:49.238981,VIN-697216,1716,87,NONE
2026-07-31 05:14:50.238981,VIN-474956,2473,87,P0171
2026-07-31 05:14:51.238981,VIN-322268,2507,98,P0300
2026-07-31 05:14:52.238981,VIN-605049,1500,90,P0171
2026-07-31 05:14:53.238981,VIN-337846,1963,103,P0171
2026-07-31 05:14:54.238981,VIN-652862,3167,104,P0171
2026-07-31 05:14:55.238981,VIN-787972,2919,94,NONE
2026-07-31 05:14:56.238981,VIN-982641,2938,95,P0171
2026-07-31 05:14:57.238981,VIN-415222,3388,85,NONE
2026-07-31 05:14:58.238981,VIN-815753,2842,105,P0420
2026-07-31 05:14:59.238981,VIN-567192,2919,98,NONE
2026-07-31 05:15:00.238981,VIN-544393,2911,94,P0420
2026-07-31 05:15:01.238981,VIN-274637,2694,98,P0300
2026-07-31 05:15:02.238981,VIN-461147,2555,101,P0300
2026-07-31 05:15:03.238981,VIN-222948,2049,94,P0171
2026-07-31 05:15:04.238981,VIN-440605,2225,85,NONE
2026-07-31 05:15:05.238981,VIN-413927,3237,89,NONE
2026-07-31 05:15:06.238981,VIN-404180,2069,104,NONE
2026-07-31 05:15:07.238981,VIN-472025,2051,94,P0171
2026-07-31 05:15:08.238981,VIN-250336,1687,96,NONE
2026-07-31 05:15:09.238981,VIN-196876,1737,101,NONE
2026-07-31 05:15:10.238981,VIN-860348,2630,99,P0420
2026-07-31 05:15:11.238981,VIN-468174,3031,99,NONE
2026-07-31 05:15:12.238981,VIN-127358,2734,103,NONE
2026-07-31 05:15:13.238981,VIN-679008,2030,85,P0171
2026-07-31 05:15:14.238981,VIN-051439,2661,104,NONE
2026-07-31 05:15:15.238981,VIN-857766,1659,90,P0171
2026-07-31 05:15:16.238981,VIN-415771,2991,101,NONE
2026-07-31 05:15:17.238981,VIN-570440,2147,88,P0171
2026-07-31 05:15:18.238981,VIN-240662,3302,89,P0420
2026-07-31 05:15:19.238981,VIN-974986,2608,89,P0420
2026-07-31 05:15:20.238981,VIN-687593,2884,94,NONE
2026-07-31 05:15:21.238981,VIN-568566,2016,102,P0420
2026-07-31 05:15:22.238981,VIN-151834,0,105,NONE
2026-07-31 05:15:23.238981,VIN-334890,3216,96,NONE
2026-07-31 05:15:24.238981,VIN-489080,2164,85,P0300
2026-07-31 05:15:25.238981,VIN-223520,2238,101,P0171
2026-07-31 05:15:26.238981,VIN-586501,2052,95,NONE
2026-07-31 05:15:27.238981,VIN-517285,2880,90,NONE
2026-07-31 05:15:28.238981,VIN-997215,1841,96,P0171
2026-07-31 05:15:29.238981,VIN-955359,2636,96,NONE
2026-07-31 05:15:30.238981,VIN-385226,2353,98,NONE
2026-07-31 05:15:31.238981,VIN-133410,1916,98,NONE
2026-07-31 05:15:32.238981,VIN-966483,2674,105,NONE
2026-07-31 05:15:33.238981,VIN-737889,1801,97,NONE
2026-07-31 05:15:34.238981,VIN-535321,3286,89,P0300
2026-07-31 05:15:35.238981,VIN-756391,2032,85,P0420
2026-07-31 05:15:36.238981,VIN-498713,1801,92,P0171
2026-07-31 05:15:37.238981,VIN-355720,2603,97,NONE
2026-07-31 05:15:38.238981,VIN-138202,1924,94,NONE
2026-07-31 05:15:39.238981,VIN-210637,1875,88,NONE
2026-07-31 05:15:40.238981,VIN-404107,1720,93,NONE
2026-07-31 05:15:41.238981,VIN-534032,2445,97,P0420
2026-07-31 05:15:42.238981,VIN-774830,3422,85,P0171
2026-07-31 05:15:43.238981,VIN-620274,2290,92,P0300
2026-07-31 05:15:44.238981,VIN-833417,2622,85,NONE
2026-07-31 05:15:45.238981,VIN-825811,3022,95,NONE
2026-07-31 05:15:46.238981,VIN-688913,1828,101,NONE
2026-07-31 05:15:47.238981,VIN-114685,1576,105,NONE
2026-07-31 05:15:48.238981,VIN-841116,2959,103,P0171
2026-07-31 05:15:49.238981,VIN-950645,1930,93,P0300
2026-07-31 05:15:50.238981,VIN-320602,2962,98,NONE
2026-07-31 05:15:51.238981,VIN-631360,3292,95,NONE
2026-07-31 05:15:52.238981,VIN-385920,2981,85,NONE
2026-07-31 05:15:53.238981,VIN-766749,2497,100,NONE
2026-07-31 05:15:54.238981,VIN-983067,2725,103,NONE
2026-07-31 05:15:55.238981,VIN-399539,2437,104,P0420
2026-07-31 05:15:56.238981,VIN-732810,2150,93,P0300
2026-07-31 05:15:57.238981,VIN-905971,1518,99,NONE
2026-07-31 05:15:58.238981,VIN-050706,2329,101,P0300
2026-07-31 05:15:59.238981,VIN-188024,1547,105,P0171
2026-07-31 05:16:00.238981,VIN-370225,1961,97,NONE
2026-07-31 05:16:01.238981,VIN-859981,1672,98,P0171
2026-07-31 05:16:02.238981,VIN-947162,1542,101,NONE
2026-07-31 05:16:03.238981,VIN-049078,3004,100,P0300
2026-07-31 05:16:04.238981,VIN-908539,3032,103,P0300
2026-07-31 05:16:05.238981,VIN-971083,2384,99,P0300
2026-07-31 05:16:06.238981,VIN-931253,2281,95,P0300
2026-07-31 05:16:07.238981,VIN-982462,1686,95,P0171
2026-07-31 05:16:08.238981,VIN-971387,2978,100,P0171
2026-07-31 05:16:09.238981,VIN-971268,1701,105,P0171
2026-07-31 05:16:10.238981,VIN-827044,1731,99,P0171
2026-07-31 05:16:11.238981,VIN-836190,2814,92,NONE
2026-07-31 05:16:12.238981,VIN-393325,2657,102,P0420
2026-07-31 05:16:13.238981,VIN-476762,2243,94,P0420
2026-07-31 05:16:14.238981,VIN-271468,2125,85,NONE
2026-07-31 05:16:15.238981,VIN-279075,0,103,P0420
2026-07-31 05:16:16.238981,VIN-531160,1626,97,NONE
2026-07-31 05:16:17.238981,VIN-473086,3168,92,P0420
2026-07-31 05:16:18.238981,VIN-302114,1868,95,P0300
2026-07-31 05:16:19.238981,VIN-900950,1855,96,P0300
2026-07-31 05:16:20.238981,VIN-208633,1687,96,NONE
2026-07-31 05:16:21.238981,VIN-859941,3292,97,NONE
2026-07-31 05:16:22.238981,VIN-186275,3178,100,NONE
2026-07-31 05:16:23.238981,VIN-992604,0,104,NONE
2026-07-31 05:16:24.238981,VIN-680289,1616,99,NONE
2026-07-31 05:16:25.238981,VIN-389987,2216,105,NONE
2026-07-31 05:16:26.238981,VIN-709818,2766,97,P0171
2026-07-31 05:16:27.238981,VIN-037205,2689,103,P0171
2026-07-31 05:16:28.238981,VIN-718776,2306,89,P0300
2026-07-31 05:16:29.238981,VIN-737620,2272,103,P0300
2026-07-31 05:16:30.238981,VIN-312674,2671,90,NONE
2026-07-31 05:16:31.238981,VIN-301848,1984,100,NONE
2026-07-31 05:16:32.238981,VIN-241380,1711,90,NONE
2026-07-31 05:16:33.238981,VIN-463749,0,103,NONE
2026-07-31 05:16:34.238981,VIN-013135,2604,88,P0420
2026-07-31 05:16:35.238981,VIN-237265,2129,94,P0171
2026-07-31 05:16:36.238981,VIN-138814,3131,94,NONE
2026-07-31 05:16:37.238981,VIN-184631,2004,93,P0420
2026-07-31 05:16:38.238981,VIN-738966,3296,96,NONE
2026-07-31 05:16:39.238981,VIN-580380,1912,97,P0171
2026-07-31 05:16:40.238981,VIN-807551,1552,90,NONE
2026-07-31 05:16:41.238981,VIN-053813,2886,101,NONE
2026-07-31 05:16:42.238981,VIN-653356,3092,87,NONE
2026-07-31 05:16:43.238981,VIN-727322,1975,93,NONE
2026-07-31 05:16:44.238981,VIN-814062,3216,97,NONE
2026-07-31 05:16:45.238981,VIN-082606,0,95,P0420
2026-07-31 05:16:46.238981,VIN-698404,3123,94,NONE
2026-07-31 05:16:47.238981,VIN-430524,3406,102,NONE
2026-07-31 05:16:48.238981,VIN-834523,3497,87,NONE
2026-07-31 05:16:49.238981,VIN-462233,3436,93,NONE
2026-07-31 05:16:50.238981,VIN-217393,2039,100,NONE
2026-07-31 05:16:51.238981,VIN-327353,3452,95,P0300
2026-07-31 05:16:52.238981,VIN-842188,0,98,NONE
2026-07-31 05:16:53.238981,VIN-148275,2105,92,P0420
2026-07-31 05:16:54.238981,VIN-922396,3337,92,P0300
2026-07-31 05:16:55.238981,VIN-188681,3187,89,NONE
2026-07-31 05:16:56.238981,VIN-312129,2027,91,P0300
2026-07-31 05:16:57.238981,VIN-050670,2458,104,NONE
2026-07-31 05:16:58.238981,VIN-641106,2100,88,P0300
2026-07-31 05:16:59.238981,VIN-363818,3263,96,NONE
2026-07-31 05:17:00.238981,VIN-286214,2710,87,NONE
2026-07-31 05:17:01.238981,VIN-682216,1796,86,NONE
2026-07-31 05:17:02.238981,VIN-693651,3111,88,NONE
2026-07-31 05:17:03.238981,VIN-777680,3317,94,NONE
2026-07-31 05:17:04.238981,VIN-177662,1528,101,P0300
2026-07-31 05:17:05.238981,VIN-303959,2492,87,P0171
2026-07-31 05:17:06.238981,VIN-323184,2768,105,P0420
2026-07-31 05:17:07.238981,VIN-927232,0,87,NONE
2026-07-31 05:17:08.238981,VIN-184672,1609,103,P0300
2026-07-31 05:17:09.238981,VIN-279712,3195,95,NONE
2026-07-31 05:17:10.238981,VIN-862255,2536,89,P0300
2026-07-31 05:17:11.238981,VIN-404486,1719,88,P0300
2026-07-31 05:17:12.238981,VIN-094316,1544,87,NONE
2026-07-31 05:17:13.238981,VIN-771870,3290,101,P0420
2026-07-31 05:17:14.238981,VIN-654356,3496,87,P0300
2026-07-31 05:17:15.238981,VIN-307922,3454,99,P0300
2026-07-31 05:17:16.238981,VIN-059996,1783,85,NONE
2026-07-31 05:17:17.238981,VIN-462284,0,86,P0300
2026-07-31 05:17:18.238981,VIN-504152,2529,90,P0171
2026-07-31 05:17:19.238981,VIN-118555,1988,89,NONE
2026-07-31 05:17:20.238981,VIN-310403,2274,85,NONE
2026-07-31 05:17:21.238981,VIN-948905,3182,104,NONE
2026-07-31 05:17:22.238981,VIN-412463,3457,98,P0300
2026-07-31 05:17:23.238981,VIN-736411,3155,105,NONE
2026-07-31 05:17:24.238981,VIN-749295,1955,85,NONE
2026-07-31 05:17:25.238981,VIN-031567,2637,103,NONE
2026-07-31 05:17:26.238981,VIN-052156,1616,88,NONE
2026-07-31 05:17:27.238981,VIN-186722,2681,89,P0300
2026-07-31 05:17:28.238981,VIN-053282,2804,95,NONE
2026-07-31 05:17:29.238981,VIN-803135,2092,87,P0300
2026-07-31 05:17:30.238981,VIN-088073,2632,85,NONE
2026-07-31 05:17:31.238981,VIN-256752,2345,101,P0300
2026-07-31 05:17:32.238981,VIN-533845,1590,86,P0171
2026-07-31 05:17:33.238981,VIN-925340,2731,89,NONE
2026-07-31 05:17:34.238981,VIN-083529,3498,98,NONE
2026-07-31 05:17:35.238981,VIN-446757,3065,87,NONE
2026-07-31 05:17:36.238981,VIN-525716,3234,88,NONE
2026-07-31 05:17:37.238981,VIN-913827,2608,86,P0300
2026-07-31 05:17:38.238981,VIN-970971,0,100,P0171
2026-07-31 05:17:39.238981,VIN-653061,1851,105,P0300
2026-07-31 05:17:40.238981,VIN-588058,3047,88,P0420
2026-07-31 05:17:41.238981,VIN-186912,1521,88,NONE
2026-07-31 05:17:42.238981,VIN-300405,0,90,P0171
2026-07-31 05:17:43.238981,VIN-429715,2571,101,NONE
2026-07-31 05:17:44.238981,VIN-420080,1625,91,P0420
2026-07-31 05:17:45.238981,VIN-161664,2862,100,P0420
2026-07-31 05:17:46.238981,VIN-077213,3445,99,NONE
2026-07-31 05:17:47.238981,VIN-067259,0,90,P0420
2026-07-31 05:17:48.238981,VIN-698492,2250,97,P0171
2026-07-31 05:17:49.238981,VIN-184996,2085,85,P0300
2026-07-31 05:17:50.238981,VIN-164820,2168,99,P0171
2026-07-31 05:17:51.238981,VIN-760549,2651,100,P0171
2026-07-31 05:17:52.238981,VIN-900678,3118,93,P0171
2026-07-31 05:17:53.238981,VIN-721268,1826,97,NONE
2026-07-31 05:17:54.238981,VIN-964945,2347,103,NONE
2026-07-31 05:17:55.238981,VIN-014803,2917,85,P0300
2026-07-31 05:17:56.238981,VIN-576703,2178,90,NONE
2026-07-31 05:17:57.238981,VIN-609370,1527,93,NONE
2026-07-31 05:17:58.238981,VIN-120357,1709,105,NONE
2026-07-31 05:17:59.238981,VIN-219383,2208,105,NONE
2026-07-31 05:18:00.238981,VIN-721278,3216,92,NONE
2026-07-31 05:18:01.238981,VIN-579136,3383,101,NONE
2026-07-31 05:18:02.238981,VIN-443703,3458,91,P0171
2026-07-31 05:18:03.238981,VIN-491857,1642,85,NONE
2026-07-31 05:18:04.238981,VIN-571484,2858,97,NONE
2026-07-31 05:18:05.238981,VIN-983729,2539,88,NONE
2026-07-31 05:18:06.238981,VIN-552304,2725,94,P0420
2026-07-31 05:18:07.238981,VIN-125187,2929,92,P0300
2026-07-31 05:18:08.238981,VIN-377840,2585,96,NONE
2026-07-31 05:18:09.238981,VIN-726524,2298,97,P0171
2026-07-31 05:18:10.238981,VIN-076765,2779,100,P0171
2026-07-31 05:18:11.238981,VIN-729295,2376,98,NONE
2026-07-31 05:18:12.238981,VIN-971331,3001,101,NONE
2026-07-31 05:18:13.238981,VIN-096203,2770,104,P0300
2026-07-31 05:18:14.238981,VIN-532324,2460,91,P0420
2026-07-31 05:18:15.238981,VIN-512283,2027,95,P0420
2026-07-31 05:18:16.238981,VIN-099425,1524,102,P0171
2026-07-31 05:18:17.238981,VIN-737684,2067,91,P0171
2026-07-31 05:18:18.238981,VIN-138868,3359,92,NONE
2026-07-31 05:18:19.238981,VIN-010389,3308,86,P0171
2026-07-31 05:18:20.238981,VIN-319431,2900,103,NONE
2026-07-31 05:18:21.238981,VIN-757481,1883,103,P0300
2026-07-31 05:18:22.238981,VIN-475391,2480,88,P0300
2026-07-31 05:18:23.238981,VIN-615372,1890,97,NONE
2026-07-31 05:18:24.238981,VIN-561991,2659,91,P0420
2026-07-31 05:18:25.238981,VIN-648147,1586,88,NONE
2026-07-31 05:18:26.238981,VIN-769886,2948,99,NONE
2026-07-31 05:18:27.238981,VIN-849698,1922,92,P0300
2026-07-31 05:18:28.238981,VIN-000222,1850,92,NONE
2026-07-31 05:18:29.238981,VIN-860201,2463,91,NONE
2026-07-31 05:18:30.238981,VIN-907824,2393,91,P0300
2026-07-31 05:18:31.238981,VIN-154051,2525,95,P0300
2026-07-31 05:18:32.238981,VIN-425217,1836,101,NONE
2026-07-31 05:18:33.238981,VIN-460734,2195,105,P0420
2026-07-31 05:18:34.238981,VIN-886696,2996,89,NONE
2026-07-31 05:18:35.238981,VIN-140158,2244,96,NONE
2026-07-31 05:18:36.238981,VIN-513117,1731,105,P0420
2026-07-31 05:18:37.238981,VIN-732237,3136,94,NONE
2026-07-31 05:18:38.238981,VIN-022538,2235,92,NONE
2026-07-31 05:18:39.238981,VIN-826921,2516,97,NONE
2026-07-31 05:18:40.238981,VIN-458630,1599,92,P0171
2026-07-31 05:18:41.238981,VIN-701255,2955,87,P0420
2026-07-31 05:18:42.238981,VIN-650952,3419,98,NONE
2026-07-31 05:18:43.238981,VIN-035554,3180,97,NONE
2026-07-31 05:18:44.238981,VIN-972761,1796,95,NONE
2026-07-31 05:18:45.238981,VIN-911103,2809,97,NONE
2026-07-31 05:18:46.238981,VIN-933983,2017,100,P0171
2026-07-31 05:18:47.238981,VIN-237749,2142,104,P0300
2026-07-31 05:18:48.238981,VIN-613221,0,100,NONE
2026-07-31 05:18:49.238981,VIN-547592,2279,86,NONE
2026-07-31 05:18:50.238981,VIN-244537,1554,100,NONE
2026-07-31 05:18:51.238981,VIN-959077,3006,104,P0420
2026-07-31 05:18:52.238981,VIN-120543,2988,87,NONE
2026-07-31 05:18:53.238981,VIN-849356,2349,97,P0420
2026-07-31 05:18:54.238981,VIN-845557,1706,91,NONE
2026-07-31 05:18:55.238981,VIN-917102,2377,102,NONE
2026-07-31 05:18:56.238981,VIN-156825,2839,98,NONE
2026-07-31 05:18:57.238981,VIN-592981,1532,102,NONE
2026-07-31 05:18:58.238981,VIN-712942,2684,97,NONE
2026-07-31 05:18:59.238981,VIN-896251,1918,85,NONE
2026-07-31 05:19:00.238981,VIN-983806,2334,97,NONE
2026-07-31 05:19:01.238981,VIN-859009,2304,93,NONE
2026-07-31 05:19:02.238981,VIN-803630,3302,88,NONE
2026-07-31 05:19:03.238981,VIN-012472,1927,93,NONE
2026-07-31 05:19:04.238981,VIN-562513,2872,90,NONE
2026-07-31 05:19:05.238981,VIN-509831,3371,95,P0420
2026-07-31 05:19:06.238981,VIN-305673,1577,96,NONE
2026-07-31 05:19:07.238981,VIN-542587,3494,105,P0171
2026-07-31 05:19:08.238981,VIN-717978,3280,89,NONE
2026-07-31 05:19:09.238981,VIN-085594,2995,92,P0420
2026-07-31 05:19:10.238981,VIN-511590,1558,105,P0300
2026-07-31 05:19:11.238981,VIN-954246,2140,98,NONE
2026-07-31 05:19:12.238981,VIN-244606,2041,88,NONE
2026-07-31 05:19:13.238981,VIN-216047,2068,100,NONE
2026-07-31 05:19:14.238981,VIN-257350,2305,90,P0420
2026-07-31 05:19:15.238981,VIN-400078,1777,85,NONE
2026-07-31 05:19:16.238981,VIN-989404,1715,100,NONE
2026-07-31 05:19:17.238981,VIN-519050,1952,88,NONE
2026-07-31 05:19:18.238981,VIN-794241,1626,87,NONE
2026-07-31 05:19:19.238981,VIN-050144,0,104,P0171
2026-07-31 05:19:20.238981,VIN-179917,1998,104,P0171
2026-07-31 05:19:21.238981,VIN-370887,2822,86,NONE
2026-07-31 05:19:22.238981,VIN-651355,2773,99,NONE
2026-07-31 05:19:23.238981,VIN-458096,3078,103,NONE
2026-07-31 05:19:24.238981,VIN-695595,1861,86,P0171
2026-07-31 05:19:25.238981,VIN-876143,1957,98,P0300
2026-07-31 05:19:26.238981,VIN-673453,2027,104,NONE
2026-07-31 05:19:27.238981,VIN-795126,1876,99,NONE
2026-07-31 05:19:28.238981,VIN-073680,2226,104,P0420
2026-07-31 05:19:29.238981,VIN-235726,2723,103,NONE
2026-07-31 05:19:30.238981,VIN-847596,2894,93,NONE
2026-07-31 05:19:31.238981,VIN-132953,2194,95,P0300
2026-07-31 05:19:32.238981,VIN-281261,2016,86,NONE
2026-07-31 05:19:33.238981,VIN-772083,1954,93,NONE
2026-07-31 05:19:34.238981,VIN-597380,3423,99,NONE
2026-07-31 05:19:35.238981,VIN-335663,2066,85,P0420
2026-07-31 05:19:36.238981,VIN-184598,2091,95,NONE
2026-07-31 05:19:37.238981,VIN-751544,2576,88,NONE
2026-07-31 05:19:38.238981,VIN-628555,3494,90,P0300
2026-07-31 05:19:39.238981,VIN-816523,2742,89,NONE
2026-07-31 05:19:40.238981,VIN-167729,3409,86,P0420
2026-07-31 05:19:41.238981,VIN-333915,2814,89,P0420
2026-07-31 05:19:42.238981,VIN-421313,1655,104,P0171
2026-07-31 05:19:43.238981,VIN-797844,2393,100,NONE
2026-07-31 05:19:44.238981,VIN-453752,2859,96,P0171
2026-07-31 05:19:45.238981,VIN-724624,2187,101,P0420
2026-07-31 05:19:46.238981,VIN-591216,1547,103,NONE
2026-07-31 05:19:47.238981,VIN-532593,3015,87,NONE
2026-07-31 05:19:48.238981,VIN-124227,2374,89,NONE
2026-07-31 05:19:49.238981,VIN-416100,1585,95,P0300
2026-07-31 05:19:50.238981,VIN-358351,1554,93,NONE
2026-07-31 05:19:51.238981,VIN-809434,2686,95,NONE
2026-07-31 05:19:52.238981,VIN-393742,3165,92,P0420
2026-07-31 05:19:53.238981,VIN-508177,2628,95,NONE
2026-07-31 05:19:54.238981,VIN-947606,3338,92,P0300
2026-07-31 05:19:55.238981,VIN-219577,1810,104,P0420
2026-07-31 05:19:56.238981,VIN-736019,3368,97,NONE
2026-07-31 05:19:57.238981,VIN-193310,2334,92,NONE
2026-07-31 05:19:58.238981,VIN-973804,2071,91,P0300
2026-07-31 05:19:59.238981,VIN-287168,3107,103,NONE
2026-07-31 05:20:00.238981,VIN-894101,2937,91,P0420
2026-07-31 05:20:01.238981,VIN-008926,2599,101,NONE
2026-07-31 05:20:02.238981,VIN-459278,2956,86,P0300
2026-07-31 05:20:03.238981,VIN-227352,3313,105,P0420
2026-07-31 05:20:04.238981,VIN-908229,2157,96,NONE
2026-07-31 05:20:05.238981,VIN-477972,3294,86,P0420
2026-07-31 05:20:06.238981,VIN-658068,3378,92,P0300
2026-07-31 05:20:07.238981,VIN-804631,3431,95,NONE
2026-07-31 05:20:08.238981,VIN-718823,2267,93,P0420
2026-07-31 05:20:09.238981,VIN-085101,3242,87,NONE
2026-07-31 05:20:10.238981,VIN-249841,3496,88,P0420
2026-07-31 05:20:11.238981,VIN-784114,2377,101,NONE
2026-07-31 05:20:12.238981,VIN-903499,1709,97,P0171
2026-07-31 05:20:13.238981,VIN-641874,2761,89,P0420
2026-07-31 05:20:14.238981,VIN-891022,2399,101,NONE
2026-07-31 05:20:15.238981,VIN-060794,2405,96,NONE
2026-07-31 05:20:16.238981,VIN-397801,2514,103,P0420
2026-07-31 05:20:17.238981,VIN-905633,2979,85,NONE
2026-07-31 05:20:18.238981,VIN-673258,3460,93,P0420
2026-07-31 05:20:19.238981,VIN-748901,2632,102,P0420
2026-07-31 05:20:20.238981,VIN-802215,2948,98,NONE
2026-07-31 05:20:21.238981,VIN-584473,3166,93,P0420
2026-07-31 05:20:22.238981,VIN-278526,1770,86,P0171
2026-07-31 05:20:23.238981,VIN-169548,3048,88,P0171
2026-07-31 05:20:24.238981,VIN-391600,0,100,P0300
2026-07-31 05:20:25.238981,VIN-818764,2228,102,NONE
2026-07-31 05:20:26.238981,VIN-329729,3041,101,P0300
2026-07-31 05:20:27.238981,VIN-623385,0,95,P0300
2026-07-31 05:20:28.238981,VIN-866831,1645,102,P0300
2026-07-31 05:20:29.238981,VIN-075943,2946,95,NONE
2026-07-31 05:20:30.238981,VIN-893949,1574,96,NONE
2026-07-31 05:20:31.238981,VIN-226575,2159,86,P0300
2026-07-31 05:20:32.238981,VIN-898389,2118,95,NONE
2026-07-31 05:20:33.238981,VIN-851497,2894,99,NONE
2026-07-31 05:20:34.238981,VIN-745626,1832,99,NONE
2026-07-31 05:20:35.238981,VIN-946559,2090,88,NONE
2026-07-31 05:20:36.238981,VIN-870525,1824,105,P0171
2026-07-31 05:20:37.238981,VIN-482013,2035,88,NONE
2026-07-31 05:20:38.238981,VIN-446393,3046,105,NONE
2026-07-31 05:20:39.238981,VIN-428892,3499,103,P0300
2026-07-31 05:20:40.238981,VIN-727236,2762,104,P0171
2026-07-31 05:20:41.238981,VIN-833084,1721,101,P0420
2026-07-31 05:20:42.238981,VIN-265751,1731,104,NONE
2026-07-31 05:20:43.238981,VIN-663378,0,105,P0300
2026-07-31 05:20:44.238981,VIN-274710,3302,90,P0420
2026-07-31 05:20:45.238981,VIN-213627,1811,98,NONE
2026-07-31 05:20:46.238981,VIN-608154,2801,89,P0300
2026-07-31 05:20:47.238981,VIN-684091,2556,95,NONE
2026-07-31 05:20:48.238981,VIN-409386,2960,92,P0171
2026-07-31 05:20:49.238981,VIN-977941,2117,89,P0171
2026-07-31 05:20:50.238981,VIN-786766,2252,94,NONE
2026-07-31 05:20:51.238981,VIN-802183,1924,99,NONE
2026-07-31 05:20:52.238981,VIN-130254,2109,97,NONE
2026-07-31 05:20:53.238981,VIN-961797,3468,85,NONE
2026-07-31 05:20:54.238981,VIN-462377,2173,92,P0171
2026-07-31 05:20:55.238981,VIN-632218,2019,97,P0171
2026-07-31 05:20:56.238981,VIN-766214,0,102,NONE
2026-07-31 05:20:57.238981,VIN-921969,1911,103,P0171
2026-07-31 05:20:58.238981,VIN-960090,1887,87,NONE
2026-07-31 05:20:59.238981,VIN-743585,1754,92,NONE
2026-07-31 05:21:00.238981,VIN-065821,2366,102,P0171
2026-07-31 05:21:01.238981,VIN-775542,2281,87,P0171
2026-07-31 05:21:02.238981,VIN-776781,2312,97,P0300
2026-07-31 05:21:03.238981,VIN-372226,1522,93,NONE
2026-07-31 05:21:04.238981,VIN-745754,2895,96,P0171
2026-07-31 05:21:05.238981,VIN-359177,2495,104,NONE
2026-07-31 05:21:06.238981,VIN-201290,1770,86,NONE
2026-07-31 05:21:07.238981,VIN-655545,1890,92,P0171
2026-07-31 05:21:08.238981,VIN-322908,3456,99,P0300
2026-07-31 05:21:09.238981,VIN-613638,2487,90,P0420
2026-07-31 05:21:10.238981,VIN-090416,1927,87,P0300
2026-07-31 05:21:11.238981,VIN-074914,2809,88,NONE
2026-07-31 05:21:12.238981,VIN-557256,3174,93,NONE
2026-07-31 05:21:13.238981,VIN-598857,2971,96,NONE
2026-07-31 05:21:14.238981,VIN-602819,2161,105,NONE
2026-07-31 05:21:15.238981,VIN-240862,1924,89,NONE
2026-07-31 05:21:16.238981,VIN-491918,2225,86,P0171
2026-07-31 05:21:17.238981,VIN-798661,1637,94,P0171
2026-07-31 05:21:18.238981,VIN-945579,0,95,NONE
2026-07-31 05:21:19.238981,VIN-435689,1684,87,P0171
2026-07-31 05:21:20.238981,VIN-540786,3388,102,NONE
2026-07-31 05:21:21.238981,VIN-841913,2595,90,NONE
2026-07-31 05:21:22.238981,VIN-537153,2764,92,P0420
2026-07-31 05:21:23.238981,VIN-795060,2419,98,NONE
2026-07-31 05:21:24.238981,VIN-691149,3151,88,NONE
2026-07-31 05:21:25.238981,VIN-192591,2836,105,NONE
2026-07-31 05:21:26.238981,VIN-763653,2011,102,P0420
2026-07-31 05:21:27.238981,VIN-762594,3495,92,NONE
2026-07-31 05:21:28.238981,VIN-221997,3356,98,NONE
2026-07-31 05:21:29.238981,VIN-599760,3162,98,NONE
2026-07-31 05:21:30.238981,VIN-061980,1598,92,NONE
2026-07-31 05:21:31.238981,VIN-054598,2840,86,P0171
2026-07-31 05:21:32.238981,VIN-753462,3028,95,NONE
2026-07-31 05:21:33.238981,VIN-739385,1704,92,NONE
2026-07-31 05:21:34.238981,VIN-179548,3062,85,NONE
2026-07-31 05:21:35.238981,VIN-272853,2388,89,P0420
2026-07-31 05:21:36.238981,VIN-442212,1723,96,P0300
2026-07-31 05:21:37.238981,VIN-198397,1837,104,NONE
2026-07-31 05:21:38.238981,VIN-247855,2493,88,P0300
2026-07-31 05:21:39.238981,VIN-180591,3305,101,NONE
2026-07-31 05:21:40.238981,VIN-381773,3297,95,NONE
2026-07-31 05:21:41.238981,VIN-445963,2436,88,P0420
2026-07-31 05:21:42.238981,VIN-467114,2717,98,P0300
2026-07-31 05:21:43.238981,VIN-727985,3072,105,P0420
2026-07-31 05:21:44.238981,VIN-033575,2232,90,NONE
2026-07-31 05:21:45.238981,VIN-788814,0,101,NONE
2026-07-31 05:21:46.238981,VIN-078836,2857,94,NONE
2026-07-31 05:21:47.238981,VIN-563691,2584,97,NONE
2026-07-31 05:21:48.238981,VIN-842068,2939,103,NONE
2026-07-31 05:21:49.238981,VIN-758755,3210,100,NONE
2026-07-31 05:21:50.238981,VIN-608600,2198,89,P0420
2026-07-31 05:21:51.238981,VIN-828013,2441,102,NONE
2026-07-31 05:21:52.238981,VIN-982686,3306,92,NONE
2026-07-31 05:21:53.238981,VIN-245712,2513,89,NONE
2026-07-31 05:21:54.238981,VIN-919861,2746,86,P0300
2026-07-31 05:21:55.238981,VIN-526580,2532,90,NONE
2026-07-31 05:21:56.238981,VIN-930193,2111,88,NONE
2026-07-31 05:21:57.238981,VIN-026278,1843,95,P0171
2026-07-31 05:21:58.238981,VIN-655197,2967,90,NONE
2026-07-31 05:21:59.238981,VIN-425402,1628,85,P0420
2026-07-31 05:22:00.238981,VIN-467041,2764,99,P0300
2026-07-31 05:22:01.238981,VIN-477634,1798,104,P0171
2026-07-31 05:22:02.238981,VIN-336361,1818,104,NONE
2026-07-31 05:22:03.238981,VIN-481830,3023,91,NONE
2026-07-31 05:22:04.238981,VIN-200166,2779,90,P0420
2026-07-31 05:22:05.238981,VIN-753042,3076,105,P0420
2026-07-31 05:22:06.238981,VIN-789249,2909,91,NONE
2026-07-31 05:22:07.238981,VIN-814079,2033,91,P0300
2026-07-31 05:22:08.238981,VIN-345383,3404,103,P0420
2026-07-31 05:22:09.238981,VIN-873225,3369,91,P0171
2026-07-31 05:22:10.238981,VIN-128880,2449,94,NONE
2026-07-31 05:22:11.238981,VIN-428598,1997,98,P0300
2026-07-31 05:22:12.238981,VIN-605645,1928,101,P0171
2026-07-31 05:22:13.238981,VIN-075539,2442,92,P0420
2026-07-31 05:22:14.238981,VIN-090758,1850,96,NONE
2026-07-31 05:22:15.238981,VIN-932444,2591,102,P0171
2026-07-31 05:22:16.238981,VIN-030123,2348,96,P0420
2026-07-31 05:22:17.238981,VIN-253161,2920,92,P0171
2026-07-31 05:22:18.238981,VIN-468649,3082,89,P0171
2026-07-31 05:22:19.238981,VIN-208510,1797,87,NONE
2026-07-31 05:22:20.238981,VIN-324225,2681,97,NONE
2026-07-31 05:22:21.238981,VIN-824463,1862,96,NONE
2026-07-31 05:22:22.238981,VIN-858925,1620,102,NONE
2026-07-31 05:22:23.238981,VIN-325236,2265,86,NONE
2026-07-31 05:22:24.238981,VIN-933044,2333,99,P0171
2026-07-31 05:22:25.238981,VIN-348368,3058,95,NONE
2026-07-31 05:22:26.238981,VIN-378080,2699,103,P0300
2026-07-31 05:22:27.238981,VIN-398392,2505,90,P0171
2026-07-31 05:22:28.238981,VIN-877306,3296,93,NONE
2026-07-31 05:22:29.238981,VIN-113711,2062,103,P0171
2026-07-31 05:22:30.238981,VIN-792694,3416,95,NONE
2026-07-31 05:22:31.238981,VIN-940615,3336,89,NONE
2026-07-31 05:22:32.238981,VIN-322794,0,96,P0300
2026-07-31 05:22:33.238981,VIN-506306,3006,91,P0300
2026-07-31 05:22:34.238981,VIN-003804,2730,100,P0420
2026-07-31 05:22:35.238981,VIN-093883,0,94,P0171
2026-07-31 05:22:36.238981,VIN-225465,2919,105,NONE
2026-07-31 05:22:37.238981,VIN-000915,3028,100,NONE
2026-07-31 05:22:38.238981,VIN-570954,2073,102,NONE
2026-07-31 05:22:39.238981,VIN-257203,1830,94,NONE
2026-07-31 05:22:40.238981,VIN-244843,1939,87,NONE
2026-07-31 05:22:41.238981,VIN-188281,2015,95,NONE
2026-07-31 05:22:42.238981,VIN-168658,3071,87,NONE
2026-07-31 05:22:43.238981,VIN-489907,3408,96,NONE
2026-07-31 05:22:44.238981,VIN-916366,3403,90,P0420
2026-07-31 05:22:45.238981,VIN-458054,1783,88,P0171
2026-07-31 05:22:46.238981,VIN-657503,2841,104,P0171
2026-07-31 05:22:47.238981,VIN-609750,2095,92,P0420
2026-07-31 05:22:48.238981,VIN-494911,2388,86,NONE
2026-07-31 05:22:49.238981,VIN-198839,2734,100,P0300
2026-07-31 05:22:50.238981,VIN-973539,3469,96,NONE
2026-07-31 05:22:51.238981,VIN-543152,2218,91,P0171
2026-07-31 05:22:52.238981,VIN-897504,2385,94,P0171
2026-07-31 05:22:53.238981,VIN-473025,3318,97,NONE
2026-07-31 05:22:54.238981,VIN-684973,3071,92,P0171
2026-07-31 05:22:55.238981,VIN-465840,2608,105,P0171
2026-07-31 05:22:56.238981,VIN-725023,3066,101,NONE
2026-07-31 05:22:57.238981,VIN-219489,3007,105,NONE
2026-07-31 05:22:58.238981,VIN-637249,1695,104,NONE
2026-07-31 05:22:59.238981,VIN-110522,2046,88,P0420
2026-07-31 05:23:00.238981,VIN-022634,2853,99,P0420
2026-07-31 05:23:01.238981,VIN-358608,3373,104,NONE
2026-07-31 05:23:02.238981,VIN-513974,3351,95,NONE
2026-07-31 05:23:03.238981,VIN-367228,1584,93,P0300
2026-07-31 05:23:04.238981,VIN-883310,2264,98,NONE
2026-07-31 05:23:05.238981,VIN-836795,2789,95,NONE
2026-07-31 05:23:06.238981,VIN-159908,2749,100,P0420
2026-07-31 05:23:07.238981,VIN-898891,2415,86,NONE
2026-07-31 05:23:08.238981,VIN-351166,3382,95,P0171
2026-07-31 05:23:09.238981,VIN-929336,2192,104,P0171
2026-07-31 05:23:10.238981,VIN-595693,2675,87,P0420
2026-07-31 05:23:11.238981,VIN-114236,2347,89,NONE
2026-07-31 05:23:12.238981,VIN-981098,2445,96,P0420
2026-07-31 05:23:13.238981,VIN-712340,2539,102,P0300
2026-07-31 05:23:14.238981,VIN-729065,2131,93,P0171
2026-07-31 05:23:15.238981,VIN-867038,1973,99,NONE
2026-07-31 05:23:16.238981,VIN-508365,2459,88,P0300
2026-07-31 05:23:17.238981,VIN-206781,2437,87,NONE
2026-07-31 05:23:18.238981,VIN-431862,3383,85,NONE
2026-07-31 05:23:19.238981,VIN-904751,3427,105,P0420
2026-07-31 05:23:20.238981,VIN-444482,1919,91,P0300
2026-07-31 05:23:21.238981,VIN-810380,2534,92,P0300
2026-07-31 05:23:22.238981,VIN-435263,2042,102,NONE
2026-07-31 05:23:23.238981,VIN-325956,2594,94,P0300
2026-07-31 05:23:24.238981,VIN-074468,1989,89,P0171
2026-07-31 05:23:25.238981,VIN-069742,1507,97,P0420
2026-07-31 05:23:26.238981,VIN-113938,2395,86,NONE
2026-07-31 05:23:27.238981,VIN-771933,2059,102,P0171
2026-07-31 05:23:28.238981,VIN-378569,2878,99,NONE
2026-07-31 05:23:29.238981,VIN-868694,1746,88,NONE
2026-07-31 05:23:30.238981,VIN-887485,3012,98,NONE
2026-07-31 05:23:31.238981,VIN-132102,2734,100,P0300
2026-07-31 05:23:32.238981,VIN-379240,3074,93,P0300
2026-07-31 05:23:33.238981,VIN-661683,3194,93,NONE
2026-07-31 05:23:34.238981,VIN-516456,2814,94,P0420
2026-07-31 05:23:35.238981,VIN-035650,2678,105,NONE
2026-07-31 05:23:36.238981,VIN-362689,1947,105,NONE
2026-07-31 05:23:37.238981,VIN-105973,0,94,NONE
2026-07-31 05:23:38.238981,VIN-833595,2793,103,NONE
2026-07-31 05:23:39.238981,VIN-623904,3176,97,NONE
2026-07-31 05:23:40.238981,VIN-585747,2637,89,P0171
2026-07-31 05:23:41.238981,VIN-351816,2070,92,NONE
2026-07-31 05:23:42.238981,VIN-031291,1522,102,NONE
2026-07-31 05:23:43.238981,VIN-951868,2580,102,P0300
2026-07-31 05:23:44.238981,VIN-936661,1922,98,NONE
2026-07-31 05:23:45.238981,VIN-602502,2418,101,P0420
2026-07-31 05:23:46.238981,VIN-551598,3027,103,NONE
2026-07-31 05:23:47.238981,VIN-382078,3029,94,NONE
2026-07-31 05:23:48.238981,VIN-835461,3361,103,NONE
2026-07-31 05:23:49.238981,VIN-147087,1705,89,P0171
2026-07-31 05:23:50.238981,VIN-105116,2760,85,P0420
2026-07-31 05:23:51.238981,VIN-465483,1565,89,NONE
2026-07-31 05:23:52.238981,VIN-971512,3464,103,P0171
2026-07-31 05:23:53.238981,VIN-342860,2149,95,P0171
2026-07-31 05:23:54.238981,VIN-916512,2046,102,NONE
2026-07-31 05:23:55.238981,VIN-753843,1805,102,NONE
2026-07-31 05:23:56.238981,VIN-477952,2495,87,P0300
2026-07-31 05:23:57.238981,VIN-455906,2331,92,NONE
2026-07-31 05:23:58.238981,VIN-354659,1638,97,P0420
2026-07-31 05:23:59.238981,VIN-449593,3322,88,NONE
2026-07-31 05:24:00.238981,VIN-068278,2273,99,P0171
2026-07-31 05:24:01.238981,VIN-135902,2632,87,NONE
2026-07-31 05:24:02.238981,VIN-868679,2740,87,NONE
2026-07-31 05:24:03.238981,VIN-138179,3500,98,P0171
2026-07-31 05:24:04.238981,VIN-789093,2171,97,P0171
2026-07-31 05:24:05.238981,VIN-303059,2365,97,P0300
2026-07-31 05:24:06.238981,VIN-942684,2805,92,NONE
2026-07-31 05:24:07.238981,VIN-537419,2072,88,P0171
2026-07-31 05:24:08.238981,VIN-794104,1574,91,P0171
2026-07-31 05:24:09.238981,VIN-425798,2256,85,P0420
2026-07-31 05:24:10.238981,VIN-174077,3311,92,P0300
2026-07-31 05:24:11.238981,VIN-108974,3217,104,NONE
2026-07-31 05:24:12.238981,VIN-572296,1999,93,NONE
2026-07-31 05:24:13.238981,VIN-160441,2969,96,NONE
2026-07-31 05:24:14.238981,VIN-257297,0,102,NONE
2026-07-31 05:24:15.238981,VIN-634328,1818,96,NONE
2026-07-31 05:24:16.238981,VIN-523133,2020,88,P0171
2026-07-31 05:24:17.238981,VIN-995917,0,92,P0171
2026-07-31 05:24:18.238981,VIN-979314,2613,87,NONE
2026-07-31 05:24:19.238981,VIN-879151,2573,89,P0420
2026-07-31 05:24:20.238981,VIN-806981,3497,105,NONE
2026-07-31 05:24:21.238981,VIN-581695,3122,96,NONE
2026-07-31 05:24:22.238981,VIN-177293,2544,91,P0300
2026-07-31 05:24:23.238981,VIN-880471,2894,87,NONE
2026-07-31 05:24:24.238981,VIN-473051,3115,99,P0171
2026-07-31 05:24:25.238981,VIN-418485,2372,105,NONE
2026-07-31 05:24:26.238981,VIN-937452,2404,100,NONE
2026-07-31 05:24:27.238981,VIN-558996,2521,87,P0420
2026-07-31 05:24:28.238981,VIN-016753,2760,91,NONE
2026-07-31 05:24:29.238981,VIN-550399,3342,97,P0300
2026-07-31 05:24:30.238981,VIN-468925,3368,93,NONE
2026-07-31 05:24:31.238981,VIN-137487,2568,88,P0420
2026-07-31 05:24:32.238981,VIN-139642,2450,91,P0300
2026-07-31 05:24:33.238981,VIN-705645,3024,97,P0420
2026-07-31 05:24:34.238981,VIN-634470,3017,87,NONE
2026-07-31 05:24:35.238981,VIN-659794,1535,88,NONE
2026-07-31 05:24:36.238981,VIN-163730,1814,97,NONE
2026-07-31 05:24:37.238981,VIN-189858,2191,94,NONE
2026-07-31 05:24:38.238981,VIN-428176,3274,98,NONE
2026-07-31 05:24:39.238981,VIN-564454,2304,85,P0420
2026-07-31 05:24:40.238981,VIN-718849,1809,100,P0171
2026-07-31 05:24:41.238981,VIN-928564,2660,103,NONE
2026-07-31 05:24:42.238981,VIN-644276,2007,96,NONE
2026-07-31 05:24:43.238981,VIN-437990,1900,90,NONE
2026-07-31 05:24:44.238981,VIN-894516,2325,86,NONE
2026-07-31 05:24:45.238981,VIN-727328,3044,93,NONE
2026-07-31 05:24:46.238981,VIN-510892,2199,91,NONE
2026-07-31 05:24:47.238981,VIN-846890,3244,98,NONE
2026-07-31 05:24:48.238981,VIN-032730,2919,89,NONE
2026-07-31 05:24:49.238981,VIN-387572,3206,94,NONE
2026-07-31 05:24:50.238981,VIN-973330,3347,88,NONE
2026-07-31 05:24:51.238981,VIN-394556,1863,85,NONE
2026-07-31 05:24:52.238981,VIN-839333,3435,93,P0171
2026-07-31 05:24:53.238981,VIN-029655,2563,99,NONE
2026-07-31 05:24:54.238981,VIN-129744,1885,102,P0171
2026-07-31 05:24:55.238981,VIN-396910,1545,99,NONE
2026-07-31 05:24:56.238981,VIN-706045,2325,94,NONE
2026-07-31 05:24:57.238981,VIN-881187,2574,104,P0420
2026-07-31 05:24:58.238981,VIN-301752,2188,96,NONE
2026-07-31 05:24:59.238981,VIN-497796,0,105,NONE
2026-07-31 05:25:00.238981,VIN-820594,3141,91,P0420
2026-07-31 05:25:01.238981,VIN-904194,1901,97,NONE
2026-07-31 05:25:02.238981,VIN-650217,2327,100,P0420
2026-07-31 05:25:03.238981,VIN-447490,3176,105,P0300
2026-07-31 05:25:04.238981,VIN-089861,1562,87,NONE
