timestamp,vehicle_id,engine_rpm,coolant_temp_c,fault_code,alert_status,processed_at
2026-07-31 02:38:27.238981,VIN-531306,2415,87,P0420,⚠️ CRITICAL DEVIATION DETECTED,2026-07-31 02:38:25.574534
2026-07-31 02:38:29.238981,VIN-370448,2056,99,P0420,⚠️ CRITICAL DEVIATION DETECTED,2026-07-31 02:38:25.578126
2026-07-31 02:38:30.238981,VIN-253930,2435,96,P0300,⚠️ CRITICAL DEVIATION DETECTED,2026-07-31 02:38:25.581960
2026-07-31 02:38:31.238981,VIN-010221,2645,87,P0300,⚠️ CRITICAL DEVIATION DETECTED,2026-07-31 02:38:25.586462
2026-07-31 02:38:32.238981,VIN-464059,2983,85,P0420,⚠️ CRITICAL DEVIATION DETECTED,2026-07-31 02:38:25.589733
2026-07-31 02:38:34.238981,VIN-678915,3157,87,P0420,⚠️ CRITICAL DEVIATION DETECTED,2026-07-31 02:38:25.594997
2026-07-31 02:38:35.238981,VIN-109550,2219,103,P0300,⚠️ CRITICAL DEVIATION DETECTED,2026-07-31 02:38:25.598407
2026-07-31 02:38:36.238981,VIN-552008,0,105,P0171,⚠️ CRITICAL DEVIATION DETECTED,2026-07-31 02:38:25.603505
2026-07-31 02:38:38.238981,VIN-167218,2072,105,P0300,⚠️ CRITICAL DEVIATION DETECTED,2026-07-31 02:38:25.607789
2026-07-31 02:38:39.238981,VIN-271076,2546,91,P0300,⚠️ CRITICAL DEVIATION DETECTED,2026-07-31 02:38:25.610937
2026-07-31 02:38:40.238981,VIN-975031,2778,101,P0420,⚠️ CRITICAL DEVIATION DETECTED,2026-07-31 02:38:25.615392
2026-07-31 02:38:41.238981,VIN-499178,3352,96,P0420,⚠️ CRITICAL DEVIATION DETECTED,2026-07-31 02:38:25.620085
2026-07-31 02:38:42.238981,VIN-710114,2412,94,P0171,⚠️ CRITICAL DEVIATION DETECTED,2026-07-31 02:38:25.622762
2026-07-31 02:38:43.238981,VIN-731344,2111,87,P0300,⚠️ CRITICAL DEVIATION DETECTED,2026-07-31 02:38:25.625459
2026-07-31 02:38:46.238981,VIN-323315,2946,98,P0420,⚠️ CRITICAL DEVIATION DETECTED,2026-07-31 02:38:25.628225
2026-07-31 02:38:48.238981,VIN-380594,2151,105,P0171,⚠️ CRITICAL DEVIATION DETECTED,2026-07-31 02:38:25.630686
2026-07-31 02:38:51.238981,VIN-076126,2715,90,P0420,⚠️ CRITICAL DEVIATION DETECTED,2026-07-31 02:38:25.634095
2026-07-31 02:38:53.238981,VIN-376374,3079,92,P0420,⚠️ CRITICAL DEVIATION DETECTED,2026-07-31 02:38:25.638071
2026-07-31 02:38:54.238981,VIN-362732,1904,89,P0300,⚠️ CRITICAL DEVIATION DETECTED,2026-07-31 02:38:25.643065
2026-07-31 02:38:55.238981,VIN-179618,1852,101,P0300,⚠️ CRITICAL DEVIATION DETECTED,2026-07-31 02:38:25.646625
2026-07-31 02:38:58.238981,VIN-161264,2816,102,P0300,⚠️ CRITICAL DEVIATION DETECTED,2026-07-31 02:38:25.652039
2026-07-31 02:39:02.238981,VIN-632452,1829,89,P0420,⚠️ CRITICAL DEVIATION DETECTED,2026-07-31 02:38:25.655231
2026-07-31 02:39:03.238981,VIN-041876,1950,102,P0300,⚠️ CRITICAL DEVIATION DETECTED,2026-07-31 02:38:25.668214
2026-07-31 02:39:04.238981,VIN-078199,1803,97,P0300,⚠️ CRITICAL DEVIATION DETECTED,2026-07-31 02:38:25.675298
2026-07-31 02:39:06.238981,VIN-335611,2961,98,P0300,⚠️ CRITICAL DEVIATION DETECTED,2026-07-31 02:38:25.678602
2026-07-31 02:39:11.238981,VIN-874111,1697,85,P0420,⚠️ CRITICAL DEVIATION DETECTED,2026-07-31 02:38:25.681577
2026-07-31 02:39:12.238981,VIN-476436,2662,104,P0420,⚠️ CRITICAL DEVIATION DETECTED,2026-07-31 02:38:25.688889
2026-07-31 02:39:13.238981,VIN-281575,2744,100,P0171,⚠️ CRITICAL DEVIATION DETECTED,2026-07-31 02:38:25.691517
2026-07-31 02:39:18.238981,VIN-908909,0,91,P0300,⚠️ CRITICAL DEVIATION DETECTED,2026-07-31 02:38:25.695928
2026-07-31 02:39:19.238981,VIN-822136,3342,91,P0171,⚠️ CRITICAL DEVIATION DETECTED,2026-07-31 02:38:25.701094
2026-07-31 02:39:25.238981,VIN-900036,1832,89,P0300,⚠️ CRITICAL DEVIATION DETECTED,2026-07-31 02:38:25.706052
2026-07-31 02:39:30.238981,VIN-602672,1972,85,P0300,⚠️ CRITICAL DEVIATION DETECTED,2026-07-31 02:38:25.709742
2026-07-31 02:39:35.238981,VIN-592801,0,93,P0171,⚠️ CRITICAL DEVIATION DETECTED,2026-07-31 02:38:25.712842
2026-07-31 02:39:36.238981,VIN-128173,3011,86,P0420,⚠️ CRITICAL DEVIATION DETECTED,2026-07-31 02:38:25.718897
2026-07-31 02:39:38.238981,VIN-711276,1879,88,P0420,⚠️ CRITICAL DEVIATION DETECTED,2026-07-31 02:38:25.724096
2026-07-31 02:39:40.238981,VIN-500371,3244,94,P0171,⚠️ CRITICAL DEVIATION DETECTED,2026-07-31 02:38:25.728052
2026-07-31 02:39:42.238981,VIN-362556,3053,97,P0300,⚠️ CRITICAL DEVIATION DETECTED,2026-07-31 02:38:25.732188
2026-07-31 02:39:44.238981,VIN-160483,1896,102,P0171,⚠️ CRITICAL DEVIATION DETECTED,2026-07-31 02:38:25.736846
2026-07-31 02:39:46.238981,VIN-285001,2902,85,P0171,⚠️ CRITICAL DEVIATION DETECTED,2026-07-31 02:38:25.741339
2026-07-31 02:39:50.238981,VIN-281422,3427,102,P0420,⚠️ CRITICAL DEVIATION DETECTED,2026-07-31 02:38:25.744101
2026-07-31 02:39:52.238981,VIN-805295,2461,101,P0420,⚠️ CRITICAL DEVIATION DETECTED,2026-07-31 02:38:25.746989
2026-07-31 02:39:53.238981,VIN-553190,3102,101,P0300,⚠️ CRITICAL DEVIATION DETECTED,2026-07-31 02:38:25.751132
2026-07-31 02:39:55.238981,VIN-698936,3319,104,P0171,⚠️ CRITICAL DEVIATION DETECTED,2026-07-31 02:38:25.765911
2026-07-31 02:40:02.238981,VIN-953446,3064,97,P0171,⚠️ CRITICAL DEVIATION DETECTED,2026-07-31 02:38:25.775648
2026-07-31 02:40:03.238981,VIN-566356,0,105,P0300,⚠️ CRITICAL DEVIATION DETECTED,2026-07-31 02:38:25.778737
2026-07-31 02:40:05.238981,VIN-761590,1504,100,P0420,⚠️ CRITICAL DEVIATION DETECTED,2026-07-31 02:38:25.783230
2026-07-31 02:40:07.238981,VIN-489936,2327,88,P0300,⚠️ CRITICAL DEVIATION DETECTED,2026-07-31 02:38:25.786294
2026-07-31 02:40:11.238981,VIN-369883,2888,100,P0300,⚠️ CRITICAL DEVIATION DETECTED,2026-07-31 02:38:25.789187
2026-07-31 02:40:12.238981,VIN-193167,1651,103,P0171,⚠️ CRITICAL DEVIATION DETECTED,2026-07-31 02:38:25.792257
2026-07-31 02:40:18.238981,VIN-427773,3117,105,P0171,⚠️ CRITICAL DEVIATION DETECTED,2026-07-31 02:38:25.795199
2026-07-31 02:40:19.238981,VIN-272971,2806,95,P0300,⚠️ CRITICAL DEVIATION DETECTED,2026-07-31 02:38:25.803194
2026-07-31 02:40:21.238981,VIN-437412,2505,101,P0300,⚠️ CRITICAL DEVIATION DETECTED,2026-07-31 02:38:25.807880
2026-07-31 02:40:24.238981,VIN-027821,2086,86,P0171,⚠️ CRITICAL DEVIATION DETECTED,2026-07-31 02:38:25.811815
2026-07-31 02:40:27.238981,VIN-197705,1900,104,P0171,⚠️ CRITICAL DEVIATION DETECTED,2026-07-31 02:38:25.817334
2026-07-31 02:40:28.238981,VIN-555459,3240,87,P0420,⚠️ CRITICAL DEVIATION DETECTED,2026-07-31 02:38:25.820693
2026-07-31 02:40:29.238981,VIN-021080,2316,88,P0300,⚠️ CRITICAL DEVIATION DETECTED,2026-07-31 02:38:25.824145
2026-07-31 02:40:32.238981,VIN-034347,1559,93,P0300,⚠️ CRITICAL DEVIATION DETECTED,2026-07-31 02:38:25.827750
2026-07-31 02:40:35.238981,VIN-850658,2739,103,P0171,⚠️ CRITICAL DEVIATION DETECTED,2026-07-31 02:38:25.830869
2026-07-31 02:40:36.238981,VIN-847779,2951,99,P0300,⚠️ CRITICAL DEVIATION DETECTED,2026-07-31 02:38:25.834453
2026-07-31 02:40:37.238981,VIN-741187,3106,99,P0171,⚠️ CRITICAL DEVIATION DETECTED,2026-07-31 02:38:25.838084
2026-07-31 02:40:38.238981,VIN-645502,2219,88,P0300,⚠️ CRITICAL DEVIATION DETECTED,2026-07-31 02:38:25.842903
2026-07-31 02:40:41.238981,VIN-250169,3500,86,P0420,⚠️ CRITICAL DEVIATION DETECTED,2026-07-31 02:38:25.846258
2026-07-31 02:40:46.238981,VIN-957432,2699,99,P0171,⚠️ CRITICAL DEVIATION DETECTED,2026-07-31 02:38:25.853476
2026-07-31 02:40:47.238981,VIN-283906,1717,85,P0300,⚠️ CRITICAL DEVIATION DETECTED,2026-07-31 02:38:25.856598
2026-07-31 02:40:53.238981,VIN-978055,2228,91,P0171,⚠️ CRITICAL DEVIATION DETECTED,2026-07-31 02:38:25.859742
2026-07-31 02:40:54.238981,VIN-268626,1886,88,P0171,⚠️ CRITICAL DEVIATION DETECTED,2026-07-31 02:38:25.862483
2026-07-31 02:40:56.238981,VIN-927123,2153,91,P0300,⚠️ CRITICAL DEVIATION DETECTED,2026-07-31 02:38:25.865517
2026-07-31 02:40:58.238981,VIN-056557,3070,91,P0420,⚠️ CRITICAL DEVIATION DETECTED,2026-07-31 02:38:25.869028
2026-07-31 02:40:59.238981,VIN-830298,1755,94,P0420,⚠️ CRITICAL DEVIATION DETECTED,2026-07-31 02:38:25.874600
2026-07-31 02:41:02.238981,VIN-868594,1590,100,P0420,⚠️ CRITICAL DEVIATION DETECTED,2026-07-31 02:38:25.878889
2026-07-31 02:41:03.238981,VIN-520166,1938,105,P0420,⚠️ CRITICAL DEVIATION DETECTED,2026-07-31 02:38:25.888804
2026-07-31 02:41:07.238981,VIN-063734,3086,96,P0300,⚠️ CRITICAL DEVIATION DETECTED,2026-07-31 02:38:25.892702
2026-07-31 02:41:08.238981,VIN-525017,2746,88,P0420,⚠️ CRITICAL DEVIATION DETECTED,2026-07-31 02:38:25.896165
2026-07-31 02:41:09.238981,VIN-984985,2092,101,P0171,⚠️ CRITICAL DEVIATION DETECTED,2026-07-31 02:38:25.909892
2026-07-31 02:41:10.238981,VIN-469702,2262,85,P0420,⚠️ CRITICAL DEVIATION DETECTED,2026-07-31 02:38:25.925711
2026-07-31 02:41:12.238981,VIN-066943,2644,90,P0420,⚠️ CRITICAL DEVIATION DETECTED,2026-07-31 02:38:25.941298
2026-07-31 02:41:15.238981,VIN-282625,2979,85,P0300,⚠️ CRITICAL DEVIATION DETECTED,2026-07-31 02:38:25.946740
2026-07-31 02:41:17.238981,VIN-474397,1732,89,P0300,⚠️ CRITICAL DEVIATION DETECTED,2026-07-31 02:38:25.950283
2026-07-31 02:41:21.238981,VIN-188357,2471,99,P0300,⚠️ CRITICAL DEVIATION DETECTED,2026-07-31 02:38:25.955401
2026-07-31 02:41:22.238981,VIN-076949,2277,105,P0420,⚠️ CRITICAL DEVIATION DETECTED,2026-07-31 02:38:25.960218
2026-07-31 02:41:23.238981,VIN-341751,2993,90,P0171,⚠️ CRITICAL DEVIATION DETECTED,2026-07-31 02:38:25.963150
2026-07-31 02:41:24.238981,VIN-113279,2794,89,P0420,⚠️ CRITICAL DEVIATION DETECTED,2026-07-31 02:38:25.967858
2026-07-31 02:41:26.238981,VIN-315099,2021,102,P0300,⚠️ CRITICAL DEVIATION DETECTED,2026-07-31 02:38:25.971531
2026-07-31 02:41:27.238981,VIN-529133,3000,92,P0420,⚠️ CRITICAL DEVIATION DETECTED,2026-07-31 02:38:25.974947
2026-07-31 02:41:31.238981,VIN-999098,2159,95,P0420,⚠️ CRITICAL DEVIATION DETECTED,2026-07-31 02:38:25.977987
2026-07-31 02:41:34.238981,VIN-349143,1903,86,P0171,⚠️ CRITICAL DEVIATION DETECTED,2026-07-31 02:38:25.983535
2026-07-31 02:41:38.238981,VIN-549123,2213,93,P0171,⚠️ CRITICAL DEVIATION DETECTED,2026-07-31 02:38:25.993420
2026-07-31 02:41:39.238981,VIN-354237,2764,90,P0171,⚠️ CRITICAL DEVIATION DETECTED,2026-07-31 02:38:26.001406
2026-07-31 02:41:42.238981,VIN-435723,3025,103,P0300,⚠️ CRITICAL DEVIATION DETECTED,2026-07-31 02:38:26.011870
2026-07-31 02:41:43.238981,VIN-260546,1510,87,P0171,⚠️ CRITICAL DEVIATION DETECTED,2026-07-31 02:38:26.018965
2026-07-31 02:41:44.238981,VIN-416769,1774,105,P0420,⚠️ CRITICAL DEVIATION DETECTED,2026-07-31 02:38:26.061671
2026-07-31 02:41:46.238981,VIN-440630,3158,86,P0420,⚠️ CRITICAL DEVIATION DETECTED,2026-07-31 02:38:26.091550
2026-07-31 02:41:47.238981,VIN-825932,1701,91,P0420,⚠️ CRITICAL DEVIATION DETECTED,2026-07-31 02:38:26.095706
2026-07-31 02:41:49.238981,VIN-596735,2633,102,P0171,⚠️ CRITICAL DEVIATION DETECTED,2026-07-31 02:38:26.099209
2026-07-31 02:41:50.238981,VIN-626497,2962,94,P0171,⚠️ CRITICAL DEVIATION DETECTED,2026-07-31 02:38:26.104338
2026-07-31 02:41:51.238981,VIN-155666,3400,90,P0420,⚠️ CRITICAL DEVIATION DETECTED,2026-07-31 02:38:26.111135
2026-07-31 02:41:52.238981,VIN-585767,1624,87,P0300,⚠️ CRITICAL DEVIATION DETECTED,2026-07-31 02:38:26.116446
2026-07-31 02:41:56.238981,VIN-943892,2741,98,P0420,⚠️ CRITICAL DEVIATION DETECTED,2026-07-31 02:38:26.122763
2026-07-31 02:41:57.238981,VIN-462272,2162,101,P0300,⚠️ CRITICAL DEVIATION DETECTED,2026-07-31 02:38:26.127540
2026-07-31 02:41:58.238981,VIN-398495,3446,86,P0171,⚠️ CRITICAL DEVIATION DETECTED,2026-07-31 02:38:26.131268
2026-07-31 02:41:59.238981,VIN-888498,3123,93,P0420,⚠️ CRITICAL DEVIATION DETECTED,2026-07-31 02:38:26.141154
2026-07-31 02:42:00.238981,VIN-093228,3153,91,P0171,⚠️ CRITICAL DEVIATION DETECTED,2026-07-31 02:38:26.145953
2026-07-31 02:42:02.238981,VIN-057042,2596,90,P0171,⚠️ CRITICAL DEVIATION DETECTED,2026-07-31 02:38:26.151175
2026-07-31 02:42:03.238981,VIN-430317,1704,86,P0300,⚠️ CRITICAL DEVIATION DETECTED,2026-07-31 02:38:26.168144
2026-07-31 02:42:07.238981,VIN-836475,2109,97,P0420,⚠️ CRITICAL DEVIATION DETECTED,2026-07-31 02:38:26.182075
2026-07-31 02:42:08.238981,VIN-472733,1699,88,P0300,⚠️ CRITICAL DEVIATION DETECTED,2026-07-31 02:38:26.195398
2026-07-31 02:42:10.238981,VIN-040185,2190,90,P0300,⚠️ CRITICAL DEVIATION DETECTED,2026-07-31 02:38:26.211469
2026-07-31 02:42:13.238981,VIN-535523,3320,87,P0171,⚠️ CRITICAL DEVIATION DETECTED,2026-07-31 02:38:26.225160
2026-07-31 02:42:22.238981,VIN-945527,2262,94,P0420,⚠️ CRITICAL DEVIATION DETECTED,2026-07-31 02:38:26.230438
2026-07-31 02:42:24.238981,VIN-861137,2067,101,P0171,⚠️ CRITICAL DEVIATION DETECTED,2026-07-31 02:38:26.236313
2026-07-31 02:42:25.238981,VIN-186749,1617,103,P0300,⚠️ CRITICAL DEVIATION DETECTED,2026-07-31 02:38:26.241724
2026-07-31 02:42:26.238981,VIN-742748,2557,90,P0420,⚠️ CRITICAL DEVIATION DETECTED,2026-07-31 02:38:26.246156
2026-07-31 02:42:28.238981,VIN-121965,2099,101,P0300,⚠️ CRITICAL DEVIATION DETECTED,2026-07-31 02:38:26.258850
2026-07-31 02:42:37.238981,VIN-873270,2903,103,P0300,⚠️ CRITICAL DEVIATION DETECTED,2026-07-31 02:38:26.272158
2026-07-31 02:42:38.238981,VIN-002309,2001,102,P0420,⚠️ CRITICAL DEVIATION DETECTED,2026-07-31 02:38:26.296700
2026-07-31 02:42:39.238981,VIN-035217,1691,95,P0300,⚠️ CRITICAL DEVIATION DETECTED,2026-07-31 02:38:26.306357
2026-07-31 02:42:43.238981,VIN-941362,3384,85,P0420,⚠️ CRITICAL DEVIATION DETECTED,2026-07-31 02:38:26.313993
2026-07-31 02:42:44.238981,VIN-866463,1541,100,P0300,⚠️ CRITICAL DEVIATION DETECTED,2026-07-31 02:38:26.321558
2026-07-31 02:42:45.238981,VIN-390911,1791,100,P0420,⚠️ CRITICAL DEVIATION DETECTED,2026-07-31 02:38:26.328572
2026-07-31 02:42:46.238981,VIN-108287,2023,93,P0420,⚠️ CRITICAL DEVIATION DETECTED,2026-07-31 02:38:26.340703
2026-07-31 02:42:56.238981,VIN-208906,3444,94,P0171,⚠️ CRITICAL DEVIATION DETECTED,2026-07-31 02:38:26.348230
2026-07-31 02:42:59.238981,VIN-091180,2176,86,P0300,⚠️ CRITICAL DEVIATION DETECTED,2026-07-31 02:38:26.358053
2026-07-31 02:43:02.238981,VIN-410154,1873,102,P0300,⚠️ CRITICAL DEVIATION DETECTED,2026-07-31 02:38:26.361599
2026-07-31 02:43:04.238981,VIN-788930,2079,94,P0420,⚠️ CRITICAL DEVIATION DETECTED,2026-07-31 02:38:26.365251
2026-07-31 02:43:07.238981,VIN-072915,2951,99,P0171,⚠️ CRITICAL DEVIATION DETECTED,2026-07-31 02:38:26.375910
2026-07-31 02:43:08.238981,VIN-827721,1849,98,P0171,⚠️ CRITICAL DEVIATION DETECTED,2026-07-31 02:38:26.380640
2026-07-31 02:43:10.238981,VIN-517025,2942,103,P0420,⚠️ CRITICAL DEVIATION DETECTED,2026-07-31 02:38:26.384377
2026-07-31 02:43:11.238981,VIN-101777,1604,98,P0420,⚠️ CRITICAL DEVIATION DETECTED,2026-07-31 02:38:26.390949
2026-07-31 02:43:13.238981,VIN-298278,3096,100,P0300,⚠️ CRITICAL DEVIATION DETECTED,2026-07-31 02:38:26.402471
2026-07-31 02:43:17.238981,VIN-193153,1981,101,P0300,⚠️ CRITICAL DEVIATION DETECTED,2026-07-31 02:38:26.411621
2026-07-31 02:43:18.238981,VIN-189577,2226,105,P0420,⚠️ CRITICAL DEVIATION DETECTED,2026-07-31 02:38:26.414886
2026-07-31 02:43:19.238981,VIN-213531,0,100,P0420,⚠️ CRITICAL DEVIATION DETECTED,2026-07-31 02:38:26.421418
2026-07-31 02:43:21.238981,VIN-743842,2433,101,P0171,⚠️ CRITICAL DEVIATION DETECTED,2026-07-31 02:38:26.424488
2026-07-31 02:43:22.238981,VIN-827973,2767,104,P0300,⚠️ CRITICAL DEVIATION DETECTED,2026-07-31 02:38:26.428802
2026-07-31 02:43:23.238981,VIN-026578,2894,85,P0171,⚠️ CRITICAL DEVIATION DETECTED,2026-07-31 02:38:26.431855
2026-07-31 02:43:25.238981,VIN-416402,1868,100,P0420,⚠️ CRITICAL DEVIATION DETECTED,2026-07-31 02:38:26.438393
2026-07-31 02:43:26.238981,VIN-484111,2479,97,P0420,⚠️ CRITICAL DEVIATION DETECTED,2026-07-31 02:38:26.442788
2026-07-31 02:43:30.238981,VIN-382790,3453,89,P0420,⚠️ CRITICAL DEVIATION DETECTED,2026-07-31 02:38:26.445949
2026-07-31 02:43:32.238981,VIN-952736,2428,94,P0300,⚠️ CRITICAL DEVIATION DETECTED,2026-07-31 02:38:26.451453
2026-07-31 02:43:36.238981,VIN-297409,1511,87,P0171,⚠️ CRITICAL DEVIATION DETECTED,2026-07-31 02:38:26.455037
2026-07-31 02:43:37.238981,VIN-080749,2135,101,P0300,⚠️ CRITICAL DEVIATION DETECTED,2026-07-31 02:38:26.457691
2026-07-31 02:43:38.238981,VIN-780695,1578,105,P0420,⚠️ CRITICAL DEVIATION DETECTED,2026-07-31 02:38:26.460619
2026-07-31 02:43:39.238981,VIN-043430,3195,85,P0171,⚠️ CRITICAL DEVIATION DETECTED,2026-07-31 02:38:26.463285
2026-07-31 02:43:40.238981,VIN-966832,2875,87,P0420,⚠️ CRITICAL DEVIATION DETECTED,2026-07-31 02:38:26.472337
2026-07-31 02:43:42.238981,VIN-240424,2099,104,P0420,⚠️ CRITICAL DEVIATION DETECTED,2026-07-31 02:38:26.479678
2026-07-31 02:43:44.238981,VIN-321742,3218,105,P0300,⚠️ CRITICAL DEVIATION DETECTED,2026-07-31 02:38:26.482974
2026-07-31 02:43:45.238981,VIN-551094,2101,100,P0420,⚠️ CRITICAL DEVIATION DETECTED,2026-07-31 02:38:26.488628
2026-07-31 02:43:47.238981,VIN-083543,1613,104,P0171,⚠️ CRITICAL DEVIATION DETECTED,2026-07-31 02:38:26.493284
2026-07-31 02:43:53.238981,VIN-804335,0,86,P0300,⚠️ CRITICAL DEVIATION DETECTED,2026-07-31 02:38:26.497123
2026-07-31 02:43:55.238981,VIN-844434,1813,101,P0300,⚠️ CRITICAL DEVIATION DETECTED,2026-07-31 02:38:26.509767
2026-07-31 02:44:00.238981,VIN-767322,3396,90,P0300,⚠️ CRITICAL DEVIATION DETECTED,2026-07-31 02:38:26.519148
2026-07-31 02:44:04.238981,VIN-383637,2107,95,P0420,⚠️ CRITICAL DEVIATION DETECTED,2026-07-31 02:38:26.524025
2026-07-31 02:44:05.238981,VIN-461722,2630,103,P0420,⚠️ CRITICAL DEVIATION DETECTED,2026-07-31 02:38:26.531280
2026-07-31 02:44:06.238981,VIN-425581,1937,90,P0300,⚠️ CRITICAL DEVIATION DETECTED,2026-07-31 02:38:26.538187
2026-07-31 02:44:08.238981,VIN-610832,2325,89,P0420,⚠️ CRITICAL DEVIATION DETECTED,2026-07-31 02:38:26.543599
2026-07-31 02:44:13.238981,VIN-364947,2964,91,P0420,⚠️ CRITICAL DEVIATION DETECTED,2026-07-31 02:38:26.548267
2026-07-31 02:44:15.238981,VIN-003619,2824,90,P0171,⚠️ CRITICAL DEVIATION DETECTED,2026-07-31 02:38:26.556960
2026-07-31 02:44:16.238981,VIN-888263,3163,101,P0420,⚠️ CRITICAL DEVIATION DETECTED,2026-07-31 02:38:26.561774
2026-07-31 02:44:17.238981,VIN-366107,2846,87,P0171,⚠️ CRITICAL DEVIATION DETECTED,2026-07-31 02:38:26.564907
2026-07-31 02:44:18.238981,VIN-809341,1723,95,P0171,⚠️ CRITICAL DEVIATION DETECTED,2026-07-31 02:38:26.574960
2026-07-31 02:44:20.238981,VIN-671907,3368,88,P0300,⚠️ CRITICAL DEVIATION DETECTED,2026-07-31 02:38:26.578624
2026-07-31 02:44:23.238981,VIN-582337,2782,103,P0420,⚠️ CRITICAL DEVIATION DETECTED,2026-07-31 02:38:26.582053
2026-07-31 02:44:25.238981,VIN-941069,2407,91,P0171,⚠️ CRITICAL DEVIATION DETECTED,2026-07-31 02:38:26.589040
2026-07-31 02:44:27.238981,VIN-543284,2721,103,P0300,⚠️ CRITICAL DEVIATION DETECTED,2026-07-31 02:38:26.594872
2026-07-31 02:44:29.238981,VIN-852955,2595,87,P0420,⚠️ CRITICAL DEVIATION DETECTED,2026-07-31 02:38:26.599208
2026-07-31 02:44:30.238981,VIN-785362,2275,100,P0420,⚠️ CRITICAL DEVIATION DETECTED,2026-07-31 02:38:26.614248
2026-07-31 02:44:32.238981,VIN-886081,3131,91,P0171,⚠️ CRITICAL DEVIATION DETECTED,2026-07-31 02:38:26.623217
2026-07-31 02:44:35.238981,VIN-790335,2620,103,P0171,⚠️ CRITICAL DEVIATION DETECTED,2026-07-31 02:38:26.627334
2026-07-31 02:44:37.238981,VIN-129584,2023,99,P0300,⚠️ CRITICAL DEVIATION DETECTED,2026-07-31 02:38:26.631789
2026-07-31 02:44:45.238981,VIN-545472,1588,94,P0171,⚠️ CRITICAL DEVIATION DETECTED,2026-07-31 02:38:26.641119
2026-07-31 02:44:49.238981,VIN-241997,1518,89,P0171,⚠️ CRITICAL DEVIATION DETECTED,2026-07-31 02:38:26.684836
2026-07-31 02:44:51.238981,VIN-356915,1618,85,P0420,⚠️ CRITICAL DEVIATION DETECTED,2026-07-31 02:38:26.706982
2026-07-31 02:44:53.238981,VIN-156840,2272,90,P0300,⚠️ CRITICAL DEVIATION DETECTED,2026-07-31 02:38:26.710977
2026-07-31 02:44:54.238981,VIN-632853,3059,95,P0420,⚠️ CRITICAL DEVIATION DETECTED,2026-07-31 02:38:26.715611
2026-07-31 02:44:56.238981,VIN-619210,2016,93,P0300,⚠️ CRITICAL DEVIATION DETECTED,2026-07-31 02:38:26.720386
2026-07-31 02:44:59.238981,VIN-092255,1608,85,P0171,⚠️ CRITICAL DEVIATION DETECTED,2026-07-31 02:38:26.726262
2026-07-31 02:45:03.238981,VIN-236355,1857,94,P0171,⚠️ CRITICAL DEVIATION DETECTED,2026-07-31 02:38:26.730286
2026-07-31 02:45:05.238981,VIN-529699,3341,97,P0300,⚠️ CRITICAL DEVIATION DETECTED,2026-07-31 02:38:26.735808
2026-07-31 02:45:06.238981,VIN-722645,1591,94,P0171,⚠️ CRITICAL DEVIATION DETECTED,2026-07-31 02:38:26.743129
2026-07-31 02:45:07.238981,VIN-015202,2515,90,P0171,⚠️ CRITICAL DEVIATION DETECTED,2026-07-31 02:38:26.749983
2026-07-31 02:45:08.238981,VIN-123258,2148,96,P0300,⚠️ CRITICAL DEVIATION DETECTED,2026-07-31 02:38:26.754750
2026-07-31 02:45:09.238981,VIN-597706,2283,103,P0420,⚠️ CRITICAL DEVIATION DETECTED,2026-07-31 02:38:26.759008
2026-07-31 02:45:10.238981,VIN-636585,1626,97,P0420,⚠️ CRITICAL DEVIATION DETECTED,2026-07-31 02:38:26.763320
2026-07-31 02:45:13.238981,VIN-009483,2781,93,P0300,⚠️ CRITICAL DEVIATION DETECTED,2026-07-31 02:38:26.772515
2026-07-31 02:45:15.238981,VIN-979124,2188,93,P0300,⚠️ CRITICAL DEVIATION DETECTED,2026-07-31 02:38:26.787366
2026-07-31 02:45:16.238981,VIN-840805,2774,96,P0171,⚠️ CRITICAL DEVIATION DETECTED,2026-07-31 02:38:26.793016
2026-07-31 02:45:17.238981,VIN-446436,2478,100,P0300,⚠️ CRITICAL DEVIATION DETECTED,2026-07-31 02:38:26.805069
2026-07-31 02:45:22.238981,VIN-654601,2542,101,P0171,⚠️ CRITICAL DEVIATION DETECTED,2026-07-31 02:38:26.812625
2026-07-31 02:45:25.238981,VIN-973137,2862,93,P0171,⚠️ CRITICAL DEVIATION DETECTED,2026-07-31 02:38:26.820802
2026-07-31 02:45:30.238981,VIN-417579,2565,94,P0300,⚠️ CRITICAL DEVIATION DETECTED,2026-07-31 02:38:26.824268
2026-07-31 02:45:31.238981,VIN-906477,0,103,P0171,⚠️ CRITICAL DEVIATION DETECTED,2026-07-31 02:38:26.828939
2026-07-31 02:45:32.238981,VIN-432979,2126,102,P0300,⚠️ CRITICAL DEVIATION DETECTED,2026-07-31 02:38:26.832329
2026-07-31 02:45:37.238981,VIN-021696,3142,104,P0300,⚠️ CRITICAL DEVIATION DETECTED,2026-07-31 02:38:26.840341
2026-07-31 02:45:39.238981,VIN-248004,2611,85,P0420,⚠️ CRITICAL DEVIATION DETECTED,2026-07-31 02:38:26.844846
2026-07-31 02:45:41.238981,VIN-604033,1663,99,P0420,⚠️ CRITICAL DEVIATION DETECTED,2026-07-31 02:38:26.851743
2026-07-31 02:45:43.238981,VIN-843782,3463,99,P0420,⚠️ CRITICAL DEVIATION DETECTED,2026-07-31 02:38:26.855841
2026-07-31 02:45:47.238981,VIN-732713,2685,102,P0171,⚠️ CRITICAL DEVIATION DETECTED,2026-07-31 02:38:26.860246
2026-07-31 02:45:48.238981,VIN-165037,2207,97,P0171,⚠️ CRITICAL DEVIATION DETECTED,2026-07-31 02:38:26.863840
2026-07-31 02:45:50.238981,VIN-609570,3265,94,P0300,⚠️ CRITICAL DEVIATION DETECTED,2026-07-31 02:38:26.871700
2026-07-31 02:45:51.238981,VIN-304766,1982,101,P0300,⚠️ CRITICAL DEVIATION DETECTED,2026-07-31 02:38:26.882205
2026-07-31 02:45:52.238981,VIN-873502,3215,88,P0420,⚠️ CRITICAL DEVIATION DETECTED,2026-07-31 02:38:26.885533
2026-07-31 02:45:53.238981,VIN-543459,1534,86,P0171,⚠️ CRITICAL DEVIATION DETECTED,2026-07-31 02:38:26.890789
2026-07-31 02:45:54.238981,VIN-790035,3083,95,P0420,⚠️ CRITICAL DEVIATION DETECTED,2026-07-31 02:38:26.894273
2026-07-31 02:45:57.238981,VIN-088980,1889,86,P0300,⚠️ CRITICAL DEVIATION DETECTED,2026-07-31 02:38:26.898109
2026-07-31 02:45:59.238981,VIN-815802,2836,89,P0300,⚠️ CRITICAL DEVIATION DETECTED,2026-07-31 02:38:26.915826
2026-07-31 02:46:00.238981,VIN-596363,3133,105,P0300,⚠️ CRITICAL DEVIATION DETECTED,2026-07-31 02:38:26.920070
2026-07-31 02:46:02.238981,VIN-522454,1705,88,P0300,⚠️ CRITICAL DEVIATION DETECTED,2026-07-31 02:38:26.923967
2026-07-31 02:46:04.238981,VIN-151058,2239,85,P0420,⚠️ CRITICAL DEVIATION DETECTED,2026-07-31 02:38:26.928050
2026-07-31 02:46:05.238981,VIN-912513,2131,102,P0171,⚠️ CRITICAL DEVIATION DETECTED,2026-07-31 02:38:26.931946
2026-07-31 02:46:06.238981,VIN-386787,2340,105,P0420,⚠️ CRITICAL DEVIATION DETECTED,2026-07-31 02:38:26.937674
2026-07-31 02:46:07.238981,VIN-065355,2378,85,P0300,⚠️ CRITICAL DEVIATION DETECTED,2026-07-31 02:38:26.950293
2026-07-31 02:46:08.238981,VIN-823462,2459,88,P0420,⚠️ CRITICAL DEVIATION DETECTED,2026-07-31 02:38:26.955016
2026-07-31 02:46:09.238981,VIN-795252,2705,102,P0171,⚠️ CRITICAL DEVIATION DETECTED,2026-07-31 02:38:26.958310
2026-07-31 02:46:10.238981,VIN-656465,2385,105,P0300,⚠️ CRITICAL DEVIATION DETECTED,2026-07-31 02:38:26.961362
2026-07-31 02:46:11.238981,VIN-639540,2526,96,P0300,⚠️ CRITICAL DEVIATION DETECTED,2026-07-31 02:38:26.966238
2026-07-31 02:46:12.238981,VIN-030266,2475,100,P0300,⚠️ CRITICAL DEVIATION DETECTED,2026-07-31 02:38:26.975221
2026-07-31 02:46:14.238981,VIN-505761,2861,100,P0300,⚠️ CRITICAL DEVIATION DETECTED,2026-07-31 02:38:26.980347
2026-07-31 02:46:16.238981,VIN-765417,2257,93,P0420,⚠️ CRITICAL DEVIATION DETECTED,2026-07-31 02:38:26.993602
2026-07-31 02:46:17.238981,VIN-606639,2122,99,P0300,⚠️ CRITICAL DEVIATION DETECTED,2026-07-31 02:38:26.997212
2026-07-31 02:46:18.238981,VIN-681086,3054,87,P0420,⚠️ CRITICAL DEVIATION DETECTED,2026-07-31 02:38:27.000776
2026-07-31 02:46:19.238981,VIN-495789,2150,85,P0420,⚠️ CRITICAL DEVIATION DETECTED,2026-07-31 02:38:27.006052
2026-07-31 02:46:20.238981,VIN-445247,2337,103,P0300,⚠️ CRITICAL DEVIATION DETECTED,2026-07-31 02:38:27.016194
2026-07-31 02:46:24.238981,VIN-351447,3300,101,P0171,⚠️ CRITICAL DEVIATION DETECTED,2026-07-31 02:38:27.019540
2026-07-31 02:46:25.238981,VIN-219789,3252,86,P0300,⚠️ CRITICAL DEVIATION DETECTED,2026-07-31 02:38:27.024757
2026-07-31 02:46:27.238981,VIN-953585,3055,96,P0171,⚠️ CRITICAL DEVIATION DETECTED,2026-07-31 02:38:27.029667
2026-07-31 02:46:29.238981,VIN-659743,2910,93,P0420,⚠️ CRITICAL DEVIATION DETECTED,2026-07-31 02:38:27.033143
2026-07-31 02:46:32.238981,VIN-015932,3247,91,P0420,⚠️ CRITICAL DEVIATION DETECTED,2026-07-31 02:38:27.049114
2026-07-31 02:46:33.238981,VIN-023922,3161,85,P0171,⚠️ CRITICAL DEVIATION DETECTED,2026-07-31 02:38:27.062042
2026-07-31 02:46:35.238981,VIN-103273,1709,100,P0420,⚠️ CRITICAL DEVIATION DETECTED,2026-07-31 02:38:27.071145
2026-07-31 02:46:37.238981,VIN-291875,2976,97,P0420,⚠️ CRITICAL DEVIATION DETECTED,2026-07-31 02:38:27.085095
2026-07-31 02:46:40.238981,VIN-650049,2227,89,P0171,⚠️ CRITICAL DEVIATION DETECTED,2026-07-31 02:38:27.088730
2026-07-31 02:46:43.238981,VIN-587341,3309,103,P0171,⚠️ CRITICAL DEVIATION DETECTED,2026-07-31 02:38:27.093966
2026-07-31 02:46:47.238981,VIN-467047,2781,94,P0171,⚠️ CRITICAL DEVIATION DETECTED,2026-07-31 02:38:27.112942
2026-07-31 02:46:49.238981,VIN-608264,2987,85,P0171,⚠️ CRITICAL DEVIATION DETECTED,2026-07-31 02:38:27.119136
2026-07-31 02:46:50.238981,VIN-259441,2095,100,P0171,⚠️ CRITICAL DEVIATION DETECTED,2026-07-31 02:38:27.124494
2026-07-31 02:46:52.238981,VIN-557890,1665,97,P0171,⚠️ CRITICAL DEVIATION DETECTED,2026-07-31 02:38:27.131151
2026-07-31 02:46:54.238981,VIN-052557,2178,94,P0420,⚠️ CRITICAL DEVIATION DETECTED,2026-07-31 02:38:27.138953
2026-07-31 02:46:55.238981,VIN-702775,2146,98,P0300,⚠️ CRITICAL DEVIATION DETECTED,2026-07-31 02:38:27.149619
2026-07-31 02:47:03.238981,VIN-818666,2437,103,P0300,⚠️ CRITICAL DEVIATION DETECTED,2026-07-31 02:38:27.154181
2026-07-31 02:47:05.238981,VIN-624638,0,105,P0420,⚠️ CRITICAL DEVIATION DETECTED,2026-07-31 02:38:27.159045
2026-07-31 02:47:07.238981,VIN-202353,2589,96,P0300,⚠️ CRITICAL DEVIATION DETECTED,2026-07-31 02:38:27.162772
2026-07-31 02:47:08.238981,VIN-146161,1934,98,P0300,⚠️ CRITICAL DEVIATION DETECTED,2026-07-31 02:38:27.166927
2026-07-31 02:47:13.238981,VIN-071082,2731,91,P0300,⚠️ CRITICAL DEVIATION DETECTED,2026-07-31 02:38:27.184322
2026-07-31 02:47:14.238981,VIN-093752,3101,88,P0171,⚠️ CRITICAL DEVIATION DETECTED,2026-07-31 02:38:27.188703
2026-07-31 02:47:18.238981,VIN-071060,2738,97,P0300,⚠️ CRITICAL DEVIATION DETECTED,2026-07-31 02:38:27.192750
2026-07-31 02:47:22.238981,VIN-662792,1609,94,P0171,⚠️ CRITICAL DEVIATION DETECTED,2026-07-31 02:38:27.197367
2026-07-31 02:47:24.238981,VIN-746121,0,98,P0171,⚠️ CRITICAL DEVIATION DETECTED,2026-07-31 02:38:27.210090
2026-07-31 02:47:27.238981,VIN-494880,2085,92,P0300,⚠️ CRITICAL DEVIATION DETECTED,2026-07-31 02:38:27.223106
2026-07-31 02:47:29.238981,VIN-918288,2781,105,P0420,⚠️ CRITICAL DEVIATION DETECTED,2026-07-31 02:38:27.227295
2026-07-31 02:47:40.238981,VIN-032414,1592,89,P0171,⚠️ CRITICAL DEVIATION DETECTED,2026-07-31 02:38:27.231680
2026-07-31 02:47:43.238981,VIN-165820,2597,105,P0420,⚠️ CRITICAL DEVIATION DETECTED,2026-07-31 02:38:27.247699
2026-07-31 02:47:44.238981,VIN-164127,2041,89,P0171,⚠️ CRITICAL DEVIATION DETECTED,2026-07-31 02:38:27.256023
2026-07-31 02:47:45.238981,VIN-668239,2406,98,P0420,⚠️ CRITICAL DEVIATION DETECTED,2026-07-31 02:38:27.263055
2026-07-31 02:47:50.238981,VIN-353760,2698,96,P0420,⚠️ CRITICAL DEVIATION DETECTED,2026-07-31 02:38:27.278273
2026-07-31 02:47:51.238981,VIN-638220,3112,87,P0171,⚠️ CRITICAL DEVIATION DETECTED,2026-07-31 02:38:27.285841
2026-07-31 02:47:56.238981,VIN-694385,3043,89,P0420,⚠️ CRITICAL DEVIATION DETECTED,2026-07-31 02:38:27.293095
2026-07-31 02:47:59.238981,VIN-892904,1531,97,P0300,⚠️ CRITICAL DEVIATION DETECTED,2026-07-31 02:38:27.300255
2026-07-31 02:48:00.238981,VIN-096271,1763,101,P0171,⚠️ CRITICAL DEVIATION DETECTED,2026-07-31 02:38:27.308295
2026-07-31 02:48:04.238981,VIN-395984,3208,93,P0420,⚠️ CRITICAL DEVIATION DETECTED,2026-07-31 02:38:27.316687
2026-07-31 02:48:05.238981,VIN-812993,1941,104,P0171,⚠️ CRITICAL DEVIATION DETECTED,2026-07-31 02:38:27.321031
2026-07-31 02:48:08.238981,VIN-936932,2139,91,P0420,⚠️ CRITICAL DEVIATION DETECTED,2026-07-31 02:38:27.328378
2026-07-31 02:48:12.238981,VIN-601107,3222,105,P0300,⚠️ CRITICAL DEVIATION DETECTED,2026-07-31 02:38:27.333487
2026-07-31 02:48:14.238981,VIN-695917,1911,92,P0171,⚠️ CRITICAL DEVIATION DETECTED,2026-07-31 02:38:27.353785
2026-07-31 02:48:16.238981,VIN-345869,2779,100,P0300,⚠️ CRITICAL DEVIATION DETECTED,2026-07-31 02:38:27.359424
2026-07-31 02:48:17.238981,VIN-390638,3374,103,P0420,⚠️ CRITICAL DEVIATION DETECTED,2026-07-31 02:38:27.367126
2026-07-31 02:48:22.238981,VIN-909028,2582,101,P0420,⚠️ CRITICAL DEVIATION DETECTED,2026-07-31 02:38:27.378149
2026-07-31 02:48:23.238981,VIN-746232,3021,86,P0171,⚠️ CRITICAL DEVIATION DETECTED,2026-07-31 02:38:27.382999
2026-07-31 02:48:24.238981,VIN-559202,3478,93,P0171,⚠️ CRITICAL DEVIATION DETECTED,2026-07-31 02:38:27.387578
2026-07-31 02:48:25.238981,VIN-695683,3371,97,P0300,⚠️ CRITICAL DEVIATION DETECTED,2026-07-31 02:38:27.395239
2026-07-31 02:48:26.238981,VIN-781683,1606,88,P0420,⚠️ CRITICAL DEVIATION DETECTED,2026-07-31 02:38:27.417910
2026-07-31 02:48:38.238981,VIN-170062,2811,91,P0171,⚠️ CRITICAL DEVIATION DETECTED,2026-07-31 02:38:27.422866
2026-07-31 02:48:39.238981,VIN-649613,3349,105,P0300,⚠️ CRITICAL DEVIATION DETECTED,2026-07-31 02:38:27.427389
2026-07-31 02:48:40.238981,VIN-518762,1886,89,P0420,⚠️ CRITICAL DEVIATION DETECTED,2026-07-31 02:38:27.433247
2026-07-31 02:48:44.238981,VIN-426165,1563,97,P0300,⚠️ CRITICAL DEVIATION DETECTED,2026-07-31 02:38:27.439199
2026-07-31 02:48:46.238981,VIN-943007,1779,100,P0300,⚠️ CRITICAL DEVIATION DETECTED,2026-07-31 02:38:27.448642
2026-07-31 02:48:49.238981,VIN-570628,2777,98,P0420,⚠️ CRITICAL DEVIATION DETECTED,2026-07-31 02:38:27.452653
2026-07-31 02:48:50.238981,VIN-757849,1983,99,P0420,⚠️ CRITICAL DEVIATION DETECTED,2026-07-31 02:38:27.457378
2026-07-31 02:48:51.238981,VIN-263029,3328,91,P0300,⚠️ CRITICAL DEVIATION DETECTED,2026-07-31 02:38:27.461012
2026-07-31 02:48:54.238981,VIN-845529,0,102,P0171,⚠️ CRITICAL DEVIATION DETECTED,2026-07-31 02:38:27.464885
2026-07-31 02:48:56.238981,VIN-968769,3007,104,P0420,⚠️ CRITICAL DEVIATION DETECTED,2026-07-31 02:38:27.469376
2026-07-31 02:48:57.238981,VIN-895412,2838,86,P0300,⚠️ CRITICAL DEVIATION DETECTED,2026-07-31 02:38:27.474580
2026-07-31 02:49:00.238981,VIN-485961,3175,92,P0300,⚠️ CRITICAL DEVIATION DETECTED,2026-07-31 02:38:27.479281
2026-07-31 02:49:02.238981,VIN-504297,3333,103,P0420,⚠️ CRITICAL DEVIATION DETECTED,2026-07-31 02:38:27.488524
2026-07-31 02:49:06.238981,VIN-405239,2627,100,P0300,⚠️ CRITICAL DEVIATION DETECTED,2026-07-31 02:38:27.499768
2026-07-31 02:49:12.238981,VIN-989291,2502,90,P0171,⚠️ CRITICAL DEVIATION DETECTED,2026-07-31 02:38:27.508005
2026-07-31 02:49:17.238981,VIN-814614,2695,102,P0171,⚠️ CRITICAL DEVIATION DETECTED,2026-07-31 02:38:27.512916
2026-07-31 02:49:20.238981,VIN-214021,2864,87,P0420,⚠️ CRITICAL DEVIATION DETECTED,2026-07-31 02:38:27.519935
2026-07-31 02:49:22.238981,VIN-261309,3370,93,P0300,⚠️ CRITICAL DEVIATION DETECTED,2026-07-31 02:38:27.524981
2026-07-31 02:49:24.238981,VIN-679444,3143,93,P0420,⚠️ CRITICAL DEVIATION DETECTED,2026-07-31 02:38:27.528990
2026-07-31 02:49:30.238981,VIN-701027,1691,104,P0300,⚠️ CRITICAL DEVIATION DETECTED,2026-07-31 02:38:27.532689
2026-07-31 02:49:32.238981,VIN-891873,1522,100,P0300,⚠️ CRITICAL DEVIATION DETECTED,2026-07-31 02:38:27.536321
2026-07-31 02:49:35.238981,VIN-164950,2965,90,P0171,⚠️ CRITICAL DEVIATION DETECTED,2026-07-31 02:38:27.542049
2026-07-31 02:49:39.238981,VIN-282140,1782,97,P0300,⚠️ CRITICAL DEVIATION DETECTED,2026-07-31 02:38:27.546781
2026-07-31 02:49:40.238981,VIN-321046,1958,94,P0420,⚠️ CRITICAL DEVIATION DETECTED,2026-07-31 02:38:27.550679
2026-07-31 02:49:42.238981,VIN-748197,2186,91,P0300,⚠️ CRITICAL DEVIATION DETECTED,2026-07-31 02:38:27.553954
2026-07-31 02:49:43.238981,VIN-772507,1947,103,P0300,⚠️ CRITICAL DEVIATION DETECTED,2026-07-31 02:38:27.557674
2026-07-31 02:49:44.238981,VIN-364383,1832,95,P0420,⚠️ CRITICAL DEVIATION DETECTED,2026-07-31 02:38:27.561418
2026-07-31 02:49:45.238981,VIN-055627,2934,88,P0300,⚠️ CRITICAL DEVIATION DETECTED,2026-07-31 02:38:27.565352
2026-07-31 02:49:46.238981,VIN-675773,3453,88,P0420,⚠️ CRITICAL DEVIATION DETECTED,2026-07-31 02:38:27.569144
2026-07-31 02:49:48.238981,VIN-049975,3406,87,P0171,⚠️ CRITICAL DEVIATION DETECTED,2026-07-31 02:38:27.574311
2026-07-31 02:49:56.238981,VIN-991160,3175,100,P0420,⚠️ CRITICAL DEVIATION DETECTED,2026-07-31 02:38:27.578986
2026-07-31 02:49:59.238981,VIN-492225,1771,99,P0300,⚠️ CRITICAL DEVIATION DETECTED,2026-07-31 02:38:27.582428
2026-07-31 02:50:01.238981,VIN-264102,2062,97,P0171,⚠️ CRITICAL DEVIATION DETECTED,2026-07-31 02:38:27.586904
2026-07-31 02:50:06.238981,VIN-830959,3186,89,P0171,⚠️ CRITICAL DEVIATION DETECTED,2026-07-31 02:38:27.593521
2026-07-31 02:50:07.238981,VIN-709647,2704,99,P0171,⚠️ CRITICAL DEVIATION DETECTED,2026-07-31 02:38:27.598862
2026-07-31 02:50:13.238981,VIN-747863,2422,92,P0420,⚠️ CRITICAL DEVIATION DETECTED,2026-07-31 02:38:27.603530
2026-07-31 02:50:14.238981,VIN-451681,2444,98,P0171,⚠️ CRITICAL DEVIATION DETECTED,2026-07-31 02:38:27.608855
2026-07-31 02:50:15.238981,VIN-218867,2328,90,P0300,⚠️ CRITICAL DEVIATION DETECTED,2026-07-31 02:38:27.617713
2026-07-31 02:50:16.238981,VIN-312012,2239,85,P0420,⚠️ CRITICAL DEVIATION DETECTED,2026-07-31 02:38:27.621795
2026-07-31 02:50:20.238981,VIN-830955,2286,86,P0171,⚠️ CRITICAL DEVIATION DETECTED,2026-07-31 02:38:27.624900
2026-07-31 02:50:25.238981,VIN-126305,1571,96,P0300,⚠️ CRITICAL DEVIATION DETECTED,2026-07-31 02:38:27.627701
2026-07-31 02:50:26.238981,VIN-287254,2069,90,P0300,⚠️ CRITICAL DEVIATION DETECTED,2026-07-31 02:38:27.630575
2026-07-31 02:50:27.238981,VIN-526800,3397,94,P0300,⚠️ CRITICAL DEVIATION DETECTED,2026-07-31 02:38:27.633005
2026-07-31 02:50:30.238981,VIN-601685,1704,97,P0171,⚠️ CRITICAL DEVIATION DETECTED,2026-07-31 02:38:27.636622
2026-07-31 02:50:31.238981,VIN-607270,3028,102,P0171,⚠️ CRITICAL DEVIATION DETECTED,2026-07-31 02:38:27.642107
2026-07-31 02:50:33.238981,VIN-351721,1763,99,P0420,⚠️ CRITICAL DEVIATION DETECTED,2026-07-31 02:38:27.648979
2026-07-31 02:50:34.238981,VIN-541087,3129,99,P0300,⚠️ CRITICAL DEVIATION DETECTED,2026-07-31 02:38:27.651969
2026-07-31 02:50:35.238981,VIN-209765,2413,90,P0420,⚠️ CRITICAL DEVIATION DETECTED,2026-07-31 02:38:27.654746
2026-07-31 02:50:36.238981,VIN-440460,2537,105,P0300,⚠️ CRITICAL DEVIATION DETECTED,2026-07-31 02:38:27.667096
2026-07-31 02:50:37.238981,VIN-252765,2029,86,P0171,⚠️ CRITICAL DEVIATION DETECTED,2026-07-31 02:38:27.671020
2026-07-31 02:50:38.238981,VIN-342980,1890,91,P0171,⚠️ CRITICAL DEVIATION DETECTED,2026-07-31 02:38:27.675872
2026-07-31 02:50:39.238981,VIN-135809,0,85,P0300,⚠️ CRITICAL DEVIATION DETECTED,2026-07-31 02:38:27.679161
2026-07-31 02:50:41.238981,VIN-348643,2638,92,P0171,⚠️ CRITICAL DEVIATION DETECTED,2026-07-31 02:38:27.683723
2026-07-31 02:50:42.238981,VIN-875241,1833,85,P0171,⚠️ CRITICAL DEVIATION DETECTED,2026-07-31 02:38:27.687406
2026-07-31 02:50:47.238981,VIN-961071,1971,90,P0171,⚠️ CRITICAL DEVIATION DETECTED,2026-07-31 02:38:27.690651
2026-07-31 02:50:48.238981,VIN-237021,0,97,P0420,⚠️ CRITICAL DEVIATION DETECTED,2026-07-31 02:38:27.694541
2026-07-31 02:50:49.238981,VIN-063379,2303,85,P0420,⚠️ CRITICAL DEVIATION DETECTED,2026-07-31 02:38:27.696736
2026-07-31 02:50:52.238981,VIN-798123,1522,97,P0171,⚠️ CRITICAL DEVIATION DETECTED,2026-07-31 02:38:27.699828
2026-07-31 02:50:54.238981,VIN-433609,3325,95,P0420,⚠️ CRITICAL DEVIATION DETECTED,2026-07-31 02:38:27.704945
2026-07-31 02:50:59.238981,VIN-190011,1812,89,P0420,⚠️ CRITICAL DEVIATION DETECTED,2026-07-31 02:38:27.709795
2026-07-31 02:51:00.238981,VIN-774195,0,92,P0420,⚠️ CRITICAL DEVIATION DETECTED,2026-07-31 02:38:27.714672
2026-07-31 02:51:01.238981,VIN-659030,1795,101,P0171,⚠️ CRITICAL DEVIATION DETECTED,2026-07-31 02:38:27.719050
2026-07-31 02:51:02.238981,VIN-077491,2045,105,P0420,⚠️ CRITICAL DEVIATION DETECTED,2026-07-31 02:38:27.725578
2026-07-31 02:51:04.238981,VIN-277709,3264,94,P0300,⚠️ CRITICAL DEVIATION DETECTED,2026-07-31 02:38:27.733588
2026-07-31 02:51:05.238981,VIN-051860,2825,90,P0171,⚠️ CRITICAL DEVIATION DETECTED,2026-07-31 02:38:27.749611
2026-07-31 02:51:06.238981,VIN-138517,3025,88,P0300,⚠️ CRITICAL DEVIATION DETECTED,2026-07-31 02:38:27.751953
2026-07-31 02:51:07.238981,VIN-594126,2754,93,P0171,⚠️ CRITICAL DEVIATION DETECTED,2026-07-31 02:38:27.754637
2026-07-31 02:51:10.238981,VIN-043397,1949,101,P0420,⚠️ CRITICAL DEVIATION DETECTED,2026-07-31 02:38:27.757716
2026-07-31 02:51:11.238981,VIN-741967,1507,90,P0171,⚠️ CRITICAL DEVIATION DETECTED,2026-07-31 02:38:27.760594
2026-07-31 02:51:14.238981,VIN-908935,2968,98,P0171,⚠️ CRITICAL DEVIATION DETECTED,2026-07-31 02:38:27.763761
2026-07-31 02:51:15.238981,VIN-222409,1590,101,P0300,⚠️ CRITICAL DEVIATION DETECTED,2026-07-31 02:38:27.767046
2026-07-31 02:51:18.238981,VIN-374801,3154,103,P0300,⚠️ CRITICAL DEVIATION DETECTED,2026-07-31 02:38:27.775141
2026-07-31 02:51:22.238981,VIN-157626,3298,102,P0420,⚠️ CRITICAL DEVIATION DETECTED,2026-07-31 02:38:27.787421
2026-07-31 02:51:23.238981,VIN-019143,3276,102,P0171,⚠️ CRITICAL DEVIATION DETECTED,2026-07-31 02:38:27.791031
2026-07-31 02:51:24.238981,VIN-811375,0,96,P0300,⚠️ CRITICAL DEVIATION DETECTED,2026-07-31 02:38:27.794329
2026-07-31 02:51:27.238981,VIN-864432,2727,85,P0420,⚠️ CRITICAL DEVIATION DETECTED,2026-07-31 02:38:27.797303
2026-07-31 02:51:28.238981,VIN-213957,1551,99,P0300,⚠️ CRITICAL DEVIATION DETECTED,2026-07-31 02:38:27.800628
2026-07-31 02:51:31.238981,VIN-056859,1610,90,P0171,⚠️ CRITICAL DEVIATION DETECTED,2026-07-31 02:38:27.803993
2026-07-31 02:51:35.238981,VIN-733506,3496,99,P0420,⚠️ CRITICAL DEVIATION DETECTED,2026-07-31 02:38:27.808255
2026-07-31 02:51:36.238981,VIN-528316,1955,105,P0300,⚠️ CRITICAL DEVIATION DETECTED,2026-07-31 02:38:27.812705
2026-07-31 02:51:41.238981,VIN-986541,2657,98,P0420,⚠️ CRITICAL DEVIATION DETECTED,2026-07-31 02:38:27.816326
2026-07-31 02:51:44.238981,VIN-009236,1904,99,P0300,⚠️ CRITICAL DEVIATION DETECTED,2026-07-31 02:38:27.821352
2026-07-31 02:51:45.238981,VIN-032555,3104,95,P0300,⚠️ CRITICAL DEVIATION DETECTED,2026-07-31 02:38:27.824775
2026-07-31 02:51:46.238981,VIN-349585,2110,90,P0420,⚠️ CRITICAL DEVIATION DETECTED,2026-07-31 02:38:27.827785
2026-07-31 02:51:48.238981,VIN-893723,3117,101,P0420,⚠️ CRITICAL DEVIATION DETECTED,2026-07-31 02:38:27.830839
2026-07-31 02:51:51.238981,VIN-172981,2296,100,P0171,⚠️ CRITICAL DEVIATION DETECTED,2026-07-31 02:38:27.833735
2026-07-31 02:51:54.238981,VIN-862251,2994,91,P0420,⚠️ CRITICAL DEVIATION DETECTED,2026-07-31 02:38:27.837534
2026-07-31 02:51:56.238981,VIN-177674,2205,95,P0300,⚠️ CRITICAL DEVIATION DETECTED,2026-07-31 02:38:27.847139
2026-07-31 02:51:58.238981,VIN-700993,1696,85,P0300,⚠️ CRITICAL DEVIATION DETECTED,2026-07-31 02:38:27.852226
2026-07-31 02:51:59.238981,VIN-716955,2906,94,P0171,⚠️ CRITICAL DEVIATION DETECTED,2026-07-31 02:38:27.855158
2026-07-31 02:52:01.238981,VIN-756052,2249,97,P0300,⚠️ CRITICAL DEVIATION DETECTED,2026-07-31 02:38:27.857924
2026-07-31 02:52:02.238981,VIN-013534,3305,88,P0171,⚠️ CRITICAL DEVIATION DETECTED,2026-07-31 02:38:27.860904
2026-07-31 02:52:04.238981,VIN-187529,1638,86,P0171,⚠️ CRITICAL DEVIATION DETECTED,2026-07-31 02:38:27.863428
2026-07-31 02:52:05.238981,VIN-105573,2059,99,P0171,⚠️ CRITICAL DEVIATION DETECTED,2026-07-31 02:38:27.866294
2026-07-31 02:52:06.238981,VIN-445557,0,86,P0300,⚠️ CRITICAL DEVIATION DETECTED,2026-07-31 02:38:27.869385
2026-07-31 02:52:07.238981,VIN-708943,1965,89,P0171,⚠️ CRITICAL DEVIATION DETECTED,2026-07-31 02:38:27.872971
2026-07-31 02:52:11.238981,VIN-469824,2240,93,P0171,⚠️ CRITICAL DEVIATION DETECTED,2026-07-31 02:38:27.877489
2026-07-31 02:52:14.238981,VIN-790260,2460,99,P0420,⚠️ CRITICAL DEVIATION DETECTED,2026-07-31 02:38:27.883385
2026-07-31 02:52:17.238981,VIN-629893,1567,100,P0171,⚠️ CRITICAL DEVIATION DETECTED,2026-07-31 02:38:27.886515
2026-07-31 02:52:18.238981,VIN-791337,3033,100,P0300,⚠️ CRITICAL DEVIATION DETECTED,2026-07-31 02:38:27.889747
2026-07-31 02:52:21.238981,VIN-348598,2011,97,P0420,⚠️ CRITICAL DEVIATION DETECTED,2026-07-31 02:38:27.893287
2026-07-31 02:52:22.238981,VIN-320491,1874,85,P0300,⚠️ CRITICAL DEVIATION DETECTED,2026-07-31 02:38:27.897735
2026-07-31 02:52:23.238981,VIN-346504,2921,90,P0171,⚠️ CRITICAL DEVIATION DETECTED,2026-07-31 02:38:27.901559
2026-07-31 02:52:25.238981,VIN-854526,1951,90,P0300,⚠️ CRITICAL DEVIATION DETECTED,2026-07-31 02:38:27.905848
2026-07-31 02:52:28.238981,VIN-129163,2593,90,P0171,⚠️ CRITICAL DEVIATION DETECTED,2026-07-31 02:38:27.912019
2026-07-31 02:52:31.238981,VIN-948599,3032,102,P0171,⚠️ CRITICAL DEVIATION DETECTED,2026-07-31 02:38:27.916130
2026-07-31 02:52:33.238981,VIN-965665,1965,92,P0420,⚠️ CRITICAL DEVIATION DETECTED,2026-07-31 02:38:27.919973
2026-07-31 02:52:34.238981,VIN-764556,3322,99,P0171,⚠️ CRITICAL DEVIATION DETECTED,2026-07-31 02:38:27.923409
2026-07-31 02:52:37.238981,VIN-465947,2599,97,P0420,⚠️ CRITICAL DEVIATION DETECTED,2026-07-31 02:38:27.926035
2026-07-31 02:52:39.238981,VIN-318324,3290,98,P0420,⚠️ CRITICAL DEVIATION DETECTED,2026-07-31 02:38:27.929855
2026-07-31 02:52:41.238981,VIN-305713,2056,90,P0420,⚠️ CRITICAL DEVIATION DETECTED,2026-07-31 02:38:27.933162
2026-07-31 02:52:42.238981,VIN-407683,1672,97,P0300,⚠️ CRITICAL DEVIATION DETECTED,2026-07-31 02:38:27.951246
2026-07-31 02:52:43.238981,VIN-373999,2891,100,P0300,⚠️ CRITICAL DEVIATION DETECTED,2026-07-31 02:38:27.954251
2026-07-31 02:52:44.238981,VIN-081901,2248,98,P0420,⚠️ CRITICAL DEVIATION DETECTED,2026-07-31 02:38:27.976789
2026-07-31 02:52:47.238981,VIN-015532,2366,85,P0420,⚠️ CRITICAL DEVIATION DETECTED,2026-07-31 02:38:27.981242
2026-07-31 02:52:49.238981,VIN-152390,2969,103,P0171,⚠️ CRITICAL DEVIATION DETECTED,2026-07-31 02:38:27.984642
2026-07-31 02:52:50.238981,VIN-619966,2403,98,P0171,⚠️ CRITICAL DEVIATION DETECTED,2026-07-31 02:38:27.988107
2026-07-31 02:52:51.238981,VIN-533433,2694,96,P0300,⚠️ CRITICAL DEVIATION DETECTED,2026-07-31 02:38:27.990960
2026-07-31 02:52:52.238981,VIN-175211,2578,86,P0420,⚠️ CRITICAL DEVIATION DETECTED,2026-07-31 02:38:27.993814
2026-07-31 02:52:53.238981,VIN-799101,3104,103,P0171,⚠️ CRITICAL DEVIATION DETECTED,2026-07-31 02:38:27.996659
2026-07-31 02:52:57.238981,VIN-310333,0,101,P0420,⚠️ CRITICAL DEVIATION DETECTED,2026-07-31 02:38:27.999513
2026-07-31 02:53:04.238981,VIN-816810,2235,90,P0420,⚠️ CRITICAL DEVIATION DETECTED,2026-07-31 02:38:28.004831
2026-07-31 02:53:05.238981,VIN-324825,1842,88,P0171,⚠️ CRITICAL DEVIATION DETECTED,2026-07-31 02:38:28.013012
2026-07-31 02:53:07.238981,VIN-381240,2791,94,P0300,⚠️ CRITICAL DEVIATION DETECTED,2026-07-31 02:38:28.017266
2026-07-31 02:53:08.238981,VIN-234199,0,100,P0420,⚠️ CRITICAL DEVIATION DETECTED,2026-07-31 02:38:28.020790
2026-07-31 02:53:13.238981,VIN-860839,2963,103,P0420,⚠️ CRITICAL DEVIATION DETECTED,2026-07-31 02:38:28.023989
2026-07-31 02:53:14.238981,VIN-273137,3378,94,P0171,⚠️ CRITICAL DEVIATION DETECTED,2026-07-31 02:38:28.027278
2026-07-31 02:53:16.238981,VIN-669500,1676,98,P0171,⚠️ CRITICAL DEVIATION DETECTED,2026-07-31 02:38:28.030436
2026-07-31 02:53:19.238981,VIN-357950,2140,94,P0300,⚠️ CRITICAL DEVIATION DETECTED,2026-07-31 02:38:28.033319
2026-07-31 02:53:20.238981,VIN-828331,1790,88,P0420,⚠️ CRITICAL DEVIATION DETECTED,2026-07-31 02:38:28.036339
2026-07-31 02:53:21.238981,VIN-220776,2943,102,P0420,⚠️ CRITICAL DEVIATION DETECTED,2026-07-31 02:38:28.040365
2026-07-31 02:53:23.238981,VIN-516601,2328,101,P0300,⚠️ CRITICAL DEVIATION DETECTED,2026-07-31 02:38:28.045408
2026-07-31 02:53:24.238981,VIN-160679,3036,97,P0300,⚠️ CRITICAL DEVIATION DETECTED,2026-07-31 02:38:28.049730
2026-07-31 02:53:28.238981,VIN-438973,1683,104,P0300,⚠️ CRITICAL DEVIATION DETECTED,2026-07-31 02:38:28.053121
2026-07-31 02:53:30.238981,VIN-756200,3335,96,P0171,⚠️ CRITICAL DEVIATION DETECTED,2026-07-31 02:38:28.056814
2026-07-31 02:53:31.238981,VIN-139747,2973,104,P0420,⚠️ CRITICAL DEVIATION DETECTED,2026-07-31 02:38:28.060007
2026-07-31 02:53:34.238981,VIN-367712,0,87,P0420,⚠️ CRITICAL DEVIATION DETECTED,2026-07-31 02:38:28.062950
2026-07-31 02:53:35.238981,VIN-701424,2558,90,P0420,⚠️ CRITICAL DEVIATION DETECTED,2026-07-31 02:38:28.066014
2026-07-31 02:53:36.238981,VIN-124668,1606,96,P0300,⚠️ CRITICAL DEVIATION DETECTED,2026-07-31 02:38:28.068743
2026-07-31 02:53:39.238981,VIN-089440,2146,94,P0300,⚠️ CRITICAL DEVIATION DETECTED,2026-07-31 02:38:28.084165
2026-07-31 02:53:41.238981,VIN-068414,1550,102,P0420,⚠️ CRITICAL DEVIATION DETECTED,2026-07-31 02:38:28.088163
2026-07-31 02:53:42.238981,VIN-220933,2567,97,P0171,⚠️ CRITICAL DEVIATION DETECTED,2026-07-31 02:38:28.091253
2026-07-31 02:53:44.238981,VIN-869962,2339,105,P0300,⚠️ CRITICAL DEVIATION DETECTED,2026-07-31 02:38:28.093662
2026-07-31 02:53:47.238981,VIN-721086,2180,103,P0171,⚠️ CRITICAL DEVIATION DETECTED,2026-07-31 02:38:28.096413
2026-07-31 02:53:49.238981,VIN-617812,0,102,P0420,⚠️ CRITICAL DEVIATION DETECTED,2026-07-31 02:38:28.099131
2026-07-31 02:53:51.238981,VIN-076841,3333,105,P0300,⚠️ CRITICAL DEVIATION DETECTED,2026-07-31 02:38:28.101584
2026-07-31 02:53:52.238981,VIN-603158,3381,85,P0420,⚠️ CRITICAL DEVIATION DETECTED,2026-07-31 02:38:28.105859
2026-07-31 02:53:56.238981,VIN-205769,2395,96,P0171,⚠️ CRITICAL DEVIATION DETECTED,2026-07-31 02:38:28.110693
2026-07-31 02:53:57.238981,VIN-273066,3302,97,P0300,⚠️ CRITICAL DEVIATION DETECTED,2026-07-31 02:38:28.114946
2026-07-31 02:53:58.238981,VIN-195105,1771,99,P0420,⚠️ CRITICAL DEVIATION DETECTED,2026-07-31 02:38:28.118605
2026-07-31 02:53:59.238981,VIN-959425,2629,88,P0420,⚠️ CRITICAL DEVIATION DETECTED,2026-07-31 02:38:28.121319
2026-07-31 02:54:01.238981,VIN-516933,1834,91,P0420,⚠️ CRITICAL DEVIATION DETECTED,2026-07-31 02:38:28.124207
2026-07-31 02:54:02.238981,VIN-999171,2844,86,P0420,⚠️ CRITICAL DEVIATION DETECTED,2026-07-31 02:38:28.128241
2026-07-31 02:54:03.238981,VIN-400536,3301,85,P0171,⚠️ CRITICAL DEVIATION DETECTED,2026-07-31 02:38:28.131734
2026-07-31 02:54:04.238981,VIN-592552,2188,97,P0420,⚠️ CRITICAL DEVIATION DETECTED,2026-07-31 02:38:28.134992
2026-07-31 02:54:09.238981,VIN-973975,2060,102,P0171,⚠️ CRITICAL DEVIATION DETECTED,2026-07-31 02:38:28.141842
2026-07-31 02:54:10.238981,VIN-005577,3009,90,P0420,⚠️ CRITICAL DEVIATION DETECTED,2026-07-31 02:38:28.147811
2026-07-31 02:54:13.238981,VIN-823824,2124,98,P0171,⚠️ CRITICAL DEVIATION DETECTED,2026-07-31 02:38:28.151453
2026-07-31 02:54:15.238981,VIN-714512,1724,86,P0300,⚠️ CRITICAL DEVIATION DETECTED,2026-07-31 02:38:28.155009
2026-07-31 02:54:18.238981,VIN-145912,2251,91,P0420,⚠️ CRITICAL DEVIATION DETECTED,2026-07-31 02:38:28.158558
2026-07-31 02:54:21.238981,VIN-631871,3261,87,P0171,⚠️ CRITICAL DEVIATION DETECTED,2026-07-31 02:38:28.162250
2026-07-31 02:54:25.238981,VIN-394282,1856,92,P0171,⚠️ CRITICAL DEVIATION DETECTED,2026-07-31 02:38:28.164708
2026-07-31 02:54:26.238981,VIN-916842,2359,86,P0420,⚠️ CRITICAL DEVIATION DETECTED,2026-07-31 02:38:28.167438
2026-07-31 02:54:30.238981,VIN-360252,2678,90,P0300,⚠️ CRITICAL DEVIATION DETECTED,2026-07-31 02:38:28.170367
2026-07-31 02:54:31.238981,VIN-088639,0,96,P0171,⚠️ CRITICAL DEVIATION DETECTED,2026-07-31 02:38:28.174015
2026-07-31 02:54:33.238981,VIN-602893,2914,88,P0420,⚠️ CRITICAL DEVIATION DETECTED,2026-07-31 02:38:28.178386
2026-07-31 02:54:34.238981,VIN-493986,2278,86,P0420,⚠️ CRITICAL DEVIATION DETECTED,2026-07-31 02:38:28.183186
2026-07-31 02:54:35.238981,VIN-989519,2232,85,P0171,⚠️ CRITICAL DEVIATION DETECTED,2026-07-31 02:38:28.187221
2026-07-31 02:54:39.238981,VIN-249143,1853,91,P0420,⚠️ CRITICAL DEVIATION DETECTED,2026-07-31 02:38:28.191179
2026-07-31 02:54:40.238981,VIN-030428,1709,86,P0300,⚠️ CRITICAL DEVIATION DETECTED,2026-07-31 02:38:28.194930
2026-07-31 02:54:43.238981,VIN-547525,0,97,P0171,⚠️ CRITICAL DEVIATION DETECTED,2026-07-31 02:38:28.198199
2026-07-31 02:54:45.238981,VIN-576543,3306,91,P0171,⚠️ CRITICAL DEVIATION DETECTED,2026-07-31 02:38:28.201750
2026-07-31 02:54:49.238981,VIN-884059,1894,89,P0171,⚠️ CRITICAL DEVIATION DETECTED,2026-07-31 02:38:28.206506
2026-07-31 02:54:51.238981,VIN-289190,3010,98,P0420,⚠️ CRITICAL DEVIATION DETECTED,2026-07-31 02:38:28.214669
2026-07-31 02:54:54.238981,VIN-005366,3445,103,P0171,⚠️ CRITICAL DEVIATION DETECTED,2026-07-31 02:38:28.219291
2026-07-31 02:54:55.238981,VIN-793126,3044,92,P0171,⚠️ CRITICAL DEVIATION DETECTED,2026-07-31 02:38:28.222102
2026-07-31 02:54:59.238981,VIN-434980,2880,93,P0300,⚠️ CRITICAL DEVIATION DETECTED,2026-07-31 02:38:28.225261
2026-07-31 02:55:00.238981,VIN-096312,2034,97,P0171,⚠️ CRITICAL DEVIATION DETECTED,2026-07-31 02:38:28.228761
2026-07-31 02:55:03.238981,VIN-614669,3387,101,P0420,⚠️ CRITICAL DEVIATION DETECTED,2026-07-31 02:38:28.231421
2026-07-31 02:55:07.238981,VIN-947725,2338,97,P0300,⚠️ CRITICAL DEVIATION DETECTED,2026-07-31 02:38:28.235256
2026-07-31 02:55:09.238981,VIN-264219,2180,89,P0420,⚠️ CRITICAL DEVIATION DETECTED,2026-07-31 02:38:28.239916
2026-07-31 02:55:10.238981,VIN-320025,2514,94,P0420,⚠️ CRITICAL DEVIATION DETECTED,2026-07-31 02:38:28.244154
2026-07-31 02:55:11.238981,VIN-513721,3372,90,P0420,⚠️ CRITICAL DEVIATION DETECTED,2026-07-31 02:38:28.248993
2026-07-31 02:55:12.238981,VIN-603884,2045,102,P0300,⚠️ CRITICAL DEVIATION DETECTED,2026-07-31 02:38:28.252112
2026-07-31 02:55:13.238981,VIN-361615,1773,97,P0300,⚠️ CRITICAL DEVIATION DETECTED,2026-07-31 02:38:28.260087
2026-07-31 02:55:19.238981,VIN-892629,1680,95,P0171,⚠️ CRITICAL DEVIATION DETECTED,2026-07-31 02:38:28.265987
2026-07-31 02:55:21.238981,VIN-213957,2108,88,P0171,⚠️ CRITICAL DEVIATION DETECTED,2026-07-31 02:38:28.270782
2026-07-31 02:55:23.238981,VIN-148524,2918,103,P0300,⚠️ CRITICAL DEVIATION DETECTED,2026-07-31 02:38:28.276320
2026-07-31 02:55:24.238981,VIN-072186,2762,90,P0420,⚠️ CRITICAL DEVIATION DETECTED,2026-07-31 02:38:28.281935
2026-07-31 02:55:28.238981,VIN-662988,1859,100,P0300,⚠️ CRITICAL DEVIATION DETECTED,2026-07-31 02:38:28.285814
2026-07-31 02:55:31.238981,VIN-063740,3262,98,P0300,⚠️ CRITICAL DEVIATION DETECTED,2026-07-31 02:38:28.289168
2026-07-31 02:55:32.238981,VIN-329777,1545,90,P0171,⚠️ CRITICAL DEVIATION DETECTED,2026-07-31 02:38:28.292851
2026-07-31 02:55:33.238981,VIN-111483,2719,104,P0420,⚠️ CRITICAL DEVIATION DETECTED,2026-07-31 02:38:28.296045
2026-07-31 02:55:34.238981,VIN-374433,1883,94,P0171,⚠️ CRITICAL DEVIATION DETECTED,2026-07-31 02:38:28.305644
2026-07-31 02:55:35.238981,VIN-116815,3211,96,P0420,⚠️ CRITICAL DEVIATION DETECTED,2026-07-31 02:38:28.321673
2026-07-31 02:55:36.238981,VIN-441709,2011,88,P0300,⚠️ CRITICAL DEVIATION DETECTED,2026-07-31 02:38:28.331996
2026-07-31 02:55:38.238981,VIN-702213,3023,93,P0300,⚠️ CRITICAL DEVIATION DETECTED,2026-07-31 02:38:28.341243
2026-07-31 02:55:40.238981,VIN-377253,2137,88,P0300,⚠️ CRITICAL DEVIATION DETECTED,2026-07-31 02:38:28.349198
2026-07-31 02:55:41.238981,VIN-069295,2881,85,P0420,⚠️ CRITICAL DEVIATION DETECTED,2026-07-31 02:38:28.355195
2026-07-31 02:55:42.238981,VIN-998181,2635,95,P0171,⚠️ CRITICAL DEVIATION DETECTED,2026-07-31 02:38:28.360558
2026-07-31 02:55:47.238981,VIN-737967,2144,87,P0300,⚠️ CRITICAL DEVIATION DETECTED,2026-07-31 02:38:28.364391
2026-07-31 02:55:50.238981,VIN-163611,2995,90,P0171,⚠️ CRITICAL DEVIATION DETECTED,2026-07-31 02:38:28.367606
2026-07-31 02:55:51.238981,VIN-571127,1813,105,P0171,⚠️ CRITICAL DEVIATION DETECTED,2026-07-31 02:38:28.375895
2026-07-31 02:55:54.238981,VIN-897099,2172,96,P0300,⚠️ CRITICAL DEVIATION DETECTED,2026-07-31 02:38:28.384776
2026-07-31 02:56:03.238981,VIN-590044,3175,99,P0300,⚠️ CRITICAL DEVIATION DETECTED,2026-07-31 02:38:28.392385
2026-07-31 02:56:04.238981,VIN-824703,2154,94,P0420,⚠️ CRITICAL DEVIATION DETECTED,2026-07-31 02:38:28.398083
2026-07-31 02:56:06.238981,VIN-737435,2977,105,P0171,⚠️ CRITICAL DEVIATION DETECTED,2026-07-31 02:38:28.415421
2026-07-31 02:56:08.238981,VIN-447785,1939,94,P0171,⚠️ CRITICAL DEVIATION DETECTED,2026-07-31 02:38:28.420429
2026-07-31 02:56:09.238981,VIN-822209,1759,102,P0300,⚠️ CRITICAL DEVIATION DETECTED,2026-07-31 02:38:28.424827
2026-07-31 02:56:10.238981,VIN-096870,3350,105,P0171,⚠️ CRITICAL DEVIATION DETECTED,2026-07-31 02:38:28.428344
2026-07-31 02:56:15.238981,VIN-486612,2265,86,P0171,⚠️ CRITICAL DEVIATION DETECTED,2026-07-31 02:38:28.433238
2026-07-31 02:56:16.238981,VIN-233040,3188,86,P0300,⚠️ CRITICAL DEVIATION DETECTED,2026-07-31 02:38:28.438161
2026-07-31 02:56:23.238981,VIN-910902,1869,90,P0300,⚠️ CRITICAL DEVIATION DETECTED,2026-07-31 02:38:28.449039
2026-07-31 02:56:24.238981,VIN-545101,1866,93,P0420,⚠️ CRITICAL DEVIATION DETECTED,2026-07-31 02:38:28.453738
2026-07-31 02:56:26.238981,VIN-746884,3017,103,P0420,⚠️ CRITICAL DEVIATION DETECTED,2026-07-31 02:38:28.460277
2026-07-31 02:56:27.238981,VIN-580944,2798,95,P0300,⚠️ CRITICAL DEVIATION DETECTED,2026-07-31 02:38:28.465267
2026-07-31 02:56:29.238981,VIN-027028,1727,101,P0420,⚠️ CRITICAL DEVIATION DETECTED,2026-07-31 02:38:28.469968
2026-07-31 02:56:31.238981,VIN-952954,3091,104,P0171,⚠️ CRITICAL DEVIATION DETECTED,2026-07-31 02:38:28.473900
2026-07-31 02:56:36.238981,VIN-956058,1801,91,P0171,⚠️ CRITICAL DEVIATION DETECTED,2026-07-31 02:38:28.477697
2026-07-31 02:56:37.238981,VIN-991984,3011,102,P0420,⚠️ CRITICAL DEVIATION DETECTED,2026-07-31 02:38:28.481615
2026-07-31 02:56:38.238981,VIN-745131,0,91,P0171,⚠️ CRITICAL DEVIATION DETECTED,2026-07-31 02:38:28.485660
2026-07-31 02:56:40.238981,VIN-234493,1648,103,P0420,⚠️ CRITICAL DEVIATION DETECTED,2026-07-31 02:38:28.489206
2026-07-31 02:56:41.238981,VIN-207245,2364,102,P0300,⚠️ CRITICAL DEVIATION DETECTED,2026-07-31 02:38:28.492209
2026-07-31 02:56:44.238981,VIN-550630,2915,102,P0420,⚠️ CRITICAL DEVIATION DETECTED,2026-07-31 02:38:28.496893
2026-07-31 02:56:47.238981,VIN-549698,3191,103,P0300,⚠️ CRITICAL DEVIATION DETECTED,2026-07-31 02:38:28.499961
2026-07-31 02:56:49.238981,VIN-515604,3342,95,P0420,⚠️ CRITICAL DEVIATION DETECTED,2026-07-31 02:38:28.502929
2026-07-31 02:56:50.238981,VIN-814071,1645,96,P0171,⚠️ CRITICAL DEVIATION DETECTED,2026-07-31 02:38:28.508295
2026-07-31 02:56:54.238981,VIN-897223,3075,88,P0300,⚠️ CRITICAL DEVIATION DETECTED,2026-07-31 02:38:28.517099
2026-07-31 02:56:55.238981,VIN-082217,2765,99,P0300,⚠️ CRITICAL DEVIATION DETECTED,2026-07-31 02:38:28.521349
2026-07-31 02:56:56.238981,VIN-650508,0,105,P0171,⚠️ CRITICAL DEVIATION DETECTED,2026-07-31 02:38:28.525089
2026-07-31 02:57:00.238981,VIN-111510,3396,101,P0171,⚠️ CRITICAL DEVIATION DETECTED,2026-07-31 02:38:28.528898
2026-07-31 02:57:01.238981,VIN-342926,0,90,P0300,⚠️ CRITICAL DEVIATION DETECTED,2026-07-31 02:38:28.533550
2026-07-31 02:57:02.238981,VIN-385898,0,88,P0171,⚠️ CRITICAL DEVIATION DETECTED,2026-07-31 02:38:28.538894
2026-07-31 02:57:03.238981,VIN-429168,1983,88,P0420,⚠️ CRITICAL DEVIATION DETECTED,2026-07-31 02:38:28.544304
2026-07-31 02:57:04.238981,VIN-913138,2443,103,P0171,⚠️ CRITICAL DEVIATION DETECTED,2026-07-31 02:38:28.549105
2026-07-31 02:57:09.238981,VIN-984844,2276,98,P0420,⚠️ CRITICAL DEVIATION DETECTED,2026-07-31 02:38:28.552797
2026-07-31 02:57:10.238981,VIN-994222,2384,98,P0300,⚠️ CRITICAL DEVIATION DETECTED,2026-07-31 02:38:28.556088
2026-07-31 02:57:12.238981,VIN-845945,3252,85,P0171,⚠️ CRITICAL DEVIATION DETECTED,2026-07-31 02:38:28.559127
2026-07-31 02:57:15.238981,VIN-266991,2191,88,P0171,⚠️ CRITICAL DEVIATION DETECTED,2026-07-31 02:38:28.563051
2026-07-31 02:57:16.238981,VIN-938285,2091,87,P0420,⚠️ CRITICAL DEVIATION DETECTED,2026-07-31 02:38:28.566358
2026-07-31 02:57:18.238981,VIN-280666,2054,87,P0171,⚠️ CRITICAL DEVIATION DETECTED,2026-07-31 02:38:28.569905
2026-07-31 02:57:22.238981,VIN-701297,2437,85,P0420,⚠️ CRITICAL DEVIATION DETECTED,2026-07-31 02:38:28.574416
2026-07-31 02:57:25.238981,VIN-679563,3496,85,P0300,⚠️ CRITICAL DEVIATION DETECTED,2026-07-31 02:38:28.579018
2026-07-31 02:57:29.238981,VIN-487652,0,99,P0171,⚠️ CRITICAL DEVIATION DETECTED,2026-07-31 02:38:28.581847
2026-07-31 02:57:33.238981,VIN-355010,0,96,P0420,⚠️ CRITICAL DEVIATION DETECTED,2026-07-31 02:38:28.584760
2026-07-31 02:57:34.238981,VIN-512042,0,88,P0171,⚠️ CRITICAL DEVIATION DETECTED,2026-07-31 02:38:28.587049
2026-07-31 02:57:36.238981,VIN-172558,2965,85,P0420,⚠️ CRITICAL DEVIATION DETECTED,2026-07-31 02:38:28.589852
2026-07-31 02:57:38.238981,VIN-314808,2965,102,P0171,⚠️ CRITICAL DEVIATION DETECTED,2026-07-31 02:38:28.592789
2026-07-31 02:57:39.238981,VIN-804855,2768,91,P0300,⚠️ CRITICAL DEVIATION DETECTED,2026-07-31 02:38:28.597092
2026-07-31 02:57:40.238981,VIN-102955,3186,94,P0171,⚠️ CRITICAL DEVIATION DETECTED,2026-07-31 02:38:28.601694
2026-07-31 02:57:42.238981,VIN-913037,3463,95,P0420,⚠️ CRITICAL DEVIATION DETECTED,2026-07-31 02:38:28.606383
2026-07-31 02:57:45.238981,VIN-834971,2731,88,P0300,⚠️ CRITICAL DEVIATION DETECTED,2026-07-31 02:38:28.611215
2026-07-31 02:57:46.238981,VIN-832065,2763,88,P0300,⚠️ CRITICAL DEVIATION DETECTED,2026-07-31 02:38:28.614285
2026-07-31 02:57:47.238981,VIN-139622,2840,99,P0171,⚠️ CRITICAL DEVIATION DETECTED,2026-07-31 02:38:28.617211
2026-07-31 02:57:49.238981,VIN-155264,3180,102,P0300,⚠️ CRITICAL DEVIATION DETECTED,2026-07-31 02:38:28.620055
2026-07-31 02:57:50.238981,VIN-809627,2893,97,P0300,⚠️ CRITICAL DEVIATION DETECTED,2026-07-31 02:38:28.622850
2026-07-31 02:57:52.238981,VIN-239662,2848,99,P0420,⚠️ CRITICAL DEVIATION DETECTED,2026-07-31 02:38:28.625228
2026-07-31 02:57:53.238981,VIN-616908,1641,97,P0420,⚠️ CRITICAL DEVIATION DETECTED,2026-07-31 02:38:28.627848
2026-07-31 02:57:54.238981,VIN-174001,2866,100,P0171,⚠️ CRITICAL DEVIATION DETECTED,2026-07-31 02:38:28.630810
2026-07-31 02:57:55.238981,VIN-595882,2680,105,P0300,⚠️ CRITICAL DEVIATION DETECTED,2026-07-31 02:38:28.633235
2026-07-31 02:57:58.238981,VIN-705352,1553,87,P0420,⚠️ CRITICAL DEVIATION DETECTED,2026-07-31 02:38:28.635698
2026-07-31 02:57:59.238981,VIN-336977,2840,88,P0171,⚠️ CRITICAL DEVIATION DETECTED,2026-07-31 02:38:28.639337
2026-07-31 02:58:01.238981,VIN-904091,3493,104,P0300,⚠️ CRITICAL DEVIATION DETECTED,2026-07-31 02:38:28.651771
2026-07-31 02:58:05.238981,VIN-820568,1940,89,P0300,⚠️ CRITICAL DEVIATION DETECTED,2026-07-31 02:38:28.655850
2026-07-31 02:58:06.238981,VIN-714442,2355,95,P0171,⚠️ CRITICAL DEVIATION DETECTED,2026-07-31 02:38:28.674454
2026-07-31 02:58:07.238981,VIN-771127,2986,100,P0300,⚠️ CRITICAL DEVIATION DETECTED,2026-07-31 02:38:28.685422
2026-07-31 02:58:08.238981,VIN-260221,3058,99,P0300,⚠️ CRITICAL DEVIATION DETECTED,2026-07-31 02:38:28.690073
2026-07-31 02:58:09.238981,VIN-386811,1835,95,P0300,⚠️ CRITICAL DEVIATION DETECTED,2026-07-31 02:38:28.694831
2026-07-31 02:58:11.238981,VIN-498469,2430,88,P0420,⚠️ CRITICAL DEVIATION DETECTED,2026-07-31 02:38:28.700247
2026-07-31 02:58:12.238981,VIN-988676,1714,85,P0420,⚠️ CRITICAL DEVIATION DETECTED,2026-07-31 02:38:28.715520
2026-07-31 02:58:13.238981,VIN-245039,1982,101,P0171,⚠️ CRITICAL DEVIATION DETECTED,2026-07-31 02:38:28.721219
2026-07-31 02:58:16.238981,VIN-054744,1551,91,P0300,⚠️ CRITICAL DEVIATION DETECTED,2026-07-31 02:38:28.735478
2026-07-31 02:58:17.238981,VIN-116504,3215,87,P0300,⚠️ CRITICAL DEVIATION DETECTED,2026-07-31 02:38:28.740356
2026-07-31 02:58:19.238981,VIN-763004,2729,103,P0300,⚠️ CRITICAL DEVIATION DETECTED,2026-07-31 02:38:28.751265
2026-07-31 02:58:23.238981,VIN-017604,2871,105,P0420,⚠️ CRITICAL DEVIATION DETECTED,2026-07-31 02:38:28.759675
2026-07-31 02:58:24.238981,VIN-668579,2144,96,P0171,⚠️ CRITICAL DEVIATION DETECTED,2026-07-31 02:38:28.763864
2026-07-31 02:58:29.238981,VIN-786696,1875,87,P0420,⚠️ CRITICAL DEVIATION DETECTED,2026-07-31 02:38:28.769895
2026-07-31 02:58:30.238981,VIN-804874,3061,101,P0171,⚠️ CRITICAL DEVIATION DETECTED,2026-07-31 02:38:28.778907
2026-07-31 02:58:33.238981,VIN-504764,1962,97,P0171,⚠️ CRITICAL DEVIATION DETECTED,2026-07-31 02:38:28.786929
2026-07-31 02:58:35.238981,VIN-616547,3431,85,P0300,⚠️ CRITICAL DEVIATION DETECTED,2026-07-31 02:38:28.793348
2026-07-31 02:58:38.238981,VIN-729246,2629,90,P0171,⚠️ CRITICAL DEVIATION DETECTED,2026-07-31 02:38:28.800970
2026-07-31 02:58:40.238981,VIN-819338,3382,96,P0171,⚠️ CRITICAL DEVIATION DETECTED,2026-07-31 02:38:28.804265
2026-07-31 02:58:41.238981,VIN-283395,1942,103,P0300,⚠️ CRITICAL DEVIATION DETECTED,2026-07-31 02:38:28.808642
2026-07-31 02:58:42.238981,VIN-932006,1701,96,P0300,⚠️ CRITICAL DEVIATION DETECTED,2026-07-31 02:38:28.814229
2026-07-31 02:58:44.238981,VIN-636500,1965,94,P0300,⚠️ CRITICAL DEVIATION DETECTED,2026-07-31 02:38:28.817064
2026-07-31 02:58:45.238981,VIN-932342,1914,105,P0171,⚠️ CRITICAL DEVIATION DETECTED,2026-07-31 02:38:28.819667
2026-07-31 02:58:46.238981,VIN-391842,3025,85,P0420,⚠️ CRITICAL DEVIATION DETECTED,2026-07-31 02:38:28.822272
2026-07-31 02:58:47.238981,VIN-490399,3337,102,P0171,⚠️ CRITICAL DEVIATION DETECTED,2026-07-31 02:38:28.824703
2026-07-31 02:58:48.238981,VIN-385951,2609,105,P0171,⚠️ CRITICAL DEVIATION DETECTED,2026-07-31 02:38:28.834995
2026-07-31 02:58:57.238981,VIN-813611,2226,97,P0420,⚠️ CRITICAL DEVIATION DETECTED,2026-07-31 02:38:28.842312
2026-07-31 02:58:58.238981,VIN-004943,2464,96,P0420,⚠️ CRITICAL DEVIATION DETECTED,2026-07-31 02:38:28.845980
2026-07-31 02:59:02.238981,VIN-966583,2773,100,P0300,⚠️ CRITICAL DEVIATION DETECTED,2026-07-31 02:38:28.849937
2026-07-31 02:59:07.238981,VIN-778828,1935,101,P0420,⚠️ CRITICAL DEVIATION DETECTED,2026-07-31 02:38:28.852878
2026-07-31 02:59:08.238981,VIN-026145,2203,88,P0420,⚠️ CRITICAL DEVIATION DETECTED,2026-07-31 02:38:28.855585
2026-07-31 02:59:09.238981,VIN-927489,3162,87,P0420,⚠️ CRITICAL DEVIATION DETECTED,2026-07-31 02:38:28.858092
2026-07-31 02:59:10.238981,VIN-106447,0,85,P0171,⚠️ CRITICAL DEVIATION DETECTED,2026-07-31 02:38:28.861441
2026-07-31 02:59:13.238981,VIN-609063,3174,87,P0420,⚠️ CRITICAL DEVIATION DETECTED,2026-07-31 02:38:28.865407
2026-07-31 02:59:14.238981,VIN-123593,2971,100,P0300,⚠️ CRITICAL DEVIATION DETECTED,2026-07-31 02:38:28.868757
2026-07-31 02:59:15.238981,VIN-330461,0,100,P0171,⚠️ CRITICAL DEVIATION DETECTED,2026-07-31 02:38:28.872350
2026-07-31 02:59:17.238981,VIN-413354,1729,89,P0420,⚠️ CRITICAL DEVIATION DETECTED,2026-07-31 02:38:28.876379
2026-07-31 02:59:18.238981,VIN-615576,1967,99,P0420,⚠️ CRITICAL DEVIATION DETECTED,2026-07-31 02:38:28.880370
2026-07-31 02:59:20.238981,VIN-969898,1526,94,P0300,⚠️ CRITICAL DEVIATION DETECTED,2026-07-31 02:38:28.883935
2026-07-31 02:59:21.238981,VIN-593679,3469,99,P0420,⚠️ CRITICAL DEVIATION DETECTED,2026-07-31 02:38:28.886968
2026-07-31 02:59:23.238981,VIN-640590,1654,100,P0171,⚠️ CRITICAL DEVIATION DETECTED,2026-07-31 02:38:28.889954
2026-07-31 02:59:25.238981,VIN-780543,2711,94,P0300,⚠️ CRITICAL DEVIATION DETECTED,2026-07-31 02:38:28.894330
2026-07-31 02:59:27.238981,VIN-348115,2459,98,P0300,⚠️ CRITICAL DEVIATION DETECTED,2026-07-31 02:38:28.897745
2026-07-31 02:59:28.238981,VIN-858956,2023,92,P0300,⚠️ CRITICAL DEVIATION DETECTED,2026-07-31 02:38:28.901127
2026-07-31 02:59:31.238981,VIN-315181,3108,95,P0300,⚠️ CRITICAL DEVIATION DETECTED,2026-07-31 02:38:28.904751
2026-07-31 02:59:34.238981,VIN-188107,3038,88,P0420,⚠️ CRITICAL DEVIATION DETECTED,2026-07-31 02:38:28.909187
2026-07-31 02:59:37.238981,VIN-063710,2469,90,P0171,⚠️ CRITICAL DEVIATION DETECTED,2026-07-31 02:38:28.914609
2026-07-31 02:59:38.238981,VIN-217616,0,103,P0300,⚠️ CRITICAL DEVIATION DETECTED,2026-07-31 02:38:28.918121
2026-07-31 02:59:39.238981,VIN-965273,3420,95,P0420,⚠️ CRITICAL DEVIATION DETECTED,2026-07-31 02:38:28.921503
2026-07-31 02:59:42.238981,VIN-598561,2260,93,P0300,⚠️ CRITICAL DEVIATION DETECTED,2026-07-31 02:38:28.924567
2026-07-31 02:59:43.238981,VIN-047449,0,100,P0420,⚠️ CRITICAL DEVIATION DETECTED,2026-07-31 02:38:28.927290
2026-07-31 02:59:48.238981,VIN-803862,0,89,P0300,⚠️ CRITICAL DEVIATION DETECTED,2026-07-31 02:38:28.930768
2026-07-31 02:59:49.238981,VIN-102340,3301,105,P0171,⚠️ CRITICAL DEVIATION DETECTED,2026-07-31 02:38:28.933817
2026-07-31 02:59:52.238981,VIN-428171,2159,98,P0171,⚠️ CRITICAL DEVIATION DETECTED,2026-07-31 02:38:28.936390
2026-07-31 02:59:53.238981,VIN-774050,3088,92,P0300,⚠️ CRITICAL DEVIATION DETECTED,2026-07-31 02:38:28.943201
2026-07-31 02:59:54.238981,VIN-342495,2948,87,P0171,⚠️ CRITICAL DEVIATION DETECTED,2026-07-31 02:38:28.948953
2026-07-31 02:59:55.238981,VIN-253491,2212,95,P0171,⚠️ CRITICAL DEVIATION DETECTED,2026-07-31 02:38:28.952091
2026-07-31 02:59:59.238981,VIN-521935,2160,97,P0420,⚠️ CRITICAL DEVIATION DETECTED,2026-07-31 02:38:28.956849
2026-07-31 03:00:03.238981,VIN-194024,2990,97,P0171,⚠️ CRITICAL DEVIATION DETECTED,2026-07-31 02:38:28.961287
2026-07-31 03:00:05.238981,VIN-712863,2833,89,P0420,⚠️ CRITICAL DEVIATION DETECTED,2026-07-31 02:38:28.965574
2026-07-31 03:00:07.238981,VIN-316006,3362,102,P0420,⚠️ CRITICAL DEVIATION DETECTED,2026-07-31 02:38:28.969905
2026-07-31 03:00:08.238981,VIN-082683,3279,92,P0300,⚠️ CRITICAL DEVIATION DETECTED,2026-07-31 02:38:28.976453
2026-07-31 03:00:10.238981,VIN-190392,2145,95,P0171,⚠️ CRITICAL DEVIATION DETECTED,2026-07-31 02:38:28.981955
2026-07-31 03:00:13.238981,VIN-022325,1945,103,P0420,⚠️ CRITICAL DEVIATION DETECTED,2026-07-31 02:38:28.986112
2026-07-31 03:00:15.238981,VIN-058536,1944,99,P0420,⚠️ CRITICAL DEVIATION DETECTED,2026-07-31 02:38:28.989322
2026-07-31 03:00:16.238981,VIN-815852,2428,101,P0171,⚠️ CRITICAL DEVIATION DETECTED,2026-07-31 02:38:28.992564
2026-07-31 03:00:20.238981,VIN-145524,2953,102,P0171,⚠️ CRITICAL DEVIATION DETECTED,2026-07-31 02:38:28.995925
2026-07-31 03:00:22.238981,VIN-415416,1958,87,P0171,⚠️ CRITICAL DEVIATION DETECTED,2026-07-31 02:38:28.999237
2026-07-31 03:00:26.238981,VIN-220638,2309,101,P0420,⚠️ CRITICAL DEVIATION DETECTED,2026-07-31 02:38:29.002203
2026-07-31 03:00:27.238981,VIN-239598,2208,105,P0420,⚠️ CRITICAL DEVIATION DETECTED,2026-07-31 02:38:29.005641
2026-07-31 03:00:29.238981,VIN-149657,2864,92,P0171,⚠️ CRITICAL DEVIATION DETECTED,2026-07-31 02:38:29.010410
2026-07-31 03:00:30.238981,VIN-209964,2024,91,P0300,⚠️ CRITICAL DEVIATION DETECTED,2026-07-31 02:38:29.014688
2026-07-31 03:00:31.238981,VIN-543693,3437,97,P0420,⚠️ CRITICAL DEVIATION DETECTED,2026-07-31 02:38:29.019904
2026-07-31 03:00:32.238981,VIN-583717,2511,101,P0171,⚠️ CRITICAL DEVIATION DETECTED,2026-07-31 02:38:29.023059
2026-07-31 03:00:34.238981,VIN-692273,2603,96,P0420,⚠️ CRITICAL DEVIATION DETECTED,2026-07-31 02:38:29.026879
2026-07-31 03:00:35.238981,VIN-660977,1852,99,P0420,⚠️ CRITICAL DEVIATION DETECTED,2026-07-31 02:38:29.030179
2026-07-31 03:00:37.238981,VIN-343688,1652,100,P0300,⚠️ CRITICAL DEVIATION DETECTED,2026-07-31 02:38:29.034275
2026-07-31 03:00:39.238981,VIN-915180,3151,101,P0300,⚠️ CRITICAL DEVIATION DETECTED,2026-07-31 02:38:29.038830
2026-07-31 03:00:41.238981,VIN-147471,1830,93,P0171,⚠️ CRITICAL DEVIATION DETECTED,2026-07-31 02:38:29.043844
2026-07-31 03:00:45.238981,VIN-090903,2471,90,P0171,⚠️ CRITICAL DEVIATION DETECTED,2026-07-31 02:38:29.050607
2026-07-31 03:00:46.238981,VIN-350531,2664,96,P0420,⚠️ CRITICAL DEVIATION DETECTED,2026-07-31 02:38:29.054670
2026-07-31 03:00:47.238981,VIN-136470,3414,92,P0171,⚠️ CRITICAL DEVIATION DETECTED,2026-07-31 02:38:29.058038
2026-07-31 03:00:52.238981,VIN-003892,2927,101,P0171,⚠️ CRITICAL DEVIATION DETECTED,2026-07-31 02:38:29.062324
2026-07-31 03:00:54.238981,VIN-962480,1534,99,P0300,⚠️ CRITICAL DEVIATION DETECTED,2026-07-31 02:38:29.065909
2026-07-31 03:00:55.238981,VIN-058582,2890,99,P0171,⚠️ CRITICAL DEVIATION DETECTED,2026-07-31 02:38:29.069466
2026-07-31 03:00:56.238981,VIN-486858,2282,101,P0171,⚠️ CRITICAL DEVIATION DETECTED,2026-07-31 02:38:29.073108
2026-07-31 03:00:57.238981,VIN-375789,3452,96,P0420,⚠️ CRITICAL DEVIATION DETECTED,2026-07-31 02:38:29.076754
2026-07-31 03:00:58.238981,VIN-110741,3145,89,P0171,⚠️ CRITICAL DEVIATION DETECTED,2026-07-31 02:38:29.079394
2026-07-31 03:01:00.238981,VIN-344762,1720,104,P0300,⚠️ CRITICAL DEVIATION DETECTED,2026-07-31 02:38:29.082437
2026-07-31 03:01:03.238981,VIN-858995,1715,85,P0420,⚠️ CRITICAL DEVIATION DETECTED,2026-07-31 02:38:29.086109
2026-07-31 03:01:04.238981,VIN-641316,2912,98,P0171,⚠️ CRITICAL DEVIATION DETECTED,2026-07-31 02:38:29.088870
2026-07-31 03:01:08.238981,VIN-681982,2754,105,P0300,⚠️ CRITICAL DEVIATION DETECTED,2026-07-31 02:38:29.092373
2026-07-31 03:01:09.238981,VIN-154275,1697,85,P0420,⚠️ CRITICAL DEVIATION DETECTED,2026-07-31 02:38:29.095600
2026-07-31 03:01:10.238981,VIN-691319,2814,97,P0171,⚠️ CRITICAL DEVIATION DETECTED,2026-07-31 02:38:29.099579
2026-07-31 03:01:12.238981,VIN-923609,3070,96,P0420,⚠️ CRITICAL DEVIATION DETECTED,2026-07-31 02:38:29.102988
2026-07-31 03:01:13.238981,VIN-341055,3148,104,P0171,⚠️ CRITICAL DEVIATION DETECTED,2026-07-31 02:38:29.108625
2026-07-31 03:01:14.238981,VIN-840977,2523,89,P0300,⚠️ CRITICAL DEVIATION DETECTED,2026-07-31 02:38:29.113685
2026-07-31 03:01:16.238981,VIN-205091,1633,105,P0300,⚠️ CRITICAL DEVIATION DETECTED,2026-07-31 02:38:29.117977
2026-07-31 03:01:17.238981,VIN-622540,2177,101,P0420,⚠️ CRITICAL DEVIATION DETECTED,2026-07-31 02:38:29.120835
2026-07-31 03:01:19.238981,VIN-669445,3290,103,P0171,⚠️ CRITICAL DEVIATION DETECTED,2026-07-31 02:38:29.123849
2026-07-31 03:01:21.238981,VIN-231823,2868,88,P0171,⚠️ CRITICAL DEVIATION DETECTED,2026-07-31 02:38:29.127111
2026-07-31 03:01:23.238981,VIN-726762,2414,85,P0300,⚠️ CRITICAL DEVIATION DETECTED,2026-07-31 02:38:29.130030
2026-07-31 03:01:24.238981,VIN-673738,2432,103,P0171,⚠️ CRITICAL DEVIATION DETECTED,2026-07-31 02:38:29.132882
2026-07-31 03:01:25.238981,VIN-875329,1509,104,P0420,⚠️ CRITICAL DEVIATION DETECTED,2026-07-31 02:38:29.135715
2026-07-31 03:01:26.238981,VIN-392678,1659,92,P0171,⚠️ CRITICAL DEVIATION DETECTED,2026-07-31 02:38:29.139334
2026-07-31 03:01:28.238981,VIN-202445,1527,95,P0300,⚠️ CRITICAL DEVIATION DETECTED,2026-07-31 02:38:29.143326
2026-07-31 03:01:30.238981,VIN-251016,2063,86,P0420,⚠️ CRITICAL DEVIATION DETECTED,2026-07-31 02:38:29.147636
2026-07-31 03:01:31.238981,VIN-144665,1977,92,P0171,⚠️ CRITICAL DEVIATION DETECTED,2026-07-31 02:38:29.151770
2026-07-31 03:01:35.238981,VIN-381974,2551,98,P0420,⚠️ CRITICAL DEVIATION DETECTED,2026-07-31 02:38:29.154979
2026-07-31 03:01:36.238981,VIN-954096,2988,85,P0300,⚠️ CRITICAL DEVIATION DETECTED,2026-07-31 02:38:29.157412
2026-07-31 03:01:49.238981,VIN-048251,2453,94,P0300,⚠️ CRITICAL DEVIATION DETECTED,2026-07-31 02:38:29.160230
2026-07-31 03:01:50.238981,VIN-826791,1953,92,P0300,⚠️ CRITICAL DEVIATION DETECTED,2026-07-31 02:38:29.164028
2026-07-31 03:01:52.238981,VIN-778319,3188,96,P0171,⚠️ CRITICAL DEVIATION DETECTED,2026-07-31 02:38:29.167386
2026-07-31 03:01:53.238981,VIN-520475,1616,88,P0171,⚠️ CRITICAL DEVIATION DETECTED,2026-07-31 02:38:29.171784
2026-07-31 03:01:56.238981,VIN-827296,2624,94,P0171,⚠️ CRITICAL DEVIATION DETECTED,2026-07-31 02:38:29.175981
2026-07-31 03:01:57.238981,VIN-977404,2155,101,P0300,⚠️ CRITICAL DEVIATION DETECTED,2026-07-31 02:38:29.179971
2026-07-31 03:01:58.238981,VIN-902068,1758,94,P0171,⚠️ CRITICAL DEVIATION DETECTED,2026-07-31 02:38:29.183360
2026-07-31 03:01:59.238981,VIN-601374,1940,89,P0171,⚠️ CRITICAL DEVIATION DETECTED,2026-07-31 02:38:29.186764
2026-07-31 03:02:01.238981,VIN-597358,2574,101,P0420,⚠️ CRITICAL DEVIATION DETECTED,2026-07-31 02:38:29.189947
2026-07-31 03:02:05.238981,VIN-944714,1705,102,P0300,⚠️ CRITICAL DEVIATION DETECTED,2026-07-31 02:38:29.193290
2026-07-31 03:02:06.238981,VIN-327647,0,97,P0420,⚠️ CRITICAL DEVIATION DETECTED,2026-07-31 02:38:29.196606
2026-07-31 03:02:10.238981,VIN-107727,3411,88,P0171,⚠️ CRITICAL DEVIATION DETECTED,2026-07-31 02:38:29.199895
2026-07-31 03:02:13.238981,VIN-492618,2424,100,P0171,⚠️ CRITICAL DEVIATION DETECTED,2026-07-31 02:38:29.202766
2026-07-31 03:02:19.238981,VIN-622970,1694,100,P0171,⚠️ CRITICAL DEVIATION DETECTED,2026-07-31 02:38:29.206655
2026-07-31 03:02:20.238981,VIN-692984,2821,104,P0171,⚠️ CRITICAL DEVIATION DETECTED,2026-07-31 02:38:29.211044
2026-07-31 03:02:21.238981,VIN-440496,2162,103,P0420,⚠️ CRITICAL DEVIATION DETECTED,2026-07-31 02:38:29.214929
2026-07-31 03:02:25.238981,VIN-454697,1855,99,P0420,⚠️ CRITICAL DEVIATION DETECTED,2026-07-31 02:38:29.218629
2026-07-31 03:02:26.238981,VIN-758081,2202,85,P0171,⚠️ CRITICAL DEVIATION DETECTED,2026-07-31 02:38:29.221553
2026-07-31 03:02:27.238981,VIN-911982,2618,99,P0420,⚠️ CRITICAL DEVIATION DETECTED,2026-07-31 02:38:29.224516
2026-07-31 03:02:31.238981,VIN-515348,1824,92,P0420,⚠️ CRITICAL DEVIATION DETECTED,2026-07-31 02:38:29.227610
2026-07-31 03:02:33.238981,VIN-383162,2284,85,P0171,⚠️ CRITICAL DEVIATION DETECTED,2026-07-31 02:38:29.230640
2026-07-31 03:02:36.238981,VIN-176725,2121,103,P0171,⚠️ CRITICAL DEVIATION DETECTED,2026-07-31 02:38:29.233845
2026-07-31 03:02:37.238981,VIN-308657,2372,98,P0420,⚠️ CRITICAL DEVIATION DETECTED,2026-07-31 02:38:29.236271
2026-07-31 03:02:41.238981,VIN-892687,3199,105,P0171,⚠️ CRITICAL DEVIATION DETECTED,2026-07-31 02:38:29.240027
2026-07-31 03:02:42.238981,VIN-201890,0,91,P0420,⚠️ CRITICAL DEVIATION DETECTED,2026-07-31 02:38:29.244256
2026-07-31 03:02:47.238981,VIN-992452,3102,87,P0300,⚠️ CRITICAL DEVIATION DETECTED,2026-07-31 02:38:29.248992
2026-07-31 03:02:50.238981,VIN-374368,2525,88,P0171,⚠️ CRITICAL DEVIATION DETECTED,2026-07-31 02:38:29.252170
2026-07-31 03:02:51.238981,VIN-462616,0,92,P0420,⚠️ CRITICAL DEVIATION DETECTED,2026-07-31 02:38:29.254687
2026-07-31 03:02:55.238981,VIN-051021,1805,95,P0300,⚠️ CRITICAL DEVIATION DETECTED,2026-07-31 02:38:29.257873
2026-07-31 03:02:56.238981,VIN-638417,1705,88,P0300,⚠️ CRITICAL DEVIATION DETECTED,2026-07-31 02:38:29.261073
2026-07-31 03:02:58.238981,VIN-990846,1691,97,P0420,⚠️ CRITICAL DEVIATION DETECTED,2026-07-31 02:38:29.264032
2026-07-31 03:03:03.238981,VIN-359826,1524,104,P0300,⚠️ CRITICAL DEVIATION DETECTED,2026-07-31 02:38:29.267273
2026-07-31 03:03:06.238981,VIN-482507,2825,102,P0171,⚠️ CRITICAL DEVIATION DETECTED,2026-07-31 02:38:29.269986
2026-07-31 03:03:08.238981,VIN-850159,2847,91,P0420,⚠️ CRITICAL DEVIATION DETECTED,2026-07-31 02:38:29.273311
2026-07-31 03:03:09.238981,VIN-087983,2905,90,P0300,⚠️ CRITICAL DEVIATION DETECTED,2026-07-31 02:38:29.289109
2026-07-31 03:03:10.238981,VIN-115321,3069,96,P0300,⚠️ CRITICAL DEVIATION DETECTED,2026-07-31 02:38:29.293268
2026-07-31 03:03:13.238981,VIN-299817,2505,94,P0171,⚠️ CRITICAL DEVIATION DETECTED,2026-07-31 02:38:29.295987
2026-07-31 03:03:15.238981,VIN-949085,3404,92,P0171,⚠️ CRITICAL DEVIATION DETECTED,2026-07-31 02:38:29.298831
2026-07-31 03:03:18.238981,VIN-420280,2480,105,P0420,⚠️ CRITICAL DEVIATION DETECTED,2026-07-31 02:38:29.301733
2026-07-31 03:03:23.238981,VIN-726311,2100,94,P0300,⚠️ CRITICAL DEVIATION DETECTED,2026-07-31 02:38:29.306064
2026-07-31 03:03:28.238981,VIN-297643,1623,96,P0420,⚠️ CRITICAL DEVIATION DETECTED,2026-07-31 02:38:29.309701
2026-07-31 03:03:29.238981,VIN-409039,1844,99,P0171,⚠️ CRITICAL DEVIATION DETECTED,2026-07-31 02:38:29.314417
2026-07-31 03:03:31.238981,VIN-044360,2090,96,P0300,⚠️ CRITICAL DEVIATION DETECTED,2026-07-31 02:38:29.317789
2026-07-31 03:03:35.238981,VIN-832832,1903,100,P0300,⚠️ CRITICAL DEVIATION DETECTED,2026-07-31 02:38:29.320263
2026-07-31 03:03:36.238981,VIN-731792,1744,94,P0171,⚠️ CRITICAL DEVIATION DETECTED,2026-07-31 02:38:29.322644
2026-07-31 03:03:37.238981,VIN-341151,1629,98,P0300,⚠️ CRITICAL DEVIATION DETECTED,2026-07-31 02:38:29.324848
2026-07-31 03:03:38.238981,VIN-118385,3393,94,P0300,⚠️ CRITICAL DEVIATION DETECTED,2026-07-31 02:38:29.327746
2026-07-31 03:03:39.238981,VIN-537318,3377,105,P0171,⚠️ CRITICAL DEVIATION DETECTED,2026-07-31 02:38:29.330171
2026-07-31 03:03:41.238981,VIN-333277,2915,98,P0171,⚠️ CRITICAL DEVIATION DETECTED,2026-07-31 02:38:29.332776
2026-07-31 03:03:48.238981,VIN-199418,2401,98,P0420,⚠️ CRITICAL DEVIATION DETECTED,2026-07-31 02:38:29.335740
2026-07-31 03:03:50.238981,VIN-711102,3209,85,P0171,⚠️ CRITICAL DEVIATION DETECTED,2026-07-31 02:38:29.338800
2026-07-31 03:03:56.238981,VIN-292663,1591,101,P0300,⚠️ CRITICAL DEVIATION DETECTED,2026-07-31 02:38:29.342144
2026-07-31 03:03:57.238981,VIN-450823,1871,100,P0171,⚠️ CRITICAL DEVIATION DETECTED,2026-07-31 02:38:29.344874
2026-07-31 03:03:59.238981,VIN-773653,1558,97,P0300,⚠️ CRITICAL DEVIATION DETECTED,2026-07-31 02:38:29.347839
2026-07-31 03:04:01.238981,VIN-578422,2754,98,P0300,⚠️ CRITICAL DEVIATION DETECTED,2026-07-31 02:38:29.352051
2026-07-31 03:04:02.238981,VIN-196401,2594,96,P0171,⚠️ CRITICAL DEVIATION DETECTED,2026-07-31 02:38:29.354732
2026-07-31 03:04:03.238981,VIN-140569,2583,98,P0420,⚠️ CRITICAL DEVIATION DETECTED,2026-07-31 02:38:29.357932
2026-07-31 03:04:06.238981,VIN-942669,1615,95,P0171,⚠️ CRITICAL DEVIATION DETECTED,2026-07-31 02:38:29.360763
2026-07-31 03:04:07.238981,VIN-999648,2022,93,P0300,⚠️ CRITICAL DEVIATION DETECTED,2026-07-31 02:38:29.363312
2026-07-31 03:04:08.238981,VIN-006755,2584,85,P0420,⚠️ CRITICAL DEVIATION DETECTED,2026-07-31 02:38:29.366711
2026-07-31 03:04:10.238981,VIN-414767,0,89,P0420,⚠️ CRITICAL DEVIATION DETECTED,2026-07-31 02:38:29.369710
2026-07-31 03:04:13.238981,VIN-897340,2338,104,P0300,⚠️ CRITICAL DEVIATION DETECTED,2026-07-31 02:38:29.373361
2026-07-31 03:04:14.238981,VIN-307425,2447,100,P0300,⚠️ CRITICAL DEVIATION DETECTED,2026-07-31 02:38:29.377310
2026-07-31 03:04:15.238981,VIN-751265,2280,100,P0171,⚠️ CRITICAL DEVIATION DETECTED,2026-07-31 02:38:29.381927
2026-07-31 03:04:17.238981,VIN-991654,1701,90,P0171,⚠️ CRITICAL DEVIATION DETECTED,2026-07-31 02:38:29.384845
2026-07-31 03:04:23.238981,VIN-465056,3500,89,P0171,⚠️ CRITICAL DEVIATION DETECTED,2026-07-31 02:38:29.387725
2026-07-31 03:04:24.238981,VIN-273892,2346,101,P0420,⚠️ CRITICAL DEVIATION DETECTED,2026-07-31 02:38:29.390575
2026-07-31 03:04:26.238981,VIN-255195,3245,95,P0171,⚠️ CRITICAL DEVIATION DETECTED,2026-07-31 02:38:29.394380
2026-07-31 03:04:28.238981,VIN-410978,3244,90,P0171,⚠️ CRITICAL DEVIATION DETECTED,2026-07-31 02:38:29.397176
2026-07-31 03:04:29.238981,VIN-314797,3458,95,P0300,⚠️ CRITICAL DEVIATION DETECTED,2026-07-31 02:38:29.402965
2026-07-31 03:04:32.238981,VIN-931208,0,94,P0300,⚠️ CRITICAL DEVIATION DETECTED,2026-07-31 02:38:29.406383
2026-07-31 03:04:35.238981,VIN-388654,3066,102,P0420,⚠️ CRITICAL DEVIATION DETECTED,2026-07-31 02:38:29.410456
2026-07-31 03:04:43.238981,VIN-968915,3453,96,P0171,⚠️ CRITICAL DEVIATION DETECTED,2026-07-31 02:38:29.414723
2026-07-31 03:04:46.238981,VIN-996435,3220,98,P0171,⚠️ CRITICAL DEVIATION DETECTED,2026-07-31 02:38:29.418388
2026-07-31 03:04:47.238981,VIN-588737,2876,98,P0171,⚠️ CRITICAL DEVIATION DETECTED,2026-07-31 02:38:29.421956
2026-07-31 03:04:53.238981,VIN-201782,2666,94,P0300,⚠️ CRITICAL DEVIATION DETECTED,2026-07-31 02:38:29.424896
2026-07-31 03:04:57.238981,VIN-317808,1940,103,P0171,⚠️ CRITICAL DEVIATION DETECTED,2026-07-31 02:38:29.427794
2026-07-31 03:04:59.238981,VIN-613785,2929,94,P0300,⚠️ CRITICAL DEVIATION DETECTED,2026-07-31 02:38:29.430814
2026-07-31 03:05:01.238981,VIN-942636,2265,103,P0171,⚠️ CRITICAL DEVIATION DETECTED,2026-07-31 02:38:29.433832
2026-07-31 03:05:03.238981,VIN-440721,1825,103,P0171,⚠️ CRITICAL DEVIATION DETECTED,2026-07-31 02:38:29.437148
2026-07-31 03:05:05.238981,VIN-635724,2696,86,P0171,⚠️ CRITICAL DEVIATION DETECTED,2026-07-31 02:38:29.442463
2026-07-31 03:05:06.238981,VIN-841904,2941,96,P0420,⚠️ CRITICAL DEVIATION DETECTED,2026-07-31 02:38:29.446871
2026-07-31 03:05:08.238981,VIN-141996,1905,87,P0420,⚠️ CRITICAL DEVIATION DETECTED,2026-07-31 02:38:29.449785
2026-07-31 03:05:10.238981,VIN-267123,3302,94,P0420,⚠️ CRITICAL DEVIATION DETECTED,2026-07-31 02:38:29.453260
2026-07-31 03:05:11.238981,VIN-593287,0,101,P0171,⚠️ CRITICAL DEVIATION DETECTED,2026-07-31 02:38:29.456329
2026-07-31 03:05:13.238981,VIN-228269,2789,105,P0171,⚠️ CRITICAL DEVIATION DETECTED,2026-07-31 02:38:29.459187
2026-07-31 03:05:14.238981,VIN-424297,3025,105,P0300,⚠️ CRITICAL DEVIATION DETECTED,2026-07-31 02:38:29.462290
2026-07-31 03:05:19.238981,VIN-954755,0,102,P0171,⚠️ CRITICAL DEVIATION DETECTED,2026-07-31 02:38:29.468296
2026-07-31 03:05:21.238981,VIN-644058,2295,98,P0300,⚠️ CRITICAL DEVIATION DETECTED,2026-07-31 02:38:29.480246
2026-07-31 03:05:22.238981,VIN-486251,1986,93,P0300,⚠️ CRITICAL DEVIATION DETECTED,2026-07-31 02:38:29.489938
2026-07-31 03:05:23.238981,VIN-358583,2574,94,P0300,⚠️ CRITICAL DEVIATION DETECTED,2026-07-31 02:38:29.499947
2026-07-31 03:05:26.238981,VIN-479817,2196,91,P0171,⚠️ CRITICAL DEVIATION DETECTED,2026-07-31 02:38:29.526285
2026-07-31 03:05:31.238981,VIN-477569,2677,86,P0171,⚠️ CRITICAL DEVIATION DETECTED,2026-07-31 02:38:29.550957
2026-07-31 03:05:34.238981,VIN-581222,2702,101,P0300,⚠️ CRITICAL DEVIATION DETECTED,2026-07-31 02:38:29.555131
2026-07-31 03:05:37.238981,VIN-825053,3441,93,P0420,⚠️ CRITICAL DEVIATION DETECTED,2026-07-31 02:38:29.558491
2026-07-31 03:05:43.238981,VIN-335215,1769,102,P0300,⚠️ CRITICAL DEVIATION DETECTED,2026-07-31 02:38:29.567819
2026-07-31 03:05:45.238981,VIN-952268,3369,102,P0171,⚠️ CRITICAL DEVIATION DETECTED,2026-07-31 02:38:29.577804
2026-07-31 03:05:49.238981,VIN-155608,2020,104,P0300,⚠️ CRITICAL DEVIATION DETECTED,2026-07-31 02:38:29.590559
2026-07-31 03:05:50.238981,VIN-685476,2657,105,P0171,⚠️ CRITICAL DEVIATION DETECTED,2026-07-31 02:38:29.598792
2026-07-31 03:05:51.238981,VIN-397349,2965,102,P0420,⚠️ CRITICAL DEVIATION DETECTED,2026-07-31 02:38:29.608354
2026-07-31 03:05:59.238981,VIN-088062,2632,93,P0420,⚠️ CRITICAL DEVIATION DETECTED,2026-07-31 02:38:29.623834
2026-07-31 03:06:00.238981,VIN-378764,1820,89,P0300,⚠️ CRITICAL DEVIATION DETECTED,2026-07-31 02:38:29.628753
2026-07-31 03:06:01.238981,VIN-280662,2649,90,P0171,⚠️ CRITICAL DEVIATION DETECTED,2026-07-31 02:38:29.633988
2026-07-31 03:06:06.238981,VIN-637962,2387,86,P0300,⚠️ CRITICAL DEVIATION DETECTED,2026-07-31 02:38:29.654833
2026-07-31 03:06:07.238981,VIN-771612,0,104,P0171,⚠️ CRITICAL DEVIATION DETECTED,2026-07-31 02:38:29.663389
2026-07-31 03:06:09.238981,VIN-071248,1609,92,P0171,⚠️ CRITICAL DEVIATION DETECTED,2026-07-31 02:38:29.698763
2026-07-31 03:06:11.238981,VIN-125870,2703,105,P0171,⚠️ CRITICAL DEVIATION DETECTED,2026-07-31 02:38:29.723692
2026-07-31 03:06:14.238981,VIN-723770,3317,94,P0420,⚠️ CRITICAL DEVIATION DETECTED,2026-07-31 02:38:29.728500
2026-07-31 03:06:15.238981,VIN-269424,2518,94,P0420,⚠️ CRITICAL DEVIATION DETECTED,2026-07-31 02:38:29.732052
2026-07-31 03:06:19.238981,VIN-055488,3438,86,P0300,⚠️ CRITICAL DEVIATION DETECTED,2026-07-31 02:38:29.735976
2026-07-31 03:06:22.238981,VIN-835643,0,99,P0171,⚠️ CRITICAL DEVIATION DETECTED,2026-07-31 02:38:29.743920
2026-07-31 03:06:23.238981,VIN-602103,1518,94,P0171,⚠️ CRITICAL DEVIATION DETECTED,2026-07-31 02:38:29.752787
2026-07-31 03:06:24.238981,VIN-866977,3161,92,P0171,⚠️ CRITICAL DEVIATION DETECTED,2026-07-31 02:38:29.756197
2026-07-31 03:06:26.238981,VIN-255847,3222,105,P0300,⚠️ CRITICAL DEVIATION DETECTED,2026-07-31 02:38:29.759764
2026-07-31 03:06:30.238981,VIN-363964,2715,100,P0420,⚠️ CRITICAL DEVIATION DETECTED,2026-07-31 02:38:29.763716
2026-07-31 03:06:37.238981,VIN-317208,1539,89,P0171,⚠️ CRITICAL DEVIATION DETECTED,2026-07-31 02:38:29.767668
2026-07-31 03:06:39.238981,VIN-976300,2091,92,P0420,⚠️ CRITICAL DEVIATION DETECTED,2026-07-31 02:38:29.772016
2026-07-31 03:06:42.238981,VIN-036690,1974,104,P0171,⚠️ CRITICAL DEVIATION DETECTED,2026-07-31 02:38:29.776948
2026-07-31 03:06:46.238981,VIN-913573,2391,94,P0420,⚠️ CRITICAL DEVIATION DETECTED,2026-07-31 02:38:29.783464
2026-07-31 03:06:50.238981,VIN-964035,2024,95,P0420,⚠️ CRITICAL DEVIATION DETECTED,2026-07-31 02:38:29.787125
2026-07-31 03:06:51.238981,VIN-478633,2437,101,P0171,⚠️ CRITICAL DEVIATION DETECTED,2026-07-31 02:38:29.791827
2026-07-31 03:06:56.238981,VIN-728160,3244,85,P0300,⚠️ CRITICAL DEVIATION DETECTED,2026-07-31 02:38:29.795668
2026-07-31 03:06:58.238981,VIN-004052,3196,105,P0300,⚠️ CRITICAL DEVIATION DETECTED,2026-07-31 02:38:29.799132
2026-07-31 03:07:03.238981,VIN-427658,3293,95,P0300,⚠️ CRITICAL DEVIATION DETECTED,2026-07-31 02:38:29.802514
2026-07-31 03:07:04.238981,VIN-429521,2975,93,P0420,⚠️ CRITICAL DEVIATION DETECTED,2026-07-31 02:38:29.807213
2026-07-31 03:07:07.238981,VIN-570649,2706,87,P0420,⚠️ CRITICAL DEVIATION DETECTED,2026-07-31 02:38:29.811617
2026-07-31 03:07:09.238981,VIN-583422,2992,92,P0420,⚠️ CRITICAL DEVIATION DETECTED,2026-07-31 02:38:29.817281
2026-07-31 03:07:10.238981,VIN-309247,2504,93,P0171,⚠️ CRITICAL DEVIATION DETECTED,2026-07-31 02:38:29.821264
2026-07-31 03:07:11.238981,VIN-337614,1688,101,P0171,⚠️ CRITICAL DEVIATION DETECTED,2026-07-31 02:38:29.825038
2026-07-31 03:07:13.238981,VIN-154690,2468,89,P0171,⚠️ CRITICAL DEVIATION DETECTED,2026-07-31 02:38:29.828406
2026-07-31 03:07:14.238981,VIN-593081,2319,87,P0420,⚠️ CRITICAL DEVIATION DETECTED,2026-07-31 02:38:29.837134
2026-07-31 03:07:19.238981,VIN-892107,1829,91,P0171,⚠️ CRITICAL DEVIATION DETECTED,2026-07-31 02:38:29.841839
2026-07-31 03:07:20.238981,VIN-525689,2052,98,P0171,⚠️ CRITICAL DEVIATION DETECTED,2026-07-31 02:38:29.846647
2026-07-31 03:07:21.238981,VIN-334392,1735,87,P0171,⚠️ CRITICAL DEVIATION DETECTED,2026-07-31 02:38:29.852041
2026-07-31 03:07:22.238981,VIN-674601,2104,98,P0171,⚠️ CRITICAL DEVIATION DETECTED,2026-07-31 02:38:29.855595
2026-07-31 03:07:23.238981,VIN-205246,2180,89,P0300,⚠️ CRITICAL DEVIATION DETECTED,2026-07-31 02:38:29.859130
2026-07-31 03:07:25.238981,VIN-980863,2846,88,P0420,⚠️ CRITICAL DEVIATION DETECTED,2026-07-31 02:38:29.862195
2026-07-31 03:07:27.238981,VIN-286040,1831,85,P0300,⚠️ CRITICAL DEVIATION DETECTED,2026-07-31 02:38:29.865142
2026-07-31 03:07:32.238981,VIN-858141,3498,85,P0300,⚠️ CRITICAL DEVIATION DETECTED,2026-07-31 02:38:29.868289
2026-07-31 03:07:33.238981,VIN-037058,3479,86,P0300,⚠️ CRITICAL DEVIATION DETECTED,2026-07-31 02:38:29.872694
2026-07-31 03:07:37.238981,VIN-585748,3222,85,P0300,⚠️ CRITICAL DEVIATION DETECTED,2026-07-31 02:38:29.878332
2026-07-31 03:07:41.238981,VIN-223524,3352,103,P0420,⚠️ CRITICAL DEVIATION DETECTED,2026-07-31 02:38:29.882632
2026-07-31 03:07:42.238981,VIN-282781,0,94,P0171,⚠️ CRITICAL DEVIATION DETECTED,2026-07-31 02:38:29.888235
2026-07-31 03:07:44.238981,VIN-469163,0,86,P0300,⚠️ CRITICAL DEVIATION DETECTED,2026-07-31 02:38:29.892672
2026-07-31 03:07:49.238981,VIN-423509,3304,87,P0420,⚠️ CRITICAL DEVIATION DETECTED,2026-07-31 02:38:29.896310
2026-07-31 03:07:51.238981,VIN-031797,2774,97,P0300,⚠️ CRITICAL DEVIATION DETECTED,2026-07-31 02:38:29.900034
2026-07-31 03:07:52.238981,VIN-875285,1929,85,P0420,⚠️ CRITICAL DEVIATION DETECTED,2026-07-31 02:38:29.904776
2026-07-31 03:07:54.238981,VIN-560917,2235,103,P0171,⚠️ CRITICAL DEVIATION DETECTED,2026-07-31 02:38:29.910328
2026-07-31 03:07:56.238981,VIN-266514,1742,101,P0171,⚠️ CRITICAL DEVIATION DETECTED,2026-07-31 02:38:29.914116
2026-07-31 03:07:58.238981,VIN-910971,2049,93,P0420,⚠️ CRITICAL DEVIATION DETECTED,2026-07-31 02:38:29.918449
2026-07-31 03:07:59.238981,VIN-204409,2589,104,P0300,⚠️ CRITICAL DEVIATION DETECTED,2026-07-31 02:38:29.922559
2026-07-31 03:08:00.238981,VIN-005184,2677,105,P0420,⚠️ CRITICAL DEVIATION DETECTED,2026-07-31 02:38:29.926453
2026-07-31 03:08:01.238981,VIN-433998,2352,101,P0171,⚠️ CRITICAL DEVIATION DETECTED,2026-07-31 02:38:29.930684
2026-07-31 03:08:02.238981,VIN-737624,3331,89,P0300,⚠️ CRITICAL DEVIATION DETECTED,2026-07-31 02:38:29.933867
2026-07-31 03:08:05.238981,VIN-305964,1858,86,P0300,⚠️ CRITICAL DEVIATION DETECTED,2026-07-31 02:38:29.938747
2026-07-31 03:08:06.238981,VIN-455994,2659,100,P0420,⚠️ CRITICAL DEVIATION DETECTED,2026-07-31 02:38:29.948123
2026-07-31 03:08:07.238981,VIN-876634,3150,101,P0171,⚠️ CRITICAL DEVIATION DETECTED,2026-07-31 02:38:29.953037
2026-07-31 03:08:10.238981,VIN-681019,2568,104,P0300,⚠️ CRITICAL DEVIATION DETECTED,2026-07-31 02:38:29.956972
2026-07-31 03:08:11.238981,VIN-704728,3111,100,P0171,⚠️ CRITICAL DEVIATION DETECTED,2026-07-31 02:38:29.960100
2026-07-31 03:08:14.238981,VIN-025202,3317,105,P0171,⚠️ CRITICAL DEVIATION DETECTED,2026-07-31 02:38:29.963122
2026-07-31 03:08:16.238981,VIN-853407,1829,90,P0300,⚠️ CRITICAL DEVIATION DETECTED,2026-07-31 02:38:29.966140
2026-07-31 03:08:19.238981,VIN-269800,3081,91,P0420,⚠️ CRITICAL DEVIATION DETECTED,2026-07-31 02:38:29.969176
2026-07-31 03:08:20.238981,VIN-426906,2399,90,P0300,⚠️ CRITICAL DEVIATION DETECTED,2026-07-31 02:38:29.973071
2026-07-31 03:08:25.238981,VIN-768720,3338,90,P0420,⚠️ CRITICAL DEVIATION DETECTED,2026-07-31 02:38:29.978672
2026-07-31 03:08:27.238981,VIN-288521,2847,88,P0300,⚠️ CRITICAL DEVIATION DETECTED,2026-07-31 02:38:29.986376
2026-07-31 03:08:31.238981,VIN-936327,2364,85,P0171,⚠️ CRITICAL DEVIATION DETECTED,2026-07-31 02:38:29.990078
2026-07-31 03:08:36.238981,VIN-997845,3279,102,P0171,⚠️ CRITICAL DEVIATION DETECTED,2026-07-31 02:38:29.993389
2026-07-31 03:08:37.238981,VIN-251714,3472,87,P0420,⚠️ CRITICAL DEVIATION DETECTED,2026-07-31 02:38:29.997202
2026-07-31 03:08:40.238981,VIN-267277,0,94,P0420,⚠️ CRITICAL DEVIATION DETECTED,2026-07-31 02:38:30.000065
2026-07-31 03:08:41.238981,VIN-905973,1854,104,P0171,⚠️ CRITICAL DEVIATION DETECTED,2026-07-31 02:38:30.003349
2026-07-31 03:08:42.238981,VIN-730991,1922,85,P0420,⚠️ CRITICAL DEVIATION DETECTED,2026-07-31 02:38:30.008052
2026-07-31 03:08:43.238981,VIN-171089,3169,91,P0171,⚠️ CRITICAL DEVIATION DETECTED,2026-07-31 02:38:30.013160
2026-07-31 03:08:44.238981,VIN-576467,1717,87,P0300,⚠️ CRITICAL DEVIATION DETECTED,2026-07-31 02:38:30.017664
2026-07-31 03:08:45.238981,VIN-831005,3082,94,P0171,⚠️ CRITICAL DEVIATION DETECTED,2026-07-31 02:38:30.021418
2026-07-31 03:08:46.238981,VIN-537114,0,85,P0171,⚠️ CRITICAL DEVIATION DETECTED,2026-07-31 02:38:30.025028
2026-07-31 03:08:47.238981,VIN-336680,2886,93,P0171,⚠️ CRITICAL DEVIATION DETECTED,2026-07-31 02:38:30.028747
2026-07-31 03:08:48.238981,VIN-982612,2792,103,P0300,⚠️ CRITICAL DEVIATION DETECTED,2026-07-31 02:38:30.032602
2026-07-31 03:08:51.238981,VIN-935058,1916,88,P0300,⚠️ CRITICAL DEVIATION DETECTED,2026-07-31 02:38:30.037805
2026-07-31 03:08:53.238981,VIN-105741,1888,101,P0171,⚠️ CRITICAL DEVIATION DETECTED,2026-07-31 02:38:30.045129
2026-07-31 03:08:54.238981,VIN-633128,3209,85,P0171,⚠️ CRITICAL DEVIATION DETECTED,2026-07-31 02:38:30.052209
2026-07-31 03:08:55.238981,VIN-662649,3235,92,P0420,⚠️ CRITICAL DEVIATION DETECTED,2026-07-31 02:38:30.056837
2026-07-31 03:08:57.238981,VIN-850302,3462,103,P0171,⚠️ CRITICAL DEVIATION DETECTED,2026-07-31 02:38:30.061216
2026-07-31 03:09:00.238981,VIN-317278,3309,87,P0300,⚠️ CRITICAL DEVIATION DETECTED,2026-07-31 02:38:30.064963
2026-07-31 03:09:01.238981,VIN-961091,1638,88,P0171,⚠️ CRITICAL DEVIATION DETECTED,2026-07-31 02:38:30.067921
2026-07-31 03:09:03.238981,VIN-250390,1542,97,P0171,⚠️ CRITICAL DEVIATION DETECTED,2026-07-31 02:38:30.074506
2026-07-31 03:09:08.238981,VIN-422590,2148,105,P0420,⚠️ CRITICAL DEVIATION DETECTED,2026-07-31 02:38:30.080797
2026-07-31 03:09:12.238981,VIN-947962,2782,88,P0420,⚠️ CRITICAL DEVIATION DETECTED,2026-07-31 02:38:30.085117
2026-07-31 03:09:14.238981,VIN-735941,2351,85,P0420,⚠️ CRITICAL DEVIATION DETECTED,2026-07-31 02:38:30.089646
2026-07-31 03:09:19.238981,VIN-433819,1669,98,P0171,⚠️ CRITICAL DEVIATION DETECTED,2026-07-31 02:38:30.092998
2026-07-31 03:09:22.238981,VIN-617586,2871,101,P0420,⚠️ CRITICAL DEVIATION DETECTED,2026-07-31 02:38:30.097792
2026-07-31 03:09:23.238981,VIN-446183,1603,88,P0420,⚠️ CRITICAL DEVIATION DETECTED,2026-07-31 02:38:30.101541
2026-07-31 03:09:25.238981,VIN-602782,1860,91,P0300,⚠️ CRITICAL DEVIATION DETECTED,2026-07-31 02:38:30.104769
2026-07-31 03:09:42.238981,VIN-677637,2245,96,P0420,⚠️ CRITICAL DEVIATION DETECTED,2026-07-31 02:38:30.111315
2026-07-31 03:09:43.238981,VIN-421522,2996,101,P0300,⚠️ CRITICAL DEVIATION DETECTED,2026-07-31 02:38:30.116217
2026-07-31 03:09:47.238981,VIN-826602,1676,88,P0420,⚠️ CRITICAL DEVIATION DETECTED,2026-07-31 02:38:30.119696
2026-07-31 03:09:53.238981,VIN-916372,3042,90,P0300,⚠️ CRITICAL DEVIATION DETECTED,2026-07-31 02:38:30.123055
2026-07-31 03:10:00.238981,VIN-462259,2926,102,P0420,⚠️ CRITICAL DEVIATION DETECTED,2026-07-31 02:38:30.125844
2026-07-31 03:10:01.238981,VIN-054136,2433,94,P0300,⚠️ CRITICAL DEVIATION DETECTED,2026-07-31 02:38:30.128903
2026-07-31 03:10:06.238981,VIN-700594,1765,93,P0420,⚠️ CRITICAL DEVIATION DETECTED,2026-07-31 02:38:30.132545
2026-07-31 03:10:08.238981,VIN-722254,3288,89,P0420,⚠️ CRITICAL DEVIATION DETECTED,2026-07-31 02:38:30.136149
2026-07-31 03:10:10.238981,VIN-415988,1771,96,P0420,⚠️ CRITICAL DEVIATION DETECTED,2026-07-31 02:38:30.141210
2026-07-31 03:10:11.238981,VIN-450338,2066,105,P0300,⚠️ CRITICAL DEVIATION DETECTED,2026-07-31 02:38:30.153306
2026-07-31 03:10:12.238981,VIN-842750,1698,97,P0300,⚠️ CRITICAL DEVIATION DETECTED,2026-07-31 02:38:30.156968
2026-07-31 03:10:18.238981,VIN-546314,2236,90,P0300,⚠️ CRITICAL DEVIATION DETECTED,2026-07-31 02:38:30.160266
2026-07-31 03:10:20.238981,VIN-230780,2637,99,P0171,⚠️ CRITICAL DEVIATION DETECTED,2026-07-31 02:38:30.163345
2026-07-31 03:10:21.238981,VIN-932961,3331,95,P0171,⚠️ CRITICAL DEVIATION DETECTED,2026-07-31 02:38:30.167428
2026-07-31 03:10:25.238981,VIN-676675,1973,102,P0300,⚠️ CRITICAL DEVIATION DETECTED,2026-07-31 02:38:30.171258
2026-07-31 03:10:26.238981,VIN-179734,3179,103,P0420,⚠️ CRITICAL DEVIATION DETECTED,2026-07-31 02:38:30.177204
2026-07-31 03:10:29.238981,VIN-510156,2181,95,P0420,⚠️ CRITICAL DEVIATION DETECTED,2026-07-31 02:38:30.182966
2026-07-31 03:10:31.238981,VIN-326642,2347,97,P0420,⚠️ CRITICAL DEVIATION DETECTED,2026-07-31 02:38:30.187304
2026-07-31 03:10:32.238981,VIN-190853,3038,96,P0300,⚠️ CRITICAL DEVIATION DETECTED,2026-07-31 02:38:30.192176
2026-07-31 03:10:33.238981,VIN-486726,1839,86,P0171,⚠️ CRITICAL DEVIATION DETECTED,2026-07-31 02:38:30.196899
2026-07-31 03:10:38.238981,VIN-407310,2340,97,P0420,⚠️ CRITICAL DEVIATION DETECTED,2026-07-31 02:38:30.200768
2026-07-31 03:10:47.238981,VIN-217813,1768,104,P0171,⚠️ CRITICAL DEVIATION DETECTED,2026-07-31 02:38:30.204304
2026-07-31 03:10:49.238981,VIN-593494,1510,86,P0420,⚠️ CRITICAL DEVIATION DETECTED,2026-07-31 02:38:30.210051
2026-07-31 03:10:51.238981,VIN-367591,2782,94,P0420,⚠️ CRITICAL DEVIATION DETECTED,2026-07-31 02:38:30.216591
2026-07-31 03:10:54.238981,VIN-739366,1944,98,P0420,⚠️ CRITICAL DEVIATION DETECTED,2026-07-31 02:38:30.220762
2026-07-31 03:10:55.238981,VIN-483509,1905,91,P0300,⚠️ CRITICAL DEVIATION DETECTED,2026-07-31 02:38:30.224089
2026-07-31 03:10:58.238981,VIN-094261,3334,90,P0420,⚠️ CRITICAL DEVIATION DETECTED,2026-07-31 02:38:30.228171
2026-07-31 03:10:59.238981,VIN-941356,2836,89,P0420,⚠️ CRITICAL DEVIATION DETECTED,2026-07-31 02:38:30.230874
2026-07-31 03:11:00.238981,VIN-816621,3096,85,P0300,⚠️ CRITICAL DEVIATION DETECTED,2026-07-31 02:38:30.234159
2026-07-31 03:11:02.238981,VIN-426277,3109,97,P0420,⚠️ CRITICAL DEVIATION DETECTED,2026-07-31 02:38:30.237008
2026-07-31 03:11:03.238981,VIN-071708,2439,95,P0300,⚠️ CRITICAL DEVIATION DETECTED,2026-07-31 02:38:30.242698
2026-07-31 03:11:05.238981,VIN-285932,2514,95,P0420,⚠️ CRITICAL DEVIATION DETECTED,2026-07-31 02:38:30.250413
2026-07-31 03:11:06.238981,VIN-754367,3060,94,P0171,⚠️ CRITICAL DEVIATION DETECTED,2026-07-31 02:38:30.255809
2026-07-31 03:11:08.238981,VIN-961033,2842,100,P0420,⚠️ CRITICAL DEVIATION DETECTED,2026-07-31 02:38:30.260529
2026-07-31 03:11:13.238981,VIN-195037,1520,100,P0300,⚠️ CRITICAL DEVIATION DETECTED,2026-07-31 02:38:30.264923
2026-07-31 03:11:16.238981,VIN-580015,2305,94,P0420,⚠️ CRITICAL DEVIATION DETECTED,2026-07-31 02:38:30.267760
2026-07-31 03:11:17.238981,VIN-250063,3016,105,P0300,⚠️ CRITICAL DEVIATION DETECTED,2026-07-31 02:38:30.270780
2026-07-31 03:11:19.238981,VIN-320357,2969,103,P0171,⚠️ CRITICAL DEVIATION DETECTED,2026-07-31 02:38:30.273857
2026-07-31 03:11:21.238981,VIN-448430,3203,93,P0171,⚠️ CRITICAL DEVIATION DETECTED,2026-07-31 02:38:30.282821
2026-07-31 03:11:25.238981,VIN-992912,2535,96,P0171,⚠️ CRITICAL DEVIATION DETECTED,2026-07-31 02:38:30.288029
2026-07-31 03:11:27.238981,VIN-880613,3381,89,P0420,⚠️ CRITICAL DEVIATION DETECTED,2026-07-31 02:38:30.300905
2026-07-31 03:11:29.238981,VIN-377977,1719,86,P0171,⚠️ CRITICAL DEVIATION DETECTED,2026-07-31 02:38:30.325348
2026-07-31 03:11:35.238981,VIN-949107,2913,92,P0171,⚠️ CRITICAL DEVIATION DETECTED,2026-07-31 02:38:30.344849
2026-07-31 03:11:36.238981,VIN-083431,3256,100,P0420,⚠️ CRITICAL DEVIATION DETECTED,2026-07-31 02:38:30.352109
2026-07-31 03:11:37.238981,VIN-484976,2777,99,P0300,⚠️ CRITICAL DEVIATION DETECTED,2026-07-31 02:38:30.355888
2026-07-31 03:11:38.238981,VIN-674995,2133,86,P0300,⚠️ CRITICAL DEVIATION DETECTED,2026-07-31 02:38:30.359062
2026-07-31 03:11:39.238981,VIN-156009,2265,94,P0300,⚠️ CRITICAL DEVIATION DETECTED,2026-07-31 02:38:30.363778
2026-07-31 03:11:40.238981,VIN-430494,2933,85,P0420,⚠️ CRITICAL DEVIATION DETECTED,2026-07-31 02:38:30.367376
2026-07-31 03:11:41.238981,VIN-494816,3182,105,P0300,⚠️ CRITICAL DEVIATION DETECTED,2026-07-31 02:38:30.371092
2026-07-31 03:11:47.238981,VIN-653901,2275,88,P0420,⚠️ CRITICAL DEVIATION DETECTED,2026-07-31 02:38:30.376656
2026-07-31 03:11:48.238981,VIN-033840,2070,92,P0171,⚠️ CRITICAL DEVIATION DETECTED,2026-07-31 02:38:30.382261
2026-07-31 03:11:49.238981,VIN-441820,2757,99,P0420,⚠️ CRITICAL DEVIATION DETECTED,2026-07-31 02:38:30.387379
2026-07-31 03:11:50.238981,VIN-003494,1593,105,P0420,⚠️ CRITICAL DEVIATION DETECTED,2026-07-31 02:38:30.391382
2026-07-31 03:11:52.238981,VIN-301739,3255,99,P0171,⚠️ CRITICAL DEVIATION DETECTED,2026-07-31 02:38:30.398278
2026-07-31 03:11:53.238981,VIN-779964,2836,85,P0420,⚠️ CRITICAL DEVIATION DETECTED,2026-07-31 02:38:30.401848
2026-07-31 03:11:57.238981,VIN-527113,1675,103,P0171,⚠️ CRITICAL DEVIATION DETECTED,2026-07-31 02:38:30.410874
2026-07-31 03:11:58.238981,VIN-814393,2911,97,P0171,⚠️ CRITICAL DEVIATION DETECTED,2026-07-31 02:38:30.419713
2026-07-31 03:12:02.238981,VIN-046189,1648,85,P0300,⚠️ CRITICAL DEVIATION DETECTED,2026-07-31 02:38:30.425879
2026-07-31 03:12:07.238981,VIN-639829,1662,102,P0420,⚠️ CRITICAL DEVIATION DETECTED,2026-07-31 02:38:30.432603
2026-07-31 03:12:09.238981,VIN-274696,2473,91,P0420,⚠️ CRITICAL DEVIATION DETECTED,2026-07-31 02:38:30.436944
2026-07-31 03:12:10.238981,VIN-722667,1654,88,P0171,⚠️ CRITICAL DEVIATION DETECTED,2026-07-31 02:38:30.444625
2026-07-31 03:12:11.238981,VIN-895778,2425,85,P0300,⚠️ CRITICAL DEVIATION DETECTED,2026-07-31 02:38:30.456972
2026-07-31 03:12:14.238981,VIN-928258,3420,98,P0300,⚠️ CRITICAL DEVIATION DETECTED,2026-07-31 02:38:30.460683
2026-07-31 03:12:17.238981,VIN-261618,1846,97,P0420,⚠️ CRITICAL DEVIATION DETECTED,2026-07-31 02:38:30.463870
2026-07-31 03:12:18.238981,VIN-612227,2732,88,P0420,⚠️ CRITICAL DEVIATION DETECTED,2026-07-31 02:38:30.467651
2026-07-31 03:12:20.238981,VIN-019405,2698,102,P0171,⚠️ CRITICAL DEVIATION DETECTED,2026-07-31 02:38:30.471217
2026-07-31 03:12:21.238981,VIN-028298,1983,89,P0300,⚠️ CRITICAL DEVIATION DETECTED,2026-07-31 02:38:30.476038
2026-07-31 03:12:22.238981,VIN-158775,1891,86,P0171,⚠️ CRITICAL DEVIATION DETECTED,2026-07-31 02:38:30.481139
2026-07-31 03:12:30.238981,VIN-778565,2651,105,P0171,⚠️ CRITICAL DEVIATION DETECTED,2026-07-31 02:38:30.485204
2026-07-31 03:12:32.238981,VIN-858453,1804,93,P0171,⚠️ CRITICAL DEVIATION DETECTED,2026-07-31 02:38:30.489214
2026-07-31 03:12:35.238981,VIN-249714,2455,89,P0420,⚠️ CRITICAL DEVIATION DETECTED,2026-07-31 02:38:30.499516
2026-07-31 03:12:37.238981,VIN-964706,1670,98,P0171,⚠️ CRITICAL DEVIATION DETECTED,2026-07-31 02:38:30.504178
2026-07-31 03:12:39.238981,VIN-660858,3240,94,P0420,⚠️ CRITICAL DEVIATION DETECTED,2026-07-31 02:38:30.510079
2026-07-31 03:12:42.238981,VIN-445854,2432,102,P0171,⚠️ CRITICAL DEVIATION DETECTED,2026-07-31 02:38:30.514131
2026-07-31 03:12:43.238981,VIN-552505,2756,86,P0300,⚠️ CRITICAL DEVIATION DETECTED,2026-07-31 02:38:30.517650
2026-07-31 03:12:45.238981,VIN-355569,2281,103,P0300,⚠️ CRITICAL DEVIATION DETECTED,2026-07-31 02:38:30.520257
2026-07-31 03:12:46.238981,VIN-390174,2988,87,P0420,⚠️ CRITICAL DEVIATION DETECTED,2026-07-31 02:38:30.523649
2026-07-31 03:12:47.238981,VIN-639145,2439,105,P0420,⚠️ CRITICAL DEVIATION DETECTED,2026-07-31 02:38:30.527368
2026-07-31 03:12:49.238981,VIN-054502,0,98,P0300,⚠️ CRITICAL DEVIATION DETECTED,2026-07-31 02:38:30.530616
2026-07-31 03:12:50.238981,VIN-903405,2768,88,P0171,⚠️ CRITICAL DEVIATION DETECTED,2026-07-31 02:38:30.534777
2026-07-31 03:12:53.238981,VIN-475672,1524,100,P0300,⚠️ CRITICAL DEVIATION DETECTED,2026-07-31 02:38:30.537594
2026-07-31 03:12:54.238981,VIN-651654,1988,90,P0420,⚠️ CRITICAL DEVIATION DETECTED,2026-07-31 02:38:30.541728
2026-07-31 03:12:56.238981,VIN-867661,3267,105,P0420,⚠️ CRITICAL DEVIATION DETECTED,2026-07-31 02:38:30.547264
2026-07-31 03:12:58.238981,VIN-730135,3173,104,P0171,⚠️ CRITICAL DEVIATION DETECTED,2026-07-31 02:38:30.552901
2026-07-31 03:12:59.238981,VIN-899690,2627,88,P0300,⚠️ CRITICAL DEVIATION DETECTED,2026-07-31 02:38:30.557598
2026-07-31 03:13:01.238981,VIN-575843,2177,91,P0300,⚠️ CRITICAL DEVIATION DETECTED,2026-07-31 02:38:30.561049
2026-07-31 03:13:03.238981,VIN-007508,2238,97,P0171,⚠️ CRITICAL DEVIATION DETECTED,2026-07-31 02:38:30.565076
2026-07-31 03:13:04.238981,VIN-823657,1855,102,P0420,⚠️ CRITICAL DEVIATION DETECTED,2026-07-31 02:38:30.567971
2026-07-31 03:13:06.238981,VIN-573260,2945,100,P0300,⚠️ CRITICAL DEVIATION DETECTED,2026-07-31 02:38:30.571033
2026-07-31 03:13:08.238981,VIN-622015,1645,98,P0300,⚠️ CRITICAL DEVIATION DETECTED,2026-07-31 02:38:30.576077
2026-07-31 03:13:10.238981,VIN-550565,2784,92,P0420,⚠️ CRITICAL DEVIATION DETECTED,2026-07-31 02:38:30.581296
2026-07-31 03:13:15.238981,VIN-647845,2624,86,P0300,⚠️ CRITICAL DEVIATION DETECTED,2026-07-31 02:38:30.585338
2026-07-31 03:13:17.238981,VIN-181783,2147,87,P0420,⚠️ CRITICAL DEVIATION DETECTED,2026-07-31 02:38:30.589504
2026-07-31 03:13:19.238981,VIN-122791,1901,101,P0171,⚠️ CRITICAL DEVIATION DETECTED,2026-07-31 02:38:30.598020
2026-07-31 03:13:20.238981,VIN-215876,1739,86,P0171,⚠️ CRITICAL DEVIATION DETECTED,2026-07-31 02:38:30.601607
2026-07-31 03:13:21.238981,VIN-119951,3052,94,P0420,⚠️ CRITICAL DEVIATION DETECTED,2026-07-31 02:38:30.604748
2026-07-31 03:13:22.238981,VIN-331520,3203,90,P0171,⚠️ CRITICAL DEVIATION DETECTED,2026-07-31 02:38:30.609224
2026-07-31 03:13:23.238981,VIN-456640,2672,99,P0300,⚠️ CRITICAL DEVIATION DETECTED,2026-07-31 02:38:30.615293
2026-07-31 03:13:26.238981,VIN-067674,1657,88,P0420,⚠️ CRITICAL DEVIATION DETECTED,2026-07-31 02:38:30.622170
2026-07-31 03:13:28.238981,VIN-134110,2264,89,P0300,⚠️ CRITICAL DEVIATION DETECTED,2026-07-31 02:38:30.626158
2026-07-31 03:13:29.238981,VIN-039530,2994,91,P0300,⚠️ CRITICAL DEVIATION DETECTED,2026-07-31 02:38:30.630941
2026-07-31 03:13:32.238981,VIN-017847,2269,104,P0420,⚠️ CRITICAL DEVIATION DETECTED,2026-07-31 02:38:30.634848
2026-07-31 03:13:34.238981,VIN-462732,2753,99,P0300,⚠️ CRITICAL DEVIATION DETECTED,2026-07-31 02:38:30.638746
2026-07-31 03:13:37.238981,VIN-634796,1625,103,P0420,⚠️ CRITICAL DEVIATION DETECTED,2026-07-31 02:38:30.648679
2026-07-31 03:13:38.238981,VIN-910145,2158,101,P0300,⚠️ CRITICAL DEVIATION DETECTED,2026-07-31 02:38:30.653131
2026-07-31 03:13:40.238981,VIN-218726,3163,86,P0171,⚠️ CRITICAL DEVIATION DETECTED,2026-07-31 02:38:30.656378
2026-07-31 03:13:42.238981,VIN-514289,2065,91,P0171,⚠️ CRITICAL DEVIATION DETECTED,2026-07-31 02:38:30.669634
2026-07-31 03:13:43.238981,VIN-848600,2300,98,P0171,⚠️ CRITICAL DEVIATION DETECTED,2026-07-31 02:38:30.673786
2026-07-31 03:13:45.238981,VIN-573324,3240,99,P0171,⚠️ CRITICAL DEVIATION DETECTED,2026-07-31 02:38:30.680123
2026-07-31 03:13:47.238981,VIN-165902,2496,93,P0420,⚠️ CRITICAL DEVIATION DETECTED,2026-07-31 02:38:30.685256
2026-07-31 03:13:49.238981,VIN-663891,2890,103,P0300,⚠️ CRITICAL DEVIATION DETECTED,2026-07-31 02:38:30.689047
2026-07-31 03:13:50.238981,VIN-816832,0,89,P0420,⚠️ CRITICAL DEVIATION DETECTED,2026-07-31 02:38:30.693146
2026-07-31 03:13:51.238981,VIN-910154,2066,96,P0171,⚠️ CRITICAL DEVIATION DETECTED,2026-07-31 02:38:30.696932
2026-07-31 03:13:52.238981,VIN-630775,3311,96,P0171,⚠️ CRITICAL DEVIATION DETECTED,2026-07-31 02:38:30.700488
2026-07-31 03:13:53.238981,VIN-237308,3437,103,P0171,⚠️ CRITICAL DEVIATION DETECTED,2026-07-31 02:38:30.703566
2026-07-31 03:13:55.238981,VIN-963834,2371,92,P0171,⚠️ CRITICAL DEVIATION DETECTED,2026-07-31 02:38:30.707402
2026-07-31 03:13:56.238981,VIN-809003,2079,96,P0300,⚠️ CRITICAL DEVIATION DETECTED,2026-07-31 02:38:30.713658
2026-07-31 03:13:58.238981,VIN-010335,3128,88,P0420,⚠️ CRITICAL DEVIATION DETECTED,2026-07-31 02:38:30.718233
2026-07-31 03:13:59.238981,VIN-998883,2306,93,P0300,⚠️ CRITICAL DEVIATION DETECTED,2026-07-31 02:38:30.722201
2026-07-31 03:14:02.238981,VIN-204330,2592,105,P0171,⚠️ CRITICAL DEVIATION DETECTED,2026-07-31 02:38:30.725844
2026-07-31 03:14:07.238981,VIN-640270,2053,95,P0171,⚠️ CRITICAL DEVIATION DETECTED,2026-07-31 02:38:30.729813
2026-07-31 03:14:08.238981,VIN-285299,2831,88,P0420,⚠️ CRITICAL DEVIATION DETECTED,2026-07-31 02:38:30.734343
2026-07-31 03:14:14.238981,VIN-512666,2498,99,P0420,⚠️ CRITICAL DEVIATION DETECTED,2026-07-31 02:38:30.738394
2026-07-31 03:14:15.238981,VIN-314504,2459,99,P0300,⚠️ CRITICAL DEVIATION DETECTED,2026-07-31 02:38:30.743309
2026-07-31 03:14:16.238981,VIN-384503,0,101,P0300,⚠️ CRITICAL DEVIATION DETECTED,2026-07-31 02:38:30.746862
2026-07-31 03:14:17.238981,VIN-745101,3077,97,P0300,⚠️ CRITICAL DEVIATION DETECTED,2026-07-31 02:38:30.751808
2026-07-31 03:14:18.238981,VIN-658520,1626,96,P0171,⚠️ CRITICAL DEVIATION DETECTED,2026-07-31 02:38:30.755129
2026-07-31 03:14:20.238981,VIN-391104,1560,88,P0300,⚠️ CRITICAL DEVIATION DETECTED,2026-07-31 02:38:30.757774
2026-07-31 03:14:21.238981,VIN-009911,3164,85,P0171,⚠️ CRITICAL DEVIATION DETECTED,2026-07-31 02:38:30.760880
2026-07-31 03:14:23.238981,VIN-509246,2162,93,P0300,⚠️ CRITICAL DEVIATION DETECTED,2026-07-31 02:38:30.764374
2026-07-31 03:14:25.238981,VIN-679415,2500,90,P0300,⚠️ CRITICAL DEVIATION DETECTED,2026-07-31 02:38:30.767621
2026-07-31 03:14:27.238981,VIN-544540,1805,100,P0420,⚠️ CRITICAL DEVIATION DETECTED,2026-07-31 02:38:30.771177
2026-07-31 03:14:32.238981,VIN-226065,2967,88,P0300,⚠️ CRITICAL DEVIATION DETECTED,2026-07-31 02:38:30.776234
2026-07-31 03:14:33.238981,VIN-759844,0,103,P0420,⚠️ CRITICAL DEVIATION DETECTED,2026-07-31 02:38:30.780618
2026-07-31 03:14:36.238981,VIN-535621,3299,96,P0171,⚠️ CRITICAL DEVIATION DETECTED,2026-07-31 02:38:30.786419
2026-07-31 03:14:38.238981,VIN-601806,2903,98,P0171,⚠️ CRITICAL DEVIATION DETECTED,2026-07-31 02:38:30.790845
2026-07-31 03:14:44.238981,VIN-506306,1832,88,P0171,⚠️ CRITICAL DEVIATION DETECTED,2026-07-31 02:38:30.794672
2026-07-31 03:14:45.238981,VIN-455176,2456,104,P0420,⚠️ CRITICAL DEVIATION DETECTED,2026-07-31 02:38:30.798712
2026-07-31 03:14:47.238981,VIN-164208,3461,90,P0171,⚠️ CRITICAL DEVIATION DETECTED,2026-07-31 02:38:30.802481
2026-07-31 03:14:48.238981,VIN-612061,3278,101,P0420,⚠️ CRITICAL DEVIATION DETECTED,2026-07-31 02:38:30.806595
2026-07-31 03:14:53.238981,VIN-441479,2033,92,P0171,⚠️ CRITICAL DEVIATION DETECTED,2026-07-31 02:38:30.812578
2026-07-31 03:14:59.238981,VIN-155076,1567,102,P0171,⚠️ CRITICAL DEVIATION DETECTED,2026-07-31 02:38:30.817944
2026-07-31 03:15:00.238981,VIN-816208,2799,94,P0171,⚠️ CRITICAL DEVIATION DETECTED,2026-07-31 02:38:30.821230
2026-07-31 03:15:01.238981,VIN-559249,2130,88,P0171,⚠️ CRITICAL DEVIATION DETECTED,2026-07-31 02:38:30.825168
2026-07-31 03:15:05.238981,VIN-286831,3359,97,P0171,⚠️ CRITICAL DEVIATION DETECTED,2026-07-31 02:38:30.829015
2026-07-31 03:15:08.238981,VIN-797635,1981,96,P0300,⚠️ CRITICAL DEVIATION DETECTED,2026-07-31 02:38:30.835883
2026-07-31 03:15:09.238981,VIN-418101,2443,94,P0420,⚠️ CRITICAL DEVIATION DETECTED,2026-07-31 02:38:30.838593
2026-07-31 03:15:10.238981,VIN-906313,3465,101,P0171,⚠️ CRITICAL DEVIATION DETECTED,2026-07-31 02:38:30.851671
2026-07-31 03:15:11.238981,VIN-426511,2137,88,P0300,⚠️ CRITICAL DEVIATION DETECTED,2026-07-31 02:38:30.859577
2026-07-31 03:15:12.238981,VIN-652550,2342,95,P0300,⚠️ CRITICAL DEVIATION DETECTED,2026-07-31 02:38:30.863618
2026-07-31 03:15:14.238981,VIN-492217,2264,90,P0420,⚠️ CRITICAL DEVIATION DETECTED,2026-07-31 02:38:30.867134
2026-07-31 03:15:16.238981,VIN-809575,3238,89,P0420,⚠️ CRITICAL DEVIATION DETECTED,2026-07-31 02:38:30.870875
2026-07-31 03:15:17.238981,VIN-316072,2000,104,P0171,⚠️ CRITICAL DEVIATION DETECTED,2026-07-31 02:38:30.874123
2026-07-31 03:15:18.238981,VIN-530844,1555,92,P0420,⚠️ CRITICAL DEVIATION DETECTED,2026-07-31 02:38:30.877912
2026-07-31 03:15:21.238981,VIN-065642,2086,94,P0171,⚠️ CRITICAL DEVIATION DETECTED,2026-07-31 02:38:30.883002
2026-07-31 03:15:22.238981,VIN-771710,3493,92,P0171,⚠️ CRITICAL DEVIATION DETECTED,2026-07-31 02:38:30.886424
2026-07-31 03:15:23.238981,VIN-980398,3091,98,P0300,⚠️ CRITICAL DEVIATION DETECTED,2026-07-31 02:38:30.890065
2026-07-31 03:15:24.238981,VIN-439982,3293,100,P0420,⚠️ CRITICAL DEVIATION DETECTED,2026-07-31 02:38:30.894264
2026-07-31 03:15:27.238981,VIN-685166,1817,101,P0420,⚠️ CRITICAL DEVIATION DETECTED,2026-07-31 02:38:30.898292
2026-07-31 03:15:29.238981,VIN-900982,2948,99,P0171,⚠️ CRITICAL DEVIATION DETECTED,2026-07-31 02:38:30.903189
2026-07-31 03:15:30.238981,VIN-254064,2039,87,P0171,⚠️ CRITICAL DEVIATION DETECTED,2026-07-31 02:38:30.907443
2026-07-31 03:15:32.238981,VIN-062743,3086,91,P0171,⚠️ CRITICAL DEVIATION DETECTED,2026-07-31 02:38:30.913618
2026-07-31 03:15:34.238981,VIN-406660,2701,102,P0420,⚠️ CRITICAL DEVIATION DETECTED,2026-07-31 02:38:30.921571
2026-07-31 03:15:38.238981,VIN-591599,3032,101,P0420,⚠️ CRITICAL DEVIATION DETECTED,2026-07-31 02:38:30.925003
2026-07-31 03:15:40.238981,VIN-253866,2587,102,P0420,⚠️ CRITICAL DEVIATION DETECTED,2026-07-31 02:38:30.928641
2026-07-31 03:15:41.238981,VIN-748313,2985,102,P0300,⚠️ CRITICAL DEVIATION DETECTED,2026-07-31 02:38:30.932562
2026-07-31 03:15:43.238981,VIN-615156,2301,97,P0300,⚠️ CRITICAL DEVIATION DETECTED,2026-07-31 02:38:30.936690
2026-07-31 03:15:44.238981,VIN-631168,0,87,P0171,⚠️ CRITICAL DEVIATION DETECTED,2026-07-31 02:38:30.941441
2026-07-31 03:15:47.238981,VIN-621667,2805,96,P0420,⚠️ CRITICAL DEVIATION DETECTED,2026-07-31 02:38:30.947689
2026-07-31 03:15:48.238981,VIN-521875,1773,104,P0300,⚠️ CRITICAL DEVIATION DETECTED,2026-07-31 02:38:30.953161
2026-07-31 03:15:49.238981,VIN-894804,0,99,P0300,⚠️ CRITICAL DEVIATION DETECTED,2026-07-31 02:38:30.957163
2026-07-31 03:15:50.238981,VIN-446145,2890,102,P0171,⚠️ CRITICAL DEVIATION DETECTED,2026-07-31 02:38:30.961924
2026-07-31 03:15:53.238981,VIN-767911,1630,90,P0171,⚠️ CRITICAL DEVIATION DETECTED,2026-07-31 02:38:30.966136
2026-07-31 03:15:59.238981,VIN-316654,2325,89,P0420,⚠️ CRITICAL DEVIATION DETECTED,2026-07-31 02:38:30.969615
2026-07-31 03:16:01.238981,VIN-401388,3295,94,P0300,⚠️ CRITICAL DEVIATION DETECTED,2026-07-31 02:38:30.973022
2026-07-31 03:16:02.238981,VIN-334304,1594,99,P0420,⚠️ CRITICAL DEVIATION DETECTED,2026-07-31 02:38:30.984027
2026-07-31 03:16:03.238981,VIN-798232,1758,98,P0300,⚠️ CRITICAL DEVIATION DETECTED,2026-07-31 02:38:30.988220
2026-07-31 03:16:05.238981,VIN-970863,2217,104,P0300,⚠️ CRITICAL DEVIATION DETECTED,2026-07-31 02:38:30.993075
2026-07-31 03:16:07.238981,VIN-174990,2202,102,P0420,⚠️ CRITICAL DEVIATION DETECTED,2026-07-31 02:38:30.999456
2026-07-31 03:16:08.238981,VIN-689662,2723,104,P0171,⚠️ CRITICAL DEVIATION DETECTED,2026-07-31 02:38:31.005092
2026-07-31 03:16:12.238981,VIN-117955,3147,92,P0420,⚠️ CRITICAL DEVIATION DETECTED,2026-07-31 02:38:31.034161
2026-07-31 03:16:16.238981,VIN-915741,2017,97,P0420,⚠️ CRITICAL DEVIATION DETECTED,2026-07-31 02:38:31.051723
2026-07-31 03:16:20.238981,VIN-321017,2360,100,P0171,⚠️ CRITICAL DEVIATION DETECTED,2026-07-31 02:38:31.056445
2026-07-31 03:16:21.238981,VIN-609814,1696,101,P0171,⚠️ CRITICAL DEVIATION DETECTED,2026-07-31 02:38:31.060155
2026-07-31 03:16:23.238981,VIN-264614,3150,91,P0171,⚠️ CRITICAL DEVIATION DETECTED,2026-07-31 02:38:31.067779
2026-07-31 03:16:27.238981,VIN-392825,3470,96,P0171,⚠️ CRITICAL DEVIATION DETECTED,2026-07-31 02:38:31.076486
2026-07-31 03:16:30.238981,VIN-479219,3338,94,P0171,⚠️ CRITICAL DEVIATION DETECTED,2026-07-31 02:38:31.081480
2026-07-31 03:16:32.238981,VIN-919224,2359,100,P0300,⚠️ CRITICAL DEVIATION DETECTED,2026-07-31 02:38:31.086372
2026-07-31 03:16:34.238981,VIN-402335,2387,85,P0420,⚠️ CRITICAL DEVIATION DETECTED,2026-07-31 02:38:31.090156
2026-07-31 03:16:36.238981,VIN-016071,1706,105,P0420,⚠️ CRITICAL DEVIATION DETECTED,2026-07-31 02:38:31.094724
2026-07-31 03:16:42.238981,VIN-057220,2152,101,P0420,⚠️ CRITICAL DEVIATION DETECTED,2026-07-31 02:38:31.098035
2026-07-31 03:16:47.238981,VIN-588956,2146,92,P0171,⚠️ CRITICAL DEVIATION DETECTED,2026-07-31 02:38:31.101862
2026-07-31 03:16:49.238981,VIN-200547,2989,88,P0171,⚠️ CRITICAL DEVIATION DETECTED,2026-07-31 02:38:31.105948
2026-07-31 03:16:51.238981,VIN-817443,2731,94,P0300,⚠️ CRITICAL DEVIATION DETECTED,2026-07-31 02:38:31.121354
2026-07-31 03:16:53.238981,VIN-451298,2969,93,P0171,⚠️ CRITICAL DEVIATION DETECTED,2026-07-31 02:38:31.125695
2026-07-31 03:16:54.238981,VIN-702810,1888,95,P0171,⚠️ CRITICAL DEVIATION DETECTED,2026-07-31 02:38:31.129794
2026-07-31 03:16:55.238981,VIN-832272,2663,97,P0420,⚠️ CRITICAL DEVIATION DETECTED,2026-07-31 02:38:31.133934
2026-07-31 03:16:59.238981,VIN-962808,2307,87,P0300,⚠️ CRITICAL DEVIATION DETECTED,2026-07-31 02:38:31.140234
2026-07-31 03:17:01.238981,VIN-029458,2585,85,P0420,⚠️ CRITICAL DEVIATION DETECTED,2026-07-31 02:38:31.146645
2026-07-31 03:17:02.238981,VIN-801653,2343,105,P0171,⚠️ CRITICAL DEVIATION DETECTED,2026-07-31 02:38:31.152506
2026-07-31 03:17:03.238981,VIN-634594,3408,103,P0300,⚠️ CRITICAL DEVIATION DETECTED,2026-07-31 02:38:31.156474
2026-07-31 03:17:06.238981,VIN-262112,1842,91,P0171,⚠️ CRITICAL DEVIATION DETECTED,2026-07-31 02:38:31.160394
2026-07-31 03:17:10.238981,VIN-118034,0,92,P0171,⚠️ CRITICAL DEVIATION DETECTED,2026-07-31 02:38:31.165436
2026-07-31 03:17:11.238981,VIN-359228,2218,100,P0171,⚠️ CRITICAL DEVIATION DETECTED,2026-07-31 02:38:31.169775
2026-07-31 03:17:13.238981,VIN-983539,2404,102,P0300,⚠️ CRITICAL DEVIATION DETECTED,2026-07-31 02:38:31.173679
2026-07-31 03:17:16.238981,VIN-409852,2216,104,P0300,⚠️ CRITICAL DEVIATION DETECTED,2026-07-31 02:38:31.179580
2026-07-31 03:17:17.238981,VIN-533311,3476,91,P0171,⚠️ CRITICAL DEVIATION DETECTED,2026-07-31 02:38:31.184240
2026-07-31 03:17:20.238981,VIN-275451,2607,85,P0300,⚠️ CRITICAL DEVIATION DETECTED,2026-07-31 02:38:31.203817
2026-07-31 03:17:21.238981,VIN-740473,0,86,P0300,⚠️ CRITICAL DEVIATION DETECTED,2026-07-31 02:38:31.208208
2026-07-31 03:17:22.238981,VIN-169080,2777,99,P0300,⚠️ CRITICAL DEVIATION DETECTED,2026-07-31 02:38:31.214855
2026-07-31 03:17:24.238981,VIN-973277,1984,91,P0420,⚠️ CRITICAL DEVIATION DETECTED,2026-07-31 02:38:31.220302
2026-07-31 03:17:25.238981,VIN-447825,2024,88,P0300,⚠️ CRITICAL DEVIATION DETECTED,2026-07-31 02:38:31.225557
2026-07-31 03:17:26.238981,VIN-192290,1795,85,P0420,⚠️ CRITICAL DEVIATION DETECTED,2026-07-31 02:38:31.229505
2026-07-31 03:17:30.238981,VIN-035819,3148,97,P0300,⚠️ CRITICAL DEVIATION DETECTED,2026-07-31 02:38:31.233445
2026-07-31 03:17:32.238981,VIN-849713,1525,91,P0420,⚠️ CRITICAL DEVIATION DETECTED,2026-07-31 02:38:31.237263
2026-07-31 03:17:34.238981,VIN-084911,2015,98,P0171,⚠️ CRITICAL DEVIATION DETECTED,2026-07-31 02:38:31.241218
2026-07-31 03:17:36.238981,VIN-184933,2049,96,P0420,⚠️ CRITICAL DEVIATION DETECTED,2026-07-31 02:38:31.247340
2026-07-31 03:17:39.238981,VIN-365180,1531,102,P0300,⚠️ CRITICAL DEVIATION DETECTED,2026-07-31 02:38:31.252940
2026-07-31 03:17:41.238981,VIN-963477,3043,99,P0300,⚠️ CRITICAL DEVIATION DETECTED,2026-07-31 02:38:31.257122
2026-07-31 03:17:45.238981,VIN-620496,2806,94,P0171,⚠️ CRITICAL DEVIATION DETECTED,2026-07-31 02:38:31.261132
2026-07-31 03:17:47.238981,VIN-369300,2271,91,P0300,⚠️ CRITICAL DEVIATION DETECTED,2026-07-31 02:38:31.265458
2026-07-31 03:17:52.238981,VIN-458094,2213,100,P0300,⚠️ CRITICAL DEVIATION DETECTED,2026-07-31 02:38:31.269006
2026-07-31 03:17:54.238981,VIN-808088,3366,95,P0300,⚠️ CRITICAL DEVIATION DETECTED,2026-07-31 02:38:31.272238
2026-07-31 03:17:56.238981,VIN-225005,2983,87,P0300,⚠️ CRITICAL DEVIATION DETECTED,2026-07-31 02:38:31.275746
2026-07-31 03:17:58.238981,VIN-956080,3238,98,P0300,⚠️ CRITICAL DEVIATION DETECTED,2026-07-31 02:38:31.279880
2026-07-31 03:17:59.238981,VIN-613940,0,95,P0420,⚠️ CRITICAL DEVIATION DETECTED,2026-07-31 02:38:31.285666
2026-07-31 03:18:00.238981,VIN-216764,2035,104,P0300,⚠️ CRITICAL DEVIATION DETECTED,2026-07-31 02:38:31.289037
2026-07-31 03:18:02.238981,VIN-322261,1570,89,P0171,⚠️ CRITICAL DEVIATION DETECTED,2026-07-31 02:38:31.292108
2026-07-31 03:18:03.238981,VIN-896709,1661,87,P0300,⚠️ CRITICAL DEVIATION DETECTED,2026-07-31 02:38:31.295922
2026-07-31 03:18:05.238981,VIN-663437,2667,104,P0300,⚠️ CRITICAL DEVIATION DETECTED,2026-07-31 02:38:31.298797
2026-07-31 03:18:09.238981,VIN-581179,2439,105,P0420,⚠️ CRITICAL DEVIATION DETECTED,2026-07-31 02:38:31.302939
2026-07-31 03:18:12.238981,VIN-405432,1820,97,P0171,⚠️ CRITICAL DEVIATION DETECTED,2026-07-31 02:38:31.306336
2026-07-31 03:18:13.238981,VIN-050193,2176,98,P0171,⚠️ CRITICAL DEVIATION DETECTED,2026-07-31 02:38:31.310181
2026-07-31 03:18:15.238981,VIN-583655,2236,104,P0420,⚠️ CRITICAL DEVIATION DETECTED,2026-07-31 02:38:31.316116
2026-07-31 03:18:16.238981,VIN-210731,0,104,P0171,⚠️ CRITICAL DEVIATION DETECTED,2026-07-31 02:38:31.320272
2026-07-31 03:18:17.238981,VIN-743337,2983,92,P0300,⚠️ CRITICAL DEVIATION DETECTED,2026-07-31 02:38:31.326568
2026-07-31 03:18:21.238981,VIN-393231,3455,105,P0171,⚠️ CRITICAL DEVIATION DETECTED,2026-07-31 02:38:31.337468
2026-07-31 03:18:26.238981,VIN-870178,2427,88,P0420,⚠️ CRITICAL DEVIATION DETECTED,2026-07-31 02:38:31.348571
2026-07-31 03:18:28.238981,VIN-138225,2319,95,P0300,⚠️ CRITICAL DEVIATION DETECTED,2026-07-31 02:38:31.352160
2026-07-31 03:18:29.238981,VIN-452207,1914,90,P0300,⚠️ CRITICAL DEVIATION DETECTED,2026-07-31 02:38:31.355370
2026-07-31 03:18:32.238981,VIN-429649,2866,88,P0420,⚠️ CRITICAL DEVIATION DETECTED,2026-07-31 02:38:31.358971
2026-07-31 03:18:33.238981,VIN-277165,1564,97,P0420,⚠️ CRITICAL DEVIATION DETECTED,2026-07-31 02:38:31.363075
2026-07-31 03:18:37.238981,VIN-611313,2457,102,P0171,⚠️ CRITICAL DEVIATION DETECTED,2026-07-31 02:38:31.366244
2026-07-31 03:18:39.238981,VIN-117026,1926,95,P0420,⚠️ CRITICAL DEVIATION DETECTED,2026-07-31 02:38:31.370192
2026-07-31 03:18:40.238981,VIN-296430,2152,105,P0171,⚠️ CRITICAL DEVIATION DETECTED,2026-07-31 02:38:31.374159
2026-07-31 03:18:41.238981,VIN-390459,2931,96,P0420,⚠️ CRITICAL DEVIATION DETECTED,2026-07-31 02:38:31.378947
2026-07-31 03:18:42.238981,VIN-737303,1926,89,P0420,⚠️ CRITICAL DEVIATION DETECTED,2026-07-31 02:38:31.382587
2026-07-31 03:18:44.238981,VIN-216929,2773,101,P0420,⚠️ CRITICAL DEVIATION DETECTED,2026-07-31 02:38:31.386699
2026-07-31 03:18:45.238981,VIN-598725,2850,87,P0420,⚠️ CRITICAL DEVIATION DETECTED,2026-07-31 02:38:31.390367
2026-07-31 03:18:46.238981,VIN-028694,3363,91,P0300,⚠️ CRITICAL DEVIATION DETECTED,2026-07-31 02:38:31.394070
2026-07-31 03:18:48.238981,VIN-674719,2737,85,P0420,⚠️ CRITICAL DEVIATION DETECTED,2026-07-31 02:38:31.397421
2026-07-31 03:18:50.238981,VIN-260715,0,102,P0420,⚠️ CRITICAL DEVIATION DETECTED,2026-07-31 02:38:31.400653
2026-07-31 03:18:51.238981,VIN-617413,2627,93,P0300,⚠️ CRITICAL DEVIATION DETECTED,2026-07-31 02:38:31.404364
2026-07-31 03:18:53.238981,VIN-420074,3132,95,P0420,⚠️ CRITICAL DEVIATION DETECTED,2026-07-31 02:38:31.407754
2026-07-31 03:18:55.238981,VIN-702064,2798,97,P0171,⚠️ CRITICAL DEVIATION DETECTED,2026-07-31 02:38:31.412848
2026-07-31 03:18:56.238981,VIN-954163,3028,94,P0420,⚠️ CRITICAL DEVIATION DETECTED,2026-07-31 02:38:31.417878
2026-07-31 03:18:57.238981,VIN-278997,1924,97,P0420,⚠️ CRITICAL DEVIATION DETECTED,2026-07-31 02:38:31.422233
2026-07-31 03:18:59.238981,VIN-460691,2285,103,P0420,⚠️ CRITICAL DEVIATION DETECTED,2026-07-31 02:38:31.425482
2026-07-31 03:19:02.238981,VIN-991899,1891,93,P0420,⚠️ CRITICAL DEVIATION DETECTED,2026-07-31 02:38:31.427999
2026-07-31 03:19:04.238981,VIN-290972,3137,100,P0171,⚠️ CRITICAL DEVIATION DETECTED,2026-07-31 02:38:31.430630
2026-07-31 03:19:05.238981,VIN-304468,3261,95,P0171,⚠️ CRITICAL DEVIATION DETECTED,2026-07-31 02:38:31.433286
2026-07-31 03:19:06.238981,VIN-202258,1952,85,P0300,⚠️ CRITICAL DEVIATION DETECTED,2026-07-31 02:38:31.435793
2026-07-31 03:19:07.238981,VIN-456125,1560,100,P0300,⚠️ CRITICAL DEVIATION DETECTED,2026-07-31 02:38:31.438194
2026-07-31 03:19:08.238981,VIN-699881,2892,93,P0420,⚠️ CRITICAL DEVIATION DETECTED,2026-07-31 02:38:31.441073
2026-07-31 03:19:09.238981,VIN-949492,2404,102,P0420,⚠️ CRITICAL DEVIATION DETECTED,2026-07-31 02:38:31.447717
2026-07-31 03:19:10.238981,VIN-485220,1732,100,P0420,⚠️ CRITICAL DEVIATION DETECTED,2026-07-31 02:38:31.452233
2026-07-31 03:19:11.238981,VIN-127051,3480,88,P0420,⚠️ CRITICAL DEVIATION DETECTED,2026-07-31 02:38:31.461134
2026-07-31 03:19:13.238981,VIN-139248,3329,97,P0420,⚠️ CRITICAL DEVIATION DETECTED,2026-07-31 02:38:31.464565
2026-07-31 03:19:19.238981,VIN-659390,1917,87,P0171,⚠️ CRITICAL DEVIATION DETECTED,2026-07-31 02:38:31.467969
2026-07-31 03:19:20.238981,VIN-833197,2614,90,P0171,⚠️ CRITICAL DEVIATION DETECTED,2026-07-31 02:38:31.471807
2026-07-31 03:19:22.238981,VIN-399966,2512,99,P0171,⚠️ CRITICAL DEVIATION DETECTED,2026-07-31 02:38:31.476189
2026-07-31 03:19:24.238981,VIN-213167,2504,99,P0420,⚠️ CRITICAL DEVIATION DETECTED,2026-07-31 02:38:31.481644
2026-07-31 03:19:28.238981,VIN-074476,3383,90,P0420,⚠️ CRITICAL DEVIATION DETECTED,2026-07-31 02:38:31.485649
2026-07-31 03:19:29.238981,VIN-508739,0,102,P0171,⚠️ CRITICAL DEVIATION DETECTED,2026-07-31 02:38:31.488886
2026-07-31 03:19:32.238981,VIN-720651,2117,97,P0420,⚠️ CRITICAL DEVIATION DETECTED,2026-07-31 02:38:31.492470
2026-07-31 03:19:33.238981,VIN-371831,1952,105,P0420,⚠️ CRITICAL DEVIATION DETECTED,2026-07-31 02:38:31.495673
2026-07-31 03:19:34.238981,VIN-139214,1744,89,P0171,⚠️ CRITICAL DEVIATION DETECTED,2026-07-31 02:38:31.499175
2026-07-31 03:19:36.238981,VIN-609176,3199,87,P0420,⚠️ CRITICAL DEVIATION DETECTED,2026-07-31 02:38:31.504613
2026-07-31 03:19:39.238981,VIN-253826,1550,99,P0300,⚠️ CRITICAL DEVIATION DETECTED,2026-07-31 02:38:31.507830
2026-07-31 03:19:42.238981,VIN-356374,2383,87,P0300,⚠️ CRITICAL DEVIATION DETECTED,2026-07-31 02:38:31.512447
2026-07-31 03:19:43.238981,VIN-066001,1824,97,P0171,⚠️ CRITICAL DEVIATION DETECTED,2026-07-31 02:38:31.516133
2026-07-31 03:19:51.238981,VIN-856931,1845,92,P0300,⚠️ CRITICAL DEVIATION DETECTED,2026-07-31 02:38:31.519901
2026-07-31 03:19:52.238981,VIN-637987,2682,93,P0420,⚠️ CRITICAL DEVIATION DETECTED,2026-07-31 02:38:31.523328
2026-07-31 03:19:57.238981,VIN-570904,2630,95,P0171,⚠️ CRITICAL DEVIATION DETECTED,2026-07-31 02:38:31.528482
2026-07-31 03:19:59.238981,VIN-816394,1790,93,P0420,⚠️ CRITICAL DEVIATION DETECTED,2026-07-31 02:38:31.534200
2026-07-31 03:20:01.238981,VIN-537610,2716,104,P0420,⚠️ CRITICAL DEVIATION DETECTED,2026-07-31 02:38:31.545880
2026-07-31 03:20:02.238981,VIN-726331,3151,90,P0420,⚠️ CRITICAL DEVIATION DETECTED,2026-07-31 02:38:31.550105
2026-07-31 03:20:09.238981,VIN-461251,2154,87,P0171,⚠️ CRITICAL DEVIATION DETECTED,2026-07-31 02:38:31.554710
2026-07-31 03:20:12.238981,VIN-948031,2660,100,P0420,⚠️ CRITICAL DEVIATION DETECTED,2026-07-31 02:38:31.557751
2026-07-31 03:20:15.238981,VIN-864535,2775,99,P0300,⚠️ CRITICAL DEVIATION DETECTED,2026-07-31 02:38:31.561102
2026-07-31 03:20:16.238981,VIN-568278,0,102,P0171,⚠️ CRITICAL DEVIATION DETECTED,2026-07-31 02:38:31.564079
2026-07-31 03:20:19.238981,VIN-891000,0,88,P0171,⚠️ CRITICAL DEVIATION DETECTED,2026-07-31 02:38:31.568984
2026-07-31 03:20:23.238981,VIN-807679,2397,103,P0300,⚠️ CRITICAL DEVIATION DETECTED,2026-07-31 02:38:31.572772
2026-07-31 03:20:24.238981,VIN-844230,2963,85,P0171,⚠️ CRITICAL DEVIATION DETECTED,2026-07-31 02:38:31.577591
2026-07-31 03:20:25.238981,VIN-488489,2143,91,P0300,⚠️ CRITICAL DEVIATION DETECTED,2026-07-31 02:38:31.584723
2026-07-31 03:20:26.238981,VIN-672964,3280,96,P0171,⚠️ CRITICAL DEVIATION DETECTED,2026-07-31 02:38:31.589278
2026-07-31 03:20:27.238981,VIN-707289,3217,105,P0420,⚠️ CRITICAL DEVIATION DETECTED,2026-07-31 02:38:31.593029
2026-07-31 03:20:29.238981,VIN-920205,0,89,P0171,⚠️ CRITICAL DEVIATION DETECTED,2026-07-31 02:38:31.597702
2026-07-31 03:20:31.238981,VIN-848526,0,91,P0171,⚠️ CRITICAL DEVIATION DETECTED,2026-07-31 02:38:31.601196
2026-07-31 03:20:33.238981,VIN-909256,2703,99,P0420,⚠️ CRITICAL DEVIATION DETECTED,2026-07-31 02:38:31.604423
2026-07-31 03:20:34.238981,VIN-575488,3472,86,P0171,⚠️ CRITICAL DEVIATION DETECTED,2026-07-31 02:38:31.607694
2026-07-31 03:20:36.238981,VIN-682641,1915,85,P0171,⚠️ CRITICAL DEVIATION DETECTED,2026-07-31 02:38:31.612290
2026-07-31 03:20:37.238981,VIN-655494,2760,105,P0420,⚠️ CRITICAL DEVIATION DETECTED,2026-07-31 02:38:31.619632
2026-07-31 03:20:39.238981,VIN-168152,1583,90,P0171,⚠️ CRITICAL DEVIATION DETECTED,2026-07-31 02:38:31.623337
2026-07-31 03:20:40.238981,VIN-621771,3342,97,P0420,⚠️ CRITICAL DEVIATION DETECTED,2026-07-31 02:38:31.627797
2026-07-31 03:20:41.238981,VIN-007815,2821,93,P0171,⚠️ CRITICAL DEVIATION DETECTED,2026-07-31 02:38:31.631959
2026-07-31 03:20:43.238981,VIN-791706,2008,92,P0420,⚠️ CRITICAL DEVIATION DETECTED,2026-07-31 02:38:31.635762
2026-07-31 03:20:46.238981,VIN-697404,2175,97,P0171,⚠️ CRITICAL DEVIATION DETECTED,2026-07-31 02:38:31.639620
2026-07-31 03:20:48.238981,VIN-544945,3284,91,P0171,⚠️ CRITICAL DEVIATION DETECTED,2026-07-31 02:38:31.644785
2026-07-31 03:20:49.238981,VIN-091930,3120,89,P0171,⚠️ CRITICAL DEVIATION DETECTED,2026-07-31 02:38:31.648884
2026-07-31 03:20:50.238981,VIN-239126,2071,94,P0420,⚠️ CRITICAL DEVIATION DETECTED,2026-07-31 02:38:31.652480
2026-07-31 03:20:51.238981,VIN-987924,1812,104,P0420,⚠️ CRITICAL DEVIATION DETECTED,2026-07-31 02:38:31.656503
2026-07-31 03:20:52.238981,VIN-328121,3253,92,P0420,⚠️ CRITICAL DEVIATION DETECTED,2026-07-31 02:38:31.672290
2026-07-31 03:20:53.238981,VIN-229202,0,98,P0171,⚠️ CRITICAL DEVIATION DETECTED,2026-07-31 02:38:31.677383
2026-07-31 03:20:57.238981,VIN-237741,3227,94,P0171,⚠️ CRITICAL DEVIATION DETECTED,2026-07-31 02:38:31.681510
2026-07-31 03:20:59.238981,VIN-924962,2999,100,P0300,⚠️ CRITICAL DEVIATION DETECTED,2026-07-31 02:38:31.685993
2026-07-31 03:21:03.238981,VIN-926696,0,94,P0171,⚠️ CRITICAL DEVIATION DETECTED,2026-07-31 02:38:31.693659
2026-07-31 03:21:04.238981,VIN-694032,2177,96,P0171,⚠️ CRITICAL DEVIATION DETECTED,2026-07-31 02:38:31.697597
2026-07-31 03:21:07.238981,VIN-505442,1900,101,P0171,⚠️ CRITICAL DEVIATION DETECTED,2026-07-31 02:38:31.701269
2026-07-31 03:21:08.238981,VIN-531869,2275,97,P0420,⚠️ CRITICAL DEVIATION DETECTED,2026-07-31 02:38:31.706646
2026-07-31 03:21:10.238981,VIN-985580,2804,93,P0171,⚠️ CRITICAL DEVIATION DETECTED,2026-07-31 02:38:31.712272
2026-07-31 03:21:11.238981,VIN-882447,2470,88,P0300,⚠️ CRITICAL DEVIATION DETECTED,2026-07-31 02:38:31.722254
2026-07-31 03:21:13.238981,VIN-684785,1969,95,P0300,⚠️ CRITICAL DEVIATION DETECTED,2026-07-31 02:38:31.725954
2026-07-31 03:21:16.238981,VIN-613664,2437,93,P0420,⚠️ CRITICAL DEVIATION DETECTED,2026-07-31 02:38:31.729523
2026-07-31 03:21:18.238981,VIN-859233,1681,85,P0171,⚠️ CRITICAL DEVIATION DETECTED,2026-07-31 02:38:31.733171
2026-07-31 03:21:20.238981,VIN-987303,2722,85,P0300,⚠️ CRITICAL DEVIATION DETECTED,2026-07-31 02:38:31.735993
2026-07-31 03:21:21.238981,VIN-598523,2120,95,P0300,⚠️ CRITICAL DEVIATION DETECTED,2026-07-31 02:38:31.739438
2026-07-31 03:21:23.238981,VIN-586798,1535,96,P0171,⚠️ CRITICAL DEVIATION DETECTED,2026-07-31 02:38:31.743133
2026-07-31 03:21:24.238981,VIN-118949,3355,90,P0300,⚠️ CRITICAL DEVIATION DETECTED,2026-07-31 02:38:31.748101
2026-07-31 03:21:25.238981,VIN-648840,2975,100,P0300,⚠️ CRITICAL DEVIATION DETECTED,2026-07-31 02:38:31.754046
2026-07-31 03:21:26.238981,VIN-769314,2730,101,P0171,⚠️ CRITICAL DEVIATION DETECTED,2026-07-31 02:38:31.758555
2026-07-31 03:21:28.238981,VIN-231553,3084,105,P0420,⚠️ CRITICAL DEVIATION DETECTED,2026-07-31 02:38:31.763243
2026-07-31 03:21:30.238981,VIN-672266,1789,105,P0420,⚠️ CRITICAL DEVIATION DETECTED,2026-07-31 02:38:31.767967
2026-07-31 03:21:32.238981,VIN-061916,3000,86,P0420,⚠️ CRITICAL DEVIATION DETECTED,2026-07-31 02:38:31.772610
2026-07-31 03:21:33.238981,VIN-318764,3493,100,P0420,⚠️ CRITICAL DEVIATION DETECTED,2026-07-31 02:38:31.776824
2026-07-31 03:21:34.238981,VIN-326521,3288,97,P0300,⚠️ CRITICAL DEVIATION DETECTED,2026-07-31 02:38:31.781118
2026-07-31 03:21:35.238981,VIN-976145,1748,102,P0300,⚠️ CRITICAL DEVIATION DETECTED,2026-07-31 02:38:31.784545
2026-07-31 03:21:37.238981,VIN-343203,1919,96,P0171,⚠️ CRITICAL DEVIATION DETECTED,2026-07-31 02:38:31.790578
2026-07-31 03:21:40.238981,VIN-825268,3030,100,P0171,⚠️ CRITICAL DEVIATION DETECTED,2026-07-31 02:38:31.793699
2026-07-31 03:21:42.238981,VIN-259716,3294,91,P0300,⚠️ CRITICAL DEVIATION DETECTED,2026-07-31 02:38:31.796994
2026-07-31 03:21:43.238981,VIN-074034,3068,88,P0300,⚠️ CRITICAL DEVIATION DETECTED,2026-07-31 02:38:31.800387
2026-07-31 03:21:46.238981,VIN-913098,2664,101,P0171,⚠️ CRITICAL DEVIATION DETECTED,2026-07-31 02:38:31.804056
2026-07-31 03:21:51.238981,VIN-755484,2724,96,P0420,⚠️ CRITICAL DEVIATION DETECTED,2026-07-31 02:38:31.808148
2026-07-31 03:21:53.238981,VIN-147023,2179,101,P0171,⚠️ CRITICAL DEVIATION DETECTED,2026-07-31 02:38:31.812990
2026-07-31 03:21:54.238981,VIN-149901,3133,99,P0171,⚠️ CRITICAL DEVIATION DETECTED,2026-07-31 02:38:31.818579
2026-07-31 03:21:56.238981,VIN-359778,3055,100,P0420,⚠️ CRITICAL DEVIATION DETECTED,2026-07-31 02:38:31.822188
2026-07-31 03:21:57.238981,VIN-551028,2978,94,P0171,⚠️ CRITICAL DEVIATION DETECTED,2026-07-31 02:38:31.825573
2026-07-31 03:22:03.238981,VIN-417375,1804,90,P0420,⚠️ CRITICAL DEVIATION DETECTED,2026-07-31 02:38:31.829072
2026-07-31 03:22:04.238981,VIN-619267,1523,92,P0300,⚠️ CRITICAL DEVIATION DETECTED,2026-07-31 02:38:31.832364
2026-07-31 03:22:14.238981,VIN-011488,3085,88,P0171,⚠️ CRITICAL DEVIATION DETECTED,2026-07-31 02:38:31.836612
2026-07-31 03:22:16.238981,VIN-339873,3420,95,P0171,⚠️ CRITICAL DEVIATION DETECTED,2026-07-31 02:38:31.840613
2026-07-31 03:22:18.238981,VIN-620478,3088,85,P0300,⚠️ CRITICAL DEVIATION DETECTED,2026-07-31 02:38:31.844661
2026-07-31 03:22:19.238981,VIN-701076,2381,91,P0420,⚠️ CRITICAL DEVIATION DETECTED,2026-07-31 02:38:31.848712
2026-07-31 03:22:21.238981,VIN-125922,2944,95,P0300,⚠️ CRITICAL DEVIATION DETECTED,2026-07-31 02:38:31.853202
2026-07-31 03:22:22.238981,VIN-121295,3099,105,P0420,⚠️ CRITICAL DEVIATION DETECTED,2026-07-31 02:38:31.857156
2026-07-31 03:22:23.238981,VIN-750502,1844,98,P0420,⚠️ CRITICAL DEVIATION DETECTED,2026-07-31 02:38:31.861101
2026-07-31 03:22:25.238981,VIN-202369,1722,88,P0171,⚠️ CRITICAL DEVIATION DETECTED,2026-07-31 02:38:31.864702
2026-07-31 03:22:29.238981,VIN-043369,1558,98,P0171,⚠️ CRITICAL DEVIATION DETECTED,2026-07-31 02:38:31.868152
2026-07-31 03:22:36.238981,VIN-302126,3061,98,P0300,⚠️ CRITICAL DEVIATION DETECTED,2026-07-31 02:38:31.871848
2026-07-31 03:22:38.238981,VIN-951003,1869,89,P0300,⚠️ CRITICAL DEVIATION DETECTED,2026-07-31 02:38:31.874714
2026-07-31 03:22:39.238981,VIN-640958,2189,94,P0171,⚠️ CRITICAL DEVIATION DETECTED,2026-07-31 02:38:31.879211
2026-07-31 03:22:41.238981,VIN-177566,1632,89,P0300,⚠️ CRITICAL DEVIATION DETECTED,2026-07-31 02:38:31.884817
2026-07-31 03:22:44.238981,VIN-918504,2361,103,P0420,⚠️ CRITICAL DEVIATION DETECTED,2026-07-31 02:38:31.889380
2026-07-31 03:22:48.238981,VIN-577121,3442,98,P0420,⚠️ CRITICAL DEVIATION DETECTED,2026-07-31 02:38:31.893292
2026-07-31 03:22:51.238981,VIN-280327,0,102,P0171,⚠️ CRITICAL DEVIATION DETECTED,2026-07-31 02:38:31.897195
2026-07-31 03:22:54.238981,VIN-638256,1761,101,P0420,⚠️ CRITICAL DEVIATION DETECTED,2026-07-31 02:38:31.900733
2026-07-31 03:22:55.238981,VIN-110106,1599,90,P0171,⚠️ CRITICAL DEVIATION DETECTED,2026-07-31 02:38:31.904243
2026-07-31 03:22:57.238981,VIN-195390,3010,102,P0420,⚠️ CRITICAL DEVIATION DETECTED,2026-07-31 02:38:31.907969
2026-07-31 03:22:58.238981,VIN-155846,0,100,P0171,⚠️ CRITICAL DEVIATION DETECTED,2026-07-31 02:38:31.913008
2026-07-31 03:23:02.238981,VIN-917045,1823,87,P0420,⚠️ CRITICAL DEVIATION DETECTED,2026-07-31 02:38:31.918419
2026-07-31 03:23:05.238981,VIN-269170,2253,105,P0171,⚠️ CRITICAL DEVIATION DETECTED,2026-07-31 02:38:31.922671
2026-07-31 03:23:08.238981,VIN-083232,0,96,P0420,⚠️ CRITICAL DEVIATION DETECTED,2026-07-31 02:38:31.926302
2026-07-31 03:23:09.238981,VIN-260798,2392,101,P0171,⚠️ CRITICAL DEVIATION DETECTED,2026-07-31 02:38:31.931127
2026-07-31 03:23:10.238981,VIN-488173,3210,91,P0420,⚠️ CRITICAL DEVIATION DETECTED,2026-07-31 02:38:31.935713
2026-07-31 03:23:12.238981,VIN-916262,0,85,P0300,⚠️ CRITICAL DEVIATION DETECTED,2026-07-31 02:38:31.940026
2026-07-31 03:23:13.238981,VIN-984299,2228,95,P0171,⚠️ CRITICAL DEVIATION DETECTED,2026-07-31 02:38:31.943886
2026-07-31 03:23:14.238981,VIN-830518,1507,92,P0171,⚠️ CRITICAL DEVIATION DETECTED,2026-07-31 02:38:31.947748
2026-07-31 03:23:16.238981,VIN-992802,1965,98,P0300,⚠️ CRITICAL DEVIATION DETECTED,2026-07-31 02:38:31.951714
2026-07-31 03:23:19.238981,VIN-641086,2025,86,P0300,⚠️ CRITICAL DEVIATION DETECTED,2026-07-31 02:38:31.955406
2026-07-31 03:23:20.238981,VIN-804843,3352,88,P0171,⚠️ CRITICAL DEVIATION DETECTED,2026-07-31 02:38:31.959061
2026-07-31 03:23:22.238981,VIN-628984,2561,90,P0300,⚠️ CRITICAL DEVIATION DETECTED,2026-07-31 02:38:31.962935
2026-07-31 03:23:23.238981,VIN-897809,2763,87,P0300,⚠️ CRITICAL DEVIATION DETECTED,2026-07-31 02:38:31.966427
2026-07-31 03:23:24.238981,VIN-648415,1834,104,P0420,⚠️ CRITICAL DEVIATION DETECTED,2026-07-31 02:38:31.969874
2026-07-31 03:23:26.238981,VIN-810000,3070,86,P0420,⚠️ CRITICAL DEVIATION DETECTED,2026-07-31 02:38:31.973040
2026-07-31 03:23:28.238981,VIN-111480,1512,92,P0171,⚠️ CRITICAL DEVIATION DETECTED,2026-07-31 02:38:31.976442
2026-07-31 03:23:29.238981,VIN-166045,3469,95,P0420,⚠️ CRITICAL DEVIATION DETECTED,2026-07-31 02:38:31.987117
2026-07-31 03:23:31.238981,VIN-646929,1724,105,P0171,⚠️ CRITICAL DEVIATION DETECTED,2026-07-31 02:38:31.990871
2026-07-31 03:23:34.238981,VIN-782042,3429,100,P0171,⚠️ CRITICAL DEVIATION DETECTED,2026-07-31 02:38:31.993864
2026-07-31 03:23:35.238981,VIN-328414,2900,96,P0171,⚠️ CRITICAL DEVIATION DETECTED,2026-07-31 02:38:31.997021
2026-07-31 03:23:39.238981,VIN-379282,0,91,P0300,⚠️ CRITICAL DEVIATION DETECTED,2026-07-31 02:38:32.000305
2026-07-31 03:23:41.238981,VIN-602611,3141,101,P0171,⚠️ CRITICAL DEVIATION DETECTED,2026-07-31 02:38:32.003732
2026-07-31 03:23:43.238981,VIN-640473,3357,96,P0420,⚠️ CRITICAL DEVIATION DETECTED,2026-07-31 02:38:32.007154
2026-07-31 03:23:45.238981,VIN-359451,1595,98,P0171,⚠️ CRITICAL DEVIATION DETECTED,2026-07-31 02:38:32.012170
2026-07-31 03:23:47.238981,VIN-904494,2960,95,P0171,⚠️ CRITICAL DEVIATION DETECTED,2026-07-31 02:38:32.016038
2026-07-31 03:23:48.238981,VIN-001241,2994,94,P0420,⚠️ CRITICAL DEVIATION DETECTED,2026-07-31 02:38:32.019134
2026-07-31 03:23:54.238981,VIN-877939,3239,103,P0171,⚠️ CRITICAL DEVIATION DETECTED,2026-07-31 02:38:32.023735
2026-07-31 03:23:56.238981,VIN-442806,1669,96,P0420,⚠️ CRITICAL DEVIATION DETECTED,2026-07-31 02:38:32.027294
2026-07-31 03:23:58.238981,VIN-475454,3323,86,P0300,⚠️ CRITICAL DEVIATION DETECTED,2026-07-31 02:38:32.030579
2026-07-31 03:24:00.238981,VIN-711719,3207,93,P0300,⚠️ CRITICAL DEVIATION DETECTED,2026-07-31 02:38:32.033765
2026-07-31 03:24:01.238981,VIN-422552,2594,104,P0171,⚠️ CRITICAL DEVIATION DETECTED,2026-07-31 02:38:32.037192
2026-07-31 03:24:02.238981,VIN-638131,3012,101,P0420,⚠️ CRITICAL DEVIATION DETECTED,2026-07-31 02:38:32.040326
2026-07-31 03:24:03.238981,VIN-744906,2348,100,P0420,⚠️ CRITICAL DEVIATION DETECTED,2026-07-31 02:38:32.044761
2026-07-31 03:24:04.238981,VIN-386674,3092,92,P0171,⚠️ CRITICAL DEVIATION DETECTED,2026-07-31 02:38:32.048925
2026-07-31 03:24:05.238981,VIN-095365,2221,95,P0171,⚠️ CRITICAL DEVIATION DETECTED,2026-07-31 02:38:32.053990
2026-07-31 03:24:07.238981,VIN-142764,3208,101,P0420,⚠️ CRITICAL DEVIATION DETECTED,2026-07-31 02:38:32.057443
2026-07-31 03:24:08.238981,VIN-607227,2439,98,P0171,⚠️ CRITICAL DEVIATION DETECTED,2026-07-31 02:38:32.061496
2026-07-31 03:24:10.238981,VIN-736922,1546,88,P0171,⚠️ CRITICAL DEVIATION DETECTED,2026-07-31 02:38:32.065818
2026-07-31 03:24:11.238981,VIN-853400,1797,105,P0300,⚠️ CRITICAL DEVIATION DETECTED,2026-07-31 02:38:32.069151
2026-07-31 03:24:12.238981,VIN-994049,3437,100,P0171,⚠️ CRITICAL DEVIATION DETECTED,2026-07-31 02:38:32.073712
2026-07-31 03:24:14.238981,VIN-123760,2930,98,P0300,⚠️ CRITICAL DEVIATION DETECTED,2026-07-31 02:38:32.078313
2026-07-31 03:24:17.238981,VIN-200518,0,88,P0420,⚠️ CRITICAL DEVIATION DETECTED,2026-07-31 02:38:32.083721
2026-07-31 03:24:18.238981,VIN-355196,3322,98,P0171,⚠️ CRITICAL DEVIATION DETECTED,2026-07-31 02:38:32.088014
2026-07-31 03:24:20.238981,VIN-465878,2913,92,P0420,⚠️ CRITICAL DEVIATION DETECTED,2026-07-31 02:38:32.091242
2026-07-31 03:24:23.238981,VIN-942216,2985,86,P0300,⚠️ CRITICAL DEVIATION DETECTED,2026-07-31 02:38:32.094727
2026-07-31 03:24:25.238981,VIN-660182,1629,93,P0300,⚠️ CRITICAL DEVIATION DETECTED,2026-07-31 02:38:32.098016
2026-07-31 03:24:27.238981,VIN-452165,2417,85,P0300,⚠️ CRITICAL DEVIATION DETECTED,2026-07-31 02:38:32.101393
2026-07-31 03:24:30.238981,VIN-781711,2540,93,P0300,⚠️ CRITICAL DEVIATION DETECTED,2026-07-31 02:38:32.104982
2026-07-31 03:24:31.238981,VIN-903053,3484,92,P0420,⚠️ CRITICAL DEVIATION DETECTED,2026-07-31 02:38:32.108771
2026-07-31 03:24:33.238981,VIN-088396,2558,89,P0171,⚠️ CRITICAL DEVIATION DETECTED,2026-07-31 02:38:32.115344
2026-07-31 03:24:35.238981,VIN-555405,0,96,P0171,⚠️ CRITICAL DEVIATION DETECTED,2026-07-31 02:38:32.124085
2026-07-31 03:24:38.238981,VIN-321967,2796,100,P0171,⚠️ CRITICAL DEVIATION DETECTED,2026-07-31 02:38:32.129776
2026-07-31 03:24:43.238981,VIN-570329,0,103,P0171,⚠️ CRITICAL DEVIATION DETECTED,2026-07-31 02:38:32.134150
2026-07-31 03:24:49.238981,VIN-285586,3481,90,P0420,⚠️ CRITICAL DEVIATION DETECTED,2026-07-31 02:38:32.137576
2026-07-31 03:24:50.238981,VIN-726514,2542,87,P0171,⚠️ CRITICAL DEVIATION DETECTED,2026-07-31 02:38:32.141588
2026-07-31 03:24:55.238981,VIN-848161,2494,100,P0420,⚠️ CRITICAL DEVIATION DETECTED,2026-07-31 02:38:32.146837
2026-07-31 03:24:58.238981,VIN-963577,3106,90,P0300,⚠️ CRITICAL DEVIATION DETECTED,2026-07-31 02:38:32.152710
2026-07-31 03:24:59.238981,VIN-124936,3407,100,P0171,⚠️ CRITICAL DEVIATION DETECTED,2026-07-31 02:38:32.157356
2026-07-31 03:25:00.238981,VIN-381330,3301,89,P0300,⚠️ CRITICAL DEVIATION DETECTED,2026-07-31 02:38:32.160961
2026-07-31 03:25:05.238981,VIN-143640,2068,98,P0171,⚠️ CRITICAL DEVIATION DETECTED,2026-07-31 02:38:32.165949
2026-07-31 03:25:07.238981,VIN-479329,1563,92,P0420,⚠️ CRITICAL DEVIATION DETECTED,2026-07-31 02:38:32.169647
2026-07-31 03:25:10.238981,VIN-428044,2351,99,P0420,⚠️ CRITICAL DEVIATION DETECTED,2026-07-31 02:38:32.172885
2026-07-31 03:25:11.238981,VIN-834400,1516,103,P0171,⚠️ CRITICAL DEVIATION DETECTED,2026-07-31 02:38:32.177198
2026-07-31 03:25:12.238981,VIN-436123,2264,89,P0420,⚠️ CRITICAL DEVIATION DETECTED,2026-07-31 02:38:32.182221
2026-07-31 03:25:13.238981,VIN-099439,3243,97,P0171,⚠️ CRITICAL DEVIATION DETECTED,2026-07-31 02:38:32.186789
2026-07-31 03:25:17.238981,VIN-831929,2775,101,P0420,⚠️ CRITICAL DEVIATION DETECTED,2026-07-31 02:38:32.190631
2026-07-31 03:25:18.238981,VIN-126982,3078,101,P0300,⚠️ CRITICAL DEVIATION DETECTED,2026-07-31 02:38:32.194612
2026-07-31 03:25:21.238981,VIN-042656,2896,87,P0420,⚠️ CRITICAL DEVIATION DETECTED,2026-07-31 02:38:32.199207
2026-07-31 03:25:22.238981,VIN-060414,3446,93,P0420,⚠️ CRITICAL DEVIATION DETECTED,2026-07-31 02:38:32.202608
2026-07-31 03:25:29.238981,VIN-637119,3233,94,P0300,⚠️ CRITICAL DEVIATION DETECTED,2026-07-31 02:38:32.205999
2026-07-31 03:25:36.238981,VIN-956714,1798,100,P0171,⚠️ CRITICAL DEVIATION DETECTED,2026-07-31 02:38:32.210056
2026-07-31 03:25:37.238981,VIN-944917,2115,95,P0420,⚠️ CRITICAL DEVIATION DETECTED,2026-07-31 02:38:32.215415
2026-07-31 03:25:38.238981,VIN-996382,2847,103,P0420,⚠️ CRITICAL DEVIATION DETECTED,2026-07-31 02:38:32.223263
2026-07-31 03:25:39.238981,VIN-684135,0,95,P0171,⚠️ CRITICAL DEVIATION DETECTED,2026-07-31 02:38:32.227015
2026-07-31 03:25:40.238981,VIN-362448,2191,99,P0300,⚠️ CRITICAL DEVIATION DETECTED,2026-07-31 02:38:32.230526
2026-07-31 03:25:42.238981,VIN-717926,1910,88,P0420,⚠️ CRITICAL DEVIATION DETECTED,2026-07-31 02:38:32.234392
2026-07-31 03:25:43.238981,VIN-577601,3377,100,P0171,⚠️ CRITICAL DEVIATION DETECTED,2026-07-31 02:38:32.237923
2026-07-31 03:25:44.238981,VIN-660391,2438,102,P0300,⚠️ CRITICAL DEVIATION DETECTED,2026-07-31 02:38:32.241681
2026-07-31 03:25:48.238981,VIN-886490,2418,101,P0171,⚠️ CRITICAL DEVIATION DETECTED,2026-07-31 02:38:32.246738
2026-07-31 03:25:49.238981,VIN-609955,2698,100,P0420,⚠️ CRITICAL DEVIATION DETECTED,2026-07-31 02:38:32.251133
2026-07-31 03:25:50.238981,VIN-062833,2596,95,P0300,⚠️ CRITICAL DEVIATION DETECTED,2026-07-31 02:38:32.254808
2026-07-31 03:25:51.238981,VIN-825687,2804,96,P0420,⚠️ CRITICAL DEVIATION DETECTED,2026-07-31 02:38:32.258412
2026-07-31 03:25:52.238981,VIN-486175,2835,90,P0300,⚠️ CRITICAL DEVIATION DETECTED,2026-07-31 02:38:32.261846
2026-07-31 03:25:55.238981,VIN-144804,3172,104,P0171,⚠️ CRITICAL DEVIATION DETECTED,2026-07-31 02:38:32.265778
2026-07-31 03:25:58.238981,VIN-752041,3259,86,P0300,⚠️ CRITICAL DEVIATION DETECTED,2026-07-31 02:38:32.269359
2026-07-31 03:26:08.238981,VIN-441833,2085,96,P0300,⚠️ CRITICAL DEVIATION DETECTED,2026-07-31 02:38:32.272634
2026-07-31 03:26:14.238981,VIN-051925,1942,87,P0171,⚠️ CRITICAL DEVIATION DETECTED,2026-07-31 02:38:32.275876
2026-07-31 03:26:17.238981,VIN-015218,2926,87,P0171,⚠️ CRITICAL DEVIATION DETECTED,2026-07-31 02:38:32.284733
2026-07-31 03:26:20.238981,VIN-725707,1546,102,P0300,⚠️ CRITICAL DEVIATION DETECTED,2026-07-31 02:38:32.290094
2026-07-31 03:26:21.238981,VIN-214954,3266,90,P0300,⚠️ CRITICAL DEVIATION DETECTED,2026-07-31 02:38:32.293652
2026-07-31 03:26:23.238981,VIN-327724,3121,92,P0300,⚠️ CRITICAL DEVIATION DETECTED,2026-07-31 02:38:32.297016
2026-07-31 03:26:24.238981,VIN-875853,3247,100,P0420,⚠️ CRITICAL DEVIATION DETECTED,2026-07-31 02:38:32.301137
2026-07-31 03:26:27.238981,VIN-110448,3475,93,P0300,⚠️ CRITICAL DEVIATION DETECTED,2026-07-31 02:38:32.339441
2026-07-31 03:26:33.238981,VIN-561713,2860,89,P0300,⚠️ CRITICAL DEVIATION DETECTED,2026-07-31 02:38:32.348911
2026-07-31 03:26:35.238981,VIN-716946,1538,104,P0171,⚠️ CRITICAL DEVIATION DETECTED,2026-07-31 02:38:32.367130
2026-07-31 03:26:36.238981,VIN-375273,1857,90,P0171,⚠️ CRITICAL DEVIATION DETECTED,2026-07-31 02:38:32.378942
2026-07-31 03:26:40.238981,VIN-703839,1548,87,P0420,⚠️ CRITICAL DEVIATION DETECTED,2026-07-31 02:38:32.388225
2026-07-31 03:26:43.238981,VIN-531172,2293,89,P0420,⚠️ CRITICAL DEVIATION DETECTED,2026-07-31 02:38:32.392942
2026-07-31 03:26:44.238981,VIN-268748,1672,92,P0300,⚠️ CRITICAL DEVIATION DETECTED,2026-07-31 02:38:32.398896
2026-07-31 03:26:46.238981,VIN-072639,1846,104,P0420,⚠️ CRITICAL DEVIATION DETECTED,2026-07-31 02:38:32.402213
2026-07-31 03:26:48.238981,VIN-481986,2896,94,P0420,⚠️ CRITICAL DEVIATION DETECTED,2026-07-31 02:38:32.405965
2026-07-31 03:26:49.238981,VIN-591649,3281,92,P0420,⚠️ CRITICAL DEVIATION DETECTED,2026-07-31 02:38:32.409921
2026-07-31 03:26:52.238981,VIN-687606,3126,94,P0420,⚠️ CRITICAL DEVIATION DETECTED,2026-07-31 02:38:32.415850
2026-07-31 03:26:54.238981,VIN-075835,1590,92,P0420,⚠️ CRITICAL DEVIATION DETECTED,2026-07-31 02:38:32.420952
2026-07-31 03:26:55.238981,VIN-473143,1905,93,P0300,⚠️ CRITICAL DEVIATION DETECTED,2026-07-31 02:38:32.424815
2026-07-31 03:26:56.238981,VIN-338077,3414,89,P0420,⚠️ CRITICAL DEVIATION DETECTED,2026-07-31 02:38:32.428108
2026-07-31 03:27:01.238981,VIN-394533,2704,99,P0420,⚠️ CRITICAL DEVIATION DETECTED,2026-07-31 02:38:32.432163
2026-07-31 03:27:02.238981,VIN-568763,2598,86,P0420,⚠️ CRITICAL DEVIATION DETECTED,2026-07-31 02:38:32.435922
2026-07-31 03:27:03.238981,VIN-038206,2569,92,P0171,⚠️ CRITICAL DEVIATION DETECTED,2026-07-31 02:38:32.439288
2026-07-31 03:27:08.238981,VIN-956356,3054,103,P0171,⚠️ CRITICAL DEVIATION DETECTED,2026-07-31 02:38:32.443532
2026-07-31 03:27:10.238981,VIN-765835,2900,92,P0300,⚠️ CRITICAL DEVIATION DETECTED,2026-07-31 02:38:32.447659
2026-07-31 03:27:11.238981,VIN-425927,3091,95,P0300,⚠️ CRITICAL DEVIATION DETECTED,2026-07-31 02:38:32.451744
2026-07-31 03:27:13.238981,VIN-985133,2037,86,P0420,⚠️ CRITICAL DEVIATION DETECTED,2026-07-31 02:38:32.456193
2026-07-31 03:27:15.238981,VIN-209254,3277,96,P0420,⚠️ CRITICAL DEVIATION DETECTED,2026-07-31 02:38:32.465064
2026-07-31 03:27:17.238981,VIN-093591,2849,94,P0420,⚠️ CRITICAL DEVIATION DETECTED,2026-07-31 02:38:32.468734
2026-07-31 03:27:18.238981,VIN-475542,2977,93,P0420,⚠️ CRITICAL DEVIATION DETECTED,2026-07-31 02:38:32.474971
2026-07-31 03:27:19.238981,VIN-791424,1646,96,P0171,⚠️ CRITICAL DEVIATION DETECTED,2026-07-31 02:38:32.479773
2026-07-31 03:27:23.238981,VIN-128408,2034,101,P0420,⚠️ CRITICAL DEVIATION DETECTED,2026-07-31 02:38:32.488522
2026-07-31 03:27:27.238981,VIN-323536,2770,102,P0420,⚠️ CRITICAL DEVIATION DETECTED,2026-07-31 02:38:32.496714
2026-07-31 03:27:30.238981,VIN-106238,2978,95,P0420,⚠️ CRITICAL DEVIATION DETECTED,2026-07-31 02:38:32.501055
2026-07-31 03:27:33.238981,VIN-085378,1642,100,P0420,⚠️ CRITICAL DEVIATION DETECTED,2026-07-31 02:38:32.505419
2026-07-31 03:27:34.238981,VIN-765071,2969,85,P0300,⚠️ CRITICAL DEVIATION DETECTED,2026-07-31 02:38:32.508853
2026-07-31 03:27:35.238981,VIN-591969,2001,93,P0420,⚠️ CRITICAL DEVIATION DETECTED,2026-07-31 02:38:32.515255
2026-07-31 03:27:38.238981,VIN-132333,2940,85,P0300,⚠️ CRITICAL DEVIATION DETECTED,2026-07-31 02:38:32.524624
2026-07-31 03:27:39.238981,VIN-338973,2804,92,P0420,⚠️ CRITICAL DEVIATION DETECTED,2026-07-31 02:38:32.529608
2026-07-31 03:27:43.238981,VIN-384396,2015,103,P0171,⚠️ CRITICAL DEVIATION DETECTED,2026-07-31 02:38:32.533592
2026-07-31 03:27:47.238981,VIN-549972,2205,94,P0300,⚠️ CRITICAL DEVIATION DETECTED,2026-07-31 02:38:32.537430
2026-07-31 03:27:49.238981,VIN-009969,2336,91,P0420,⚠️ CRITICAL DEVIATION DETECTED,2026-07-31 02:38:32.541052
2026-07-31 03:27:50.238981,VIN-481645,2612,91,P0420,⚠️ CRITICAL DEVIATION DETECTED,2026-07-31 02:38:32.545178
2026-07-31 03:27:52.238981,VIN-009799,2768,103,P0420,⚠️ CRITICAL DEVIATION DETECTED,2026-07-31 02:38:32.549585
2026-07-31 03:27:53.238981,VIN-634960,2688,99,P0420,⚠️ CRITICAL DEVIATION DETECTED,2026-07-31 02:38:32.556089
2026-07-31 03:27:56.238981,VIN-321601,3490,94,P0171,⚠️ CRITICAL DEVIATION DETECTED,2026-07-31 02:38:32.559392
2026-07-31 03:27:57.238981,VIN-469995,2488,97,P0420,⚠️ CRITICAL DEVIATION DETECTED,2026-07-31 02:38:32.562775
2026-07-31 03:27:59.238981,VIN-688904,1739,87,P0171,⚠️ CRITICAL DEVIATION DETECTED,2026-07-31 02:38:32.567100
2026-07-31 03:28:00.238981,VIN-249219,2307,87,P0420,⚠️ CRITICAL DEVIATION DETECTED,2026-07-31 02:38:32.572096
2026-07-31 03:28:03.238981,VIN-341584,2418,95,P0171,⚠️ CRITICAL DEVIATION DETECTED,2026-07-31 02:38:32.575260
2026-07-31 03:28:06.238981,VIN-291352,3290,96,P0300,⚠️ CRITICAL DEVIATION DETECTED,2026-07-31 02:38:32.578595
2026-07-31 03:28:09.238981,VIN-335867,2715,89,P0171,⚠️ CRITICAL DEVIATION DETECTED,2026-07-31 02:38:32.582188
2026-07-31 03:28:12.238981,VIN-181759,3114,87,P0300,⚠️ CRITICAL DEVIATION DETECTED,2026-07-31 02:38:32.587469
2026-07-31 03:28:13.238981,VIN-303947,1730,92,P0171,⚠️ CRITICAL DEVIATION DETECTED,2026-07-31 02:38:32.591782
2026-07-31 03:28:14.238981,VIN-958714,2185,86,P0171,⚠️ CRITICAL DEVIATION DETECTED,2026-07-31 02:38:32.594899
2026-07-31 03:28:15.238981,VIN-212977,2484,102,P0420,⚠️ CRITICAL DEVIATION DETECTED,2026-07-31 02:38:32.600227
2026-07-31 03:28:23.238981,VIN-972593,2824,92,P0300,⚠️ CRITICAL DEVIATION DETECTED,2026-07-31 02:38:32.603596
2026-07-31 03:28:25.238981,VIN-552398,1895,91,P0300,⚠️ CRITICAL DEVIATION DETECTED,2026-07-31 02:38:32.606209
2026-07-31 03:28:27.238981,VIN-390971,0,89,P0300,⚠️ CRITICAL DEVIATION DETECTED,2026-07-31 02:38:32.609109
2026-07-31 03:28:30.238981,VIN-971005,3403,102,P0420,⚠️ CRITICAL DEVIATION DETECTED,2026-07-31 02:38:32.614944
2026-07-31 03:28:31.238981,VIN-300033,2297,85,P0300,⚠️ CRITICAL DEVIATION DETECTED,2026-07-31 02:38:32.619155
2026-07-31 03:28:39.238981,VIN-567449,0,100,P0420,⚠️ CRITICAL DEVIATION DETECTED,2026-07-31 02:38:32.623717
2026-07-31 03:28:41.238981,VIN-625268,3292,105,P0420,⚠️ CRITICAL DEVIATION DETECTED,2026-07-31 02:38:32.627821
2026-07-31 03:28:42.238981,VIN-881728,2205,96,P0420,⚠️ CRITICAL DEVIATION DETECTED,2026-07-31 02:38:32.630686
2026-07-31 03:28:43.238981,VIN-263922,2969,102,P0300,⚠️ CRITICAL DEVIATION DETECTED,2026-07-31 02:38:32.633677
2026-07-31 03:28:47.238981,VIN-083849,3145,90,P0171,⚠️ CRITICAL DEVIATION DETECTED,2026-07-31 02:38:32.637295
2026-07-31 03:28:48.238981,VIN-831051,2566,90,P0300,⚠️ CRITICAL DEVIATION DETECTED,2026-07-31 02:38:32.640306
2026-07-31 03:28:52.238981,VIN-473593,1545,94,P0171,⚠️ CRITICAL DEVIATION DETECTED,2026-07-31 02:38:32.643295
2026-07-31 03:28:57.238981,VIN-519913,1963,98,P0420,⚠️ CRITICAL DEVIATION DETECTED,2026-07-31 02:38:32.647876
2026-07-31 03:28:58.238981,VIN-543908,3183,92,P0300,⚠️ CRITICAL DEVIATION DETECTED,2026-07-31 02:38:32.653320
2026-07-31 03:28:59.238981,VIN-903200,2844,89,P0420,⚠️ CRITICAL DEVIATION DETECTED,2026-07-31 02:38:32.657251
2026-07-31 03:29:02.238981,VIN-982052,1797,96,P0300,⚠️ CRITICAL DEVIATION DETECTED,2026-07-31 02:38:32.669194
2026-07-31 03:29:04.238981,VIN-616339,3052,86,P0300,⚠️ CRITICAL DEVIATION DETECTED,2026-07-31 02:38:32.672593
2026-07-31 03:29:06.238981,VIN-170352,1588,99,P0171,⚠️ CRITICAL DEVIATION DETECTED,2026-07-31 02:38:32.675747
2026-07-31 03:29:07.238981,VIN-788583,0,98,P0420,⚠️ CRITICAL DEVIATION DETECTED,2026-07-31 02:38:32.681019
2026-07-31 03:29:09.238981,VIN-789401,1889,86,P0300,⚠️ CRITICAL DEVIATION DETECTED,2026-07-31 02:38:32.684792
2026-07-31 03:29:17.238981,VIN-995870,3151,88,P0171,⚠️ CRITICAL DEVIATION DETECTED,2026-07-31 02:38:32.689058
2026-07-31 03:29:21.238981,VIN-761291,1817,102,P0300,⚠️ CRITICAL DEVIATION DETECTED,2026-07-31 02:38:32.693758
2026-07-31 03:29:22.238981,VIN-189931,3199,101,P0300,⚠️ CRITICAL DEVIATION DETECTED,2026-07-31 02:38:32.697073
2026-07-31 03:29:23.238981,VIN-543007,3219,92,P0171,⚠️ CRITICAL DEVIATION DETECTED,2026-07-31 02:38:32.700271
2026-07-31 03:29:24.238981,VIN-215539,2284,88,P0420,⚠️ CRITICAL DEVIATION DETECTED,2026-07-31 02:38:32.703442
2026-07-31 03:29:25.238981,VIN-525149,1908,88,P0171,⚠️ CRITICAL DEVIATION DETECTED,2026-07-31 02:38:32.706294
2026-07-31 03:29:28.238981,VIN-337165,2955,98,P0420,⚠️ CRITICAL DEVIATION DETECTED,2026-07-31 02:38:32.709493
2026-07-31 03:29:29.238981,VIN-419012,3064,103,P0300,⚠️ CRITICAL DEVIATION DETECTED,2026-07-31 02:38:32.715032
2026-07-31 03:29:30.238981,VIN-460047,0,87,P0300,⚠️ CRITICAL DEVIATION DETECTED,2026-07-31 02:38:32.719912
2026-07-31 03:29:33.238981,VIN-960884,3370,99,P0300,⚠️ CRITICAL DEVIATION DETECTED,2026-07-31 02:38:32.723699
2026-07-31 03:29:36.238981,VIN-061113,0,92,P0420,⚠️ CRITICAL DEVIATION DETECTED,2026-07-31 02:38:32.726697
2026-07-31 03:29:39.238981,VIN-699358,2766,93,P0420,⚠️ CRITICAL DEVIATION DETECTED,2026-07-31 02:38:32.729953
2026-07-31 03:29:40.238981,VIN-641771,2687,96,P0300,⚠️ CRITICAL DEVIATION DETECTED,2026-07-31 02:38:32.733002
2026-07-31 03:29:49.238981,VIN-586090,2394,102,P0300,⚠️ CRITICAL DEVIATION DETECTED,2026-07-31 02:38:32.736672
2026-07-31 03:29:50.238981,VIN-330704,2945,98,P0420,⚠️ CRITICAL DEVIATION DETECTED,2026-07-31 02:38:32.739631
2026-07-31 03:29:51.238981,VIN-467065,3128,94,P0300,⚠️ CRITICAL DEVIATION DETECTED,2026-07-31 02:38:32.742725
2026-07-31 03:29:52.238981,VIN-682523,2653,91,P0420,⚠️ CRITICAL DEVIATION DETECTED,2026-07-31 02:38:32.747948
2026-07-31 03:29:54.238981,VIN-288310,1820,105,P0171,⚠️ CRITICAL DEVIATION DETECTED,2026-07-31 02:38:32.759741
2026-07-31 03:29:55.238981,VIN-870220,2244,100,P0420,⚠️ CRITICAL DEVIATION DETECTED,2026-07-31 02:38:32.762975
2026-07-31 03:30:01.238981,VIN-890148,2127,97,P0420,⚠️ CRITICAL DEVIATION DETECTED,2026-07-31 02:38:32.768712
2026-07-31 03:30:03.238981,VIN-595006,2569,98,P0420,⚠️ CRITICAL DEVIATION DETECTED,2026-07-31 02:38:32.771910
2026-07-31 03:30:05.238981,VIN-791402,1693,95,P0171,⚠️ CRITICAL DEVIATION DETECTED,2026-07-31 02:38:32.775139
2026-07-31 03:30:10.238981,VIN-878033,1665,95,P0300,⚠️ CRITICAL DEVIATION DETECTED,2026-07-31 02:38:32.778652
2026-07-31 03:30:11.238981,VIN-641146,1911,103,P0420,⚠️ CRITICAL DEVIATION DETECTED,2026-07-31 02:38:32.782719
2026-07-31 03:30:12.238981,VIN-658065,1895,88,P0300,⚠️ CRITICAL DEVIATION DETECTED,2026-07-31 02:38:32.787442
2026-07-31 03:30:14.238981,VIN-446369,2585,103,P0300,⚠️ CRITICAL DEVIATION DETECTED,2026-07-31 02:38:32.790758
2026-07-31 03:30:19.238981,VIN-774498,2729,103,P0171,⚠️ CRITICAL DEVIATION DETECTED,2026-07-31 02:38:32.793521
2026-07-31 03:30:23.238981,VIN-919790,0,90,P0420,⚠️ CRITICAL DEVIATION DETECTED,2026-07-31 02:38:32.796356
2026-07-31 03:30:24.238981,VIN-645018,2360,99,P0420,⚠️ CRITICAL DEVIATION DETECTED,2026-07-31 02:38:32.799911
2026-07-31 03:30:26.238981,VIN-956227,2555,92,P0300,⚠️ CRITICAL DEVIATION DETECTED,2026-07-31 02:38:32.802955
2026-07-31 03:30:27.238981,VIN-469697,1974,98,P0300,⚠️ CRITICAL DEVIATION DETECTED,2026-07-31 02:38:32.806074
2026-07-31 03:30:28.238981,VIN-856868,2974,91,P0171,⚠️ CRITICAL DEVIATION DETECTED,2026-07-31 02:38:32.808661
2026-07-31 03:30:30.238981,VIN-929669,2504,103,P0300,⚠️ CRITICAL DEVIATION DETECTED,2026-07-31 02:38:32.812324
2026-07-31 03:30:32.238981,VIN-930220,2508,103,P0171,⚠️ CRITICAL DEVIATION DETECTED,2026-07-31 02:38:32.818312
2026-07-31 03:30:35.238981,VIN-858040,3013,97,P0300,⚠️ CRITICAL DEVIATION DETECTED,2026-07-31 02:38:32.823628
2026-07-31 03:30:36.238981,VIN-902541,1906,85,P0300,⚠️ CRITICAL DEVIATION DETECTED,2026-07-31 02:38:32.826422
2026-07-31 03:30:38.238981,VIN-315811,2167,97,P0300,⚠️ CRITICAL DEVIATION DETECTED,2026-07-31 02:38:32.829202
2026-07-31 03:30:40.238981,VIN-802945,0,89,P0171,⚠️ CRITICAL DEVIATION DETECTED,2026-07-31 02:38:32.832549
2026-07-31 03:30:41.238981,VIN-386805,1920,97,P0171,⚠️ CRITICAL DEVIATION DETECTED,2026-07-31 02:38:32.835789
2026-07-31 03:30:44.238981,VIN-721330,1921,99,P0171,⚠️ CRITICAL DEVIATION DETECTED,2026-07-31 02:38:32.840057
2026-07-31 03:30:45.238981,VIN-909189,1690,98,P0420,⚠️ CRITICAL DEVIATION DETECTED,2026-07-31 02:38:32.843348
2026-07-31 03:30:46.238981,VIN-494441,2662,97,P0171,⚠️ CRITICAL DEVIATION DETECTED,2026-07-31 02:38:32.848366
2026-07-31 03:30:47.238981,VIN-279118,2262,87,P0171,⚠️ CRITICAL DEVIATION DETECTED,2026-07-31 02:38:32.851671
2026-07-31 03:30:50.238981,VIN-174061,3190,105,P0420,⚠️ CRITICAL DEVIATION DETECTED,2026-07-31 02:38:32.856114
2026-07-31 03:30:51.238981,VIN-425294,2061,93,P0171,⚠️ CRITICAL DEVIATION DETECTED,2026-07-31 02:38:32.862200
2026-07-31 03:30:53.238981,VIN-856907,1692,93,P0300,⚠️ CRITICAL DEVIATION DETECTED,2026-07-31 02:38:32.869990
2026-07-31 03:30:54.238981,VIN-602172,2207,97,P0300,⚠️ CRITICAL DEVIATION DETECTED,2026-07-31 02:38:32.873109
2026-07-31 03:30:55.238981,VIN-744280,2626,88,P0171,⚠️ CRITICAL DEVIATION DETECTED,2026-07-31 02:38:32.878084
2026-07-31 03:30:57.238981,VIN-515170,2985,85,P0300,⚠️ CRITICAL DEVIATION DETECTED,2026-07-31 02:38:32.883416
2026-07-31 03:30:59.238981,VIN-781271,2956,102,P0300,⚠️ CRITICAL DEVIATION DETECTED,2026-07-31 02:38:32.887428
2026-07-31 03:31:00.238981,VIN-168012,1925,87,P0171,⚠️ CRITICAL DEVIATION DETECTED,2026-07-31 02:38:32.890760
2026-07-31 03:31:02.238981,VIN-433293,3316,89,P0300,⚠️ CRITICAL DEVIATION DETECTED,2026-07-31 02:38:32.894797
2026-07-31 03:31:05.238981,VIN-202183,2510,101,P0300,⚠️ CRITICAL DEVIATION DETECTED,2026-07-31 02:38:32.898077
2026-07-31 03:31:07.238981,VIN-502205,2856,90,P0420,⚠️ CRITICAL DEVIATION DETECTED,2026-07-31 02:38:32.900892
2026-07-31 03:31:10.238981,VIN-831408,2223,101,P0300,⚠️ CRITICAL DEVIATION DETECTED,2026-07-31 02:38:32.904227
2026-07-31 03:31:13.238981,VIN-234150,0,87,P0420,⚠️ CRITICAL DEVIATION DETECTED,2026-07-31 02:38:32.911056
2026-07-31 03:31:14.238981,VIN-391379,1899,91,P0300,⚠️ CRITICAL DEVIATION DETECTED,2026-07-31 02:38:32.917034
2026-07-31 03:31:20.238981,VIN-539714,2419,94,P0300,⚠️ CRITICAL DEVIATION DETECTED,2026-07-31 02:38:32.920212
2026-07-31 03:31:21.238981,VIN-312585,2283,87,P0420,⚠️ CRITICAL DEVIATION DETECTED,2026-07-31 02:38:32.924346
2026-07-31 03:31:23.238981,VIN-574389,2753,104,P0300,⚠️ CRITICAL DEVIATION DETECTED,2026-07-31 02:38:32.927640
2026-07-31 03:31:25.238981,VIN-313677,2060,88,P0300,⚠️ CRITICAL DEVIATION DETECTED,2026-07-31 02:38:32.930575
2026-07-31 03:31:26.238981,VIN-629158,2576,95,P0300,⚠️ CRITICAL DEVIATION DETECTED,2026-07-31 02:38:32.934386
2026-07-31 03:31:29.238981,VIN-609740,0,105,P0300,⚠️ CRITICAL DEVIATION DETECTED,2026-07-31 02:38:32.937288
2026-07-31 03:31:32.238981,VIN-231450,2053,99,P0171,⚠️ CRITICAL DEVIATION DETECTED,2026-07-31 02:38:32.940723
2026-07-31 03:31:33.238981,VIN-933911,3004,87,P0300,⚠️ CRITICAL DEVIATION DETECTED,2026-07-31 02:38:32.943807
2026-07-31 03:31:34.238981,VIN-143706,3075,89,P0300,⚠️ CRITICAL DEVIATION DETECTED,2026-07-31 02:38:32.950613
2026-07-31 03:31:37.238981,VIN-891756,2867,94,P0300,⚠️ CRITICAL DEVIATION DETECTED,2026-07-31 02:38:32.955740
2026-07-31 03:31:38.238981,VIN-491642,3499,101,P0300,⚠️ CRITICAL DEVIATION DETECTED,2026-07-31 02:38:32.959973
2026-07-31 03:31:39.238981,VIN-392680,2797,97,P0300,⚠️ CRITICAL DEVIATION DETECTED,2026-07-31 02:38:32.963942
2026-07-31 03:31:40.238981,VIN-366521,2303,86,P0171,⚠️ CRITICAL DEVIATION DETECTED,2026-07-31 02:38:32.968820
2026-07-31 03:31:41.238981,VIN-359563,2145,95,P0420,⚠️ CRITICAL DEVIATION DETECTED,2026-07-31 02:38:32.971702
2026-07-31 03:31:45.238981,VIN-758834,2830,105,P0171,⚠️ CRITICAL DEVIATION DETECTED,2026-07-31 02:38:32.974414
2026-07-31 03:31:46.238981,VIN-274768,3395,85,P0300,⚠️ CRITICAL DEVIATION DETECTED,2026-07-31 02:38:32.977649
2026-07-31 03:31:47.238981,VIN-147899,2865,99,P0171,⚠️ CRITICAL DEVIATION DETECTED,2026-07-31 02:38:32.983090
2026-07-31 03:31:49.238981,VIN-328899,2680,94,P0171,⚠️ CRITICAL DEVIATION DETECTED,2026-07-31 02:38:32.987721
2026-07-31 03:31:51.238981,VIN-207483,3081,90,P0171,⚠️ CRITICAL DEVIATION DETECTED,2026-07-31 02:38:32.991120
2026-07-31 03:31:53.238981,VIN-860030,2436,87,P0420,⚠️ CRITICAL DEVIATION DETECTED,2026-07-31 02:38:32.994419
2026-07-31 03:31:56.238981,VIN-161634,2971,95,P0171,⚠️ CRITICAL DEVIATION DETECTED,2026-07-31 02:38:32.997534
2026-07-31 03:31:57.238981,VIN-912149,3446,105,P0300,⚠️ CRITICAL DEVIATION DETECTED,2026-07-31 02:38:33.000326
2026-07-31 03:32:00.238981,VIN-723862,1755,104,P0171,⚠️ CRITICAL DEVIATION DETECTED,2026-07-31 02:38:33.003834
2026-07-31 03:32:01.238981,VIN-971031,1530,88,P0171,⚠️ CRITICAL DEVIATION DETECTED,2026-07-31 02:38:33.006844
2026-07-31 03:32:02.238981,VIN-524302,2715,88,P0171,⚠️ CRITICAL DEVIATION DETECTED,2026-07-31 02:38:33.010147
2026-07-31 03:32:06.238981,VIN-768857,2796,85,P0171,⚠️ CRITICAL DEVIATION DETECTED,2026-07-31 02:38:33.014597
2026-07-31 03:32:07.238981,VIN-609029,3073,95,P0300,⚠️ CRITICAL DEVIATION DETECTED,2026-07-31 02:38:33.019001
2026-07-31 03:32:10.238981,VIN-851084,2143,104,P0420,⚠️ CRITICAL DEVIATION DETECTED,2026-07-31 02:38:33.022854
2026-07-31 03:32:14.238981,VIN-249183,2528,99,P0420,⚠️ CRITICAL DEVIATION DETECTED,2026-07-31 02:38:33.027231
2026-07-31 03:32:16.238981,VIN-155854,1984,105,P0300,⚠️ CRITICAL DEVIATION DETECTED,2026-07-31 02:38:33.031545
2026-07-31 03:32:17.238981,VIN-662003,1825,105,P0300,⚠️ CRITICAL DEVIATION DETECTED,2026-07-31 02:38:33.035969
2026-07-31 03:32:19.238981,VIN-077558,3265,95,P0171,⚠️ CRITICAL DEVIATION DETECTED,2026-07-31 02:38:33.039265
2026-07-31 03:32:21.238981,VIN-165147,1544,102,P0300,⚠️ CRITICAL DEVIATION DETECTED,2026-07-31 02:38:33.042663
2026-07-31 03:32:23.238981,VIN-521296,2954,89,P0420,⚠️ CRITICAL DEVIATION DETECTED,2026-07-31 02:38:33.055247
2026-07-31 03:32:27.238981,VIN-454734,3490,87,P0300,⚠️ CRITICAL DEVIATION DETECTED,2026-07-31 02:38:33.062574
2026-07-31 03:32:28.238981,VIN-201482,3001,102,P0420,⚠️ CRITICAL DEVIATION DETECTED,2026-07-31 02:38:33.066321
2026-07-31 03:32:29.238981,VIN-361795,2038,91,P0171,⚠️ CRITICAL DEVIATION DETECTED,2026-07-31 02:38:33.069952
2026-07-31 03:32:32.238981,VIN-646967,3126,96,P0171,⚠️ CRITICAL DEVIATION DETECTED,2026-07-31 02:38:33.072798
2026-07-31 03:32:33.238981,VIN-076586,3463,90,P0171,⚠️ CRITICAL DEVIATION DETECTED,2026-07-31 02:38:33.076399
2026-07-31 03:32:34.238981,VIN-722123,2173,95,P0420,⚠️ CRITICAL DEVIATION DETECTED,2026-07-31 02:38:33.080032
2026-07-31 03:32:36.238981,VIN-280784,3013,105,P0300,⚠️ CRITICAL DEVIATION DETECTED,2026-07-31 02:38:33.084708
2026-07-31 03:32:37.238981,VIN-382895,2862,93,P0420,⚠️ CRITICAL DEVIATION DETECTED,2026-07-31 02:38:33.089170
2026-07-31 03:32:39.238981,VIN-760758,1578,94,P0420,⚠️ CRITICAL DEVIATION DETECTED,2026-07-31 02:38:33.093007
2026-07-31 03:32:41.238981,VIN-587103,3242,100,P0171,⚠️ CRITICAL DEVIATION DETECTED,2026-07-31 02:38:33.097023
2026-07-31 03:32:45.238981,VIN-611595,1928,105,P0171,⚠️ CRITICAL DEVIATION DETECTED,2026-07-31 02:38:33.101485
2026-07-31 03:32:48.238981,VIN-993447,1534,86,P0171,⚠️ CRITICAL DEVIATION DETECTED,2026-07-31 02:38:33.105208
2026-07-31 03:32:50.238981,VIN-683191,2194,98,P0420,⚠️ CRITICAL DEVIATION DETECTED,2026-07-31 02:38:33.109684
2026-07-31 03:32:53.238981,VIN-226121,1786,93,P0420,⚠️ CRITICAL DEVIATION DETECTED,2026-07-31 02:38:33.113768
2026-07-31 03:32:54.238981,VIN-763825,3367,98,P0300,⚠️ CRITICAL DEVIATION DETECTED,2026-07-31 02:38:33.120990
2026-07-31 03:33:01.238981,VIN-184916,2674,97,P0420,⚠️ CRITICAL DEVIATION DETECTED,2026-07-31 02:38:33.125218
2026-07-31 03:33:02.238981,VIN-100351,0,99,P0300,⚠️ CRITICAL DEVIATION DETECTED,2026-07-31 02:38:33.129995
2026-07-31 03:33:05.238981,VIN-223467,1946,95,P0171,⚠️ CRITICAL DEVIATION DETECTED,2026-07-31 02:38:33.133009
2026-07-31 03:33:07.238981,VIN-513820,2494,98,P0171,⚠️ CRITICAL DEVIATION DETECTED,2026-07-31 02:38:33.135792
2026-07-31 03:33:08.238981,VIN-691902,2533,88,P0420,⚠️ CRITICAL DEVIATION DETECTED,2026-07-31 02:38:33.138689
2026-07-31 03:33:09.238981,VIN-265140,2757,99,P0420,⚠️ CRITICAL DEVIATION DETECTED,2026-07-31 02:38:33.141198
2026-07-31 03:33:10.238981,VIN-871017,1510,105,P0420,⚠️ CRITICAL DEVIATION DETECTED,2026-07-31 02:38:33.145748
2026-07-31 03:33:11.238981,VIN-726031,3020,85,P0171,⚠️ CRITICAL DEVIATION DETECTED,2026-07-31 02:38:33.150120
2026-07-31 03:33:12.238981,VIN-401635,2254,101,P0300,⚠️ CRITICAL DEVIATION DETECTED,2026-07-31 02:38:33.154425
2026-07-31 03:33:13.238981,VIN-353076,2341,96,P0171,⚠️ CRITICAL DEVIATION DETECTED,2026-07-31 02:38:33.158043
2026-07-31 03:33:15.238981,VIN-127725,1985,90,P0300,⚠️ CRITICAL DEVIATION DETECTED,2026-07-31 02:38:33.162007
2026-07-31 03:33:26.238981,VIN-100935,1839,85,P0300,⚠️ CRITICAL DEVIATION DETECTED,2026-07-31 02:38:33.165098
2026-07-31 03:33:27.238981,VIN-546403,3282,85,P0420,⚠️ CRITICAL DEVIATION DETECTED,2026-07-31 02:38:33.168076
2026-07-31 03:33:31.238981,VIN-851496,3446,92,P0300,⚠️ CRITICAL DEVIATION DETECTED,2026-07-31 02:38:33.171614
2026-07-31 03:33:34.238981,VIN-997178,3019,100,P0420,⚠️ CRITICAL DEVIATION DETECTED,2026-07-31 02:38:33.174262
2026-07-31 03:33:35.238981,VIN-026040,3138,86,P0300,⚠️ CRITICAL DEVIATION DETECTED,2026-07-31 02:38:33.177372
2026-07-31 03:33:40.238981,VIN-614833,1629,103,P0171,⚠️ CRITICAL DEVIATION DETECTED,2026-07-31 02:38:33.182067
2026-07-31 03:33:41.238981,VIN-065658,2081,89,P0171,⚠️ CRITICAL DEVIATION DETECTED,2026-07-31 02:38:33.186461
2026-07-31 03:33:46.238981,VIN-388341,1834,100,P0171,⚠️ CRITICAL DEVIATION DETECTED,2026-07-31 02:38:33.190728
2026-07-31 03:33:47.238981,VIN-339158,2937,99,P0171,⚠️ CRITICAL DEVIATION DETECTED,2026-07-31 02:38:33.194964
2026-07-31 03:33:53.238981,VIN-037756,2519,99,P0300,⚠️ CRITICAL DEVIATION DETECTED,2026-07-31 02:38:33.198684
2026-07-31 03:33:57.238981,VIN-262068,2424,101,P0171,⚠️ CRITICAL DEVIATION DETECTED,2026-07-31 02:38:33.202309
2026-07-31 03:33:58.238981,VIN-282767,2102,102,P0300,⚠️ CRITICAL DEVIATION DETECTED,2026-07-31 02:38:33.204835
2026-07-31 03:34:00.238981,VIN-584568,0,93,P0300,⚠️ CRITICAL DEVIATION DETECTED,2026-07-31 02:38:33.208796
2026-07-31 03:34:02.238981,VIN-147699,3192,92,P0420,⚠️ CRITICAL DEVIATION DETECTED,2026-07-31 02:38:33.212819
2026-07-31 03:34:06.238981,VIN-185030,1677,98,P0300,⚠️ CRITICAL DEVIATION DETECTED,2026-07-31 02:38:33.219543
2026-07-31 03:34:07.238981,VIN-904526,3379,87,P0300,⚠️ CRITICAL DEVIATION DETECTED,2026-07-31 02:38:33.224872
2026-07-31 03:34:08.238981,VIN-610128,2479,95,P0300,⚠️ CRITICAL DEVIATION DETECTED,2026-07-31 02:38:33.234468
2026-07-31 03:34:09.238981,VIN-431010,3138,91,P0300,⚠️ CRITICAL DEVIATION DETECTED,2026-07-31 02:38:33.238171
2026-07-31 03:34:10.238981,VIN-897652,2593,103,P0300,⚠️ CRITICAL DEVIATION DETECTED,2026-07-31 02:38:33.241893
2026-07-31 03:34:12.238981,VIN-587364,2514,89,P0171,⚠️ CRITICAL DEVIATION DETECTED,2026-07-31 02:38:33.246343
2026-07-31 03:34:13.238981,VIN-223041,1890,92,P0420,⚠️ CRITICAL DEVIATION DETECTED,2026-07-31 02:38:33.252699
2026-07-31 03:34:16.238981,VIN-642770,1958,93,P0171,⚠️ CRITICAL DEVIATION DETECTED,2026-07-31 02:38:33.256170
2026-07-31 03:34:18.238981,VIN-165485,2508,103,P0171,⚠️ CRITICAL DEVIATION DETECTED,2026-07-31 02:38:33.258985
2026-07-31 03:34:19.238981,VIN-771692,2826,101,P0420,⚠️ CRITICAL DEVIATION DETECTED,2026-07-31 02:38:33.262016
2026-07-31 03:34:20.238981,VIN-802776,2562,102,P0300,⚠️ CRITICAL DEVIATION DETECTED,2026-07-31 02:38:33.265906
2026-07-31 03:34:21.238981,VIN-576686,1771,91,P0420,⚠️ CRITICAL DEVIATION DETECTED,2026-07-31 02:38:33.268895
2026-07-31 03:34:22.238981,VIN-093760,3267,85,P0171,⚠️ CRITICAL DEVIATION DETECTED,2026-07-31 02:38:33.271861
2026-07-31 03:34:23.238981,VIN-092149,0,103,P0171,⚠️ CRITICAL DEVIATION DETECTED,2026-07-31 02:38:33.275278
2026-07-31 03:34:25.238981,VIN-045335,3237,91,P0420,⚠️ CRITICAL DEVIATION DETECTED,2026-07-31 02:38:33.279565
2026-07-31 03:34:27.238981,VIN-057992,2412,104,P0300,⚠️ CRITICAL DEVIATION DETECTED,2026-07-31 02:38:33.284614
2026-07-31 03:34:30.238981,VIN-680213,1897,100,P0300,⚠️ CRITICAL DEVIATION DETECTED,2026-07-31 02:38:33.289734
2026-07-31 03:34:31.238981,VIN-161189,1614,92,P0420,⚠️ CRITICAL DEVIATION DETECTED,2026-07-31 02:38:33.293826
2026-07-31 03:34:32.238981,VIN-347579,3358,90,P0300,⚠️ CRITICAL DEVIATION DETECTED,2026-07-31 02:38:33.297382
2026-07-31 03:34:34.238981,VIN-635172,0,94,P0300,⚠️ CRITICAL DEVIATION DETECTED,2026-07-31 02:38:33.301331
2026-07-31 03:34:35.238981,VIN-939125,1665,88,P0171,⚠️ CRITICAL DEVIATION DETECTED,2026-07-31 02:38:33.305235
2026-07-31 03:34:36.238981,VIN-403163,2656,93,P0420,⚠️ CRITICAL DEVIATION DETECTED,2026-07-31 02:38:33.309085
2026-07-31 03:34:37.238981,VIN-189050,3220,96,P0300,⚠️ CRITICAL DEVIATION DETECTED,2026-07-31 02:38:33.312223
2026-07-31 03:34:39.238981,VIN-834784,1835,96,P0171,⚠️ CRITICAL DEVIATION DETECTED,2026-07-31 02:38:33.317386
2026-07-31 03:34:40.238981,VIN-536121,3235,85,P0171,⚠️ CRITICAL DEVIATION DETECTED,2026-07-31 02:38:33.323339
2026-07-31 03:34:44.238981,VIN-910626,2008,99,P0300,⚠️ CRITICAL DEVIATION DETECTED,2026-07-31 02:38:33.327202
2026-07-31 03:34:45.238981,VIN-170089,0,105,P0171,⚠️ CRITICAL DEVIATION DETECTED,2026-07-31 02:38:33.330931
2026-07-31 03:34:48.238981,VIN-134702,1944,87,P0300,⚠️ CRITICAL DEVIATION DETECTED,2026-07-31 02:38:33.334300
2026-07-31 03:34:49.238981,VIN-554293,1858,95,P0300,⚠️ CRITICAL DEVIATION DETECTED,2026-07-31 02:38:33.338088
2026-07-31 03:35:01.238981,VIN-160808,2953,92,P0171,⚠️ CRITICAL DEVIATION DETECTED,2026-07-31 02:38:33.340808
2026-07-31 03:35:03.238981,VIN-840889,2437,90,P0300,⚠️ CRITICAL DEVIATION DETECTED,2026-07-31 02:38:33.343972
2026-07-31 03:35:05.238981,VIN-705147,1753,89,P0420,⚠️ CRITICAL DEVIATION DETECTED,2026-07-31 02:38:33.349429
2026-07-31 03:35:06.238981,VIN-107590,1995,101,P0300,⚠️ CRITICAL DEVIATION DETECTED,2026-07-31 02:38:33.353080
2026-07-31 03:35:08.238981,VIN-895374,3262,104,P0420,⚠️ CRITICAL DEVIATION DETECTED,2026-07-31 02:38:33.357673
2026-07-31 03:35:10.238981,VIN-133014,2771,104,P0300,⚠️ CRITICAL DEVIATION DETECTED,2026-07-31 02:38:33.360974
2026-07-31 03:35:13.238981,VIN-625602,3066,102,P0171,⚠️ CRITICAL DEVIATION DETECTED,2026-07-31 02:38:33.364115
2026-07-31 03:35:18.238981,VIN-351983,2465,87,P0420,⚠️ CRITICAL DEVIATION DETECTED,2026-07-31 02:38:33.367651
2026-07-31 03:35:19.238981,VIN-096421,2338,97,P0420,⚠️ CRITICAL DEVIATION DETECTED,2026-07-31 02:38:33.371115
2026-07-31 03:35:21.238981,VIN-607611,1583,105,P0420,⚠️ CRITICAL DEVIATION DETECTED,2026-07-31 02:38:33.374247
2026-07-31 03:35:22.238981,VIN-477588,1712,88,P0171,⚠️ CRITICAL DEVIATION DETECTED,2026-07-31 02:38:33.382359
2026-07-31 03:35:24.238981,VIN-931563,2383,86,P0300,⚠️ CRITICAL DEVIATION DETECTED,2026-07-31 02:38:33.390162
2026-07-31 03:35:25.238981,VIN-182994,2274,96,P0171,⚠️ CRITICAL DEVIATION DETECTED,2026-07-31 02:38:33.394613
2026-07-31 03:35:26.238981,VIN-129638,2599,100,P0420,⚠️ CRITICAL DEVIATION DETECTED,2026-07-31 02:38:33.399556
2026-07-31 03:35:30.238981,VIN-538295,3014,85,P0300,⚠️ CRITICAL DEVIATION DETECTED,2026-07-31 02:38:33.407610
2026-07-31 03:35:31.238981,VIN-285946,2191,104,P0171,⚠️ CRITICAL DEVIATION DETECTED,2026-07-31 02:38:33.419555
2026-07-31 03:35:34.238981,VIN-566830,2920,91,P0300,⚠️ CRITICAL DEVIATION DETECTED,2026-07-31 02:38:33.424730
2026-07-31 03:35:35.238981,VIN-474064,2734,93,P0300,⚠️ CRITICAL DEVIATION DETECTED,2026-07-31 02:38:33.429227
2026-07-31 03:35:38.238981,VIN-686413,1727,95,P0300,⚠️ CRITICAL DEVIATION DETECTED,2026-07-31 02:38:33.432821
2026-07-31 03:35:41.238981,VIN-702964,2335,101,P0171,⚠️ CRITICAL DEVIATION DETECTED,2026-07-31 02:38:33.435951
2026-07-31 03:35:45.238981,VIN-016937,2418,93,P0300,⚠️ CRITICAL DEVIATION DETECTED,2026-07-31 02:38:33.439360
2026-07-31 03:35:46.238981,VIN-798772,2133,87,P0420,⚠️ CRITICAL DEVIATION DETECTED,2026-07-31 02:38:33.442341
2026-07-31 03:35:54.238981,VIN-310525,1914,91,P0171,⚠️ CRITICAL DEVIATION DETECTED,2026-07-31 02:38:33.446761
2026-07-31 03:35:56.238981,VIN-143285,2364,102,P0300,⚠️ CRITICAL DEVIATION DETECTED,2026-07-31 02:38:33.451847
2026-07-31 03:36:05.238981,VIN-016955,2668,99,P0171,⚠️ CRITICAL DEVIATION DETECTED,2026-07-31 02:38:33.456062
2026-07-31 03:36:07.238981,VIN-255236,1899,95,P0300,⚠️ CRITICAL DEVIATION DETECTED,2026-07-31 02:38:33.459470
2026-07-31 03:36:13.238981,VIN-764379,2870,86,P0171,⚠️ CRITICAL DEVIATION DETECTED,2026-07-31 02:38:33.462766
2026-07-31 03:36:15.238981,VIN-380159,0,99,P0300,⚠️ CRITICAL DEVIATION DETECTED,2026-07-31 02:38:33.466961
2026-07-31 03:36:20.238981,VIN-295144,1612,86,P0300,⚠️ CRITICAL DEVIATION DETECTED,2026-07-31 02:38:33.470983
2026-07-31 03:36:21.238981,VIN-703429,3062,105,P0300,⚠️ CRITICAL DEVIATION DETECTED,2026-07-31 02:38:33.473793
2026-07-31 03:36:23.238981,VIN-666855,2136,104,P0300,⚠️ CRITICAL DEVIATION DETECTED,2026-07-31 02:38:33.476957
2026-07-31 03:36:24.238981,VIN-936498,2373,104,P0171,⚠️ CRITICAL DEVIATION DETECTED,2026-07-31 02:38:33.480322
2026-07-31 03:36:26.238981,VIN-269514,2343,104,P0420,⚠️ CRITICAL DEVIATION DETECTED,2026-07-31 02:38:33.485204
2026-07-31 03:36:27.238981,VIN-016650,2168,101,P0171,⚠️ CRITICAL DEVIATION DETECTED,2026-07-31 02:38:33.489040
2026-07-31 03:36:32.238981,VIN-521899,2280,100,P0171,⚠️ CRITICAL DEVIATION DETECTED,2026-07-31 02:38:33.493077
2026-07-31 03:36:33.238981,VIN-872251,2891,102,P0300,⚠️ CRITICAL DEVIATION DETECTED,2026-07-31 02:38:33.496015
2026-07-31 03:36:35.238981,VIN-805028,3315,96,P0420,⚠️ CRITICAL DEVIATION DETECTED,2026-07-31 02:38:33.499997
2026-07-31 03:36:45.238981,VIN-385441,2643,86,P0420,⚠️ CRITICAL DEVIATION DETECTED,2026-07-31 02:38:33.502943
2026-07-31 03:36:48.238981,VIN-624355,1733,105,P0171,⚠️ CRITICAL DEVIATION DETECTED,2026-07-31 02:38:33.506351
2026-07-31 03:36:51.238981,VIN-751107,3091,102,P0171,⚠️ CRITICAL DEVIATION DETECTED,2026-07-31 02:38:33.509980
2026-07-31 03:36:52.238981,VIN-966917,3185,88,P0420,⚠️ CRITICAL DEVIATION DETECTED,2026-07-31 02:38:33.514348
2026-07-31 03:36:53.238981,VIN-012198,1555,102,P0171,⚠️ CRITICAL DEVIATION DETECTED,2026-07-31 02:38:33.519034
2026-07-31 03:36:54.238981,VIN-335724,1769,92,P0300,⚠️ CRITICAL DEVIATION DETECTED,2026-07-31 02:38:33.524150
2026-07-31 03:36:55.238981,VIN-955911,3031,89,P0420,⚠️ CRITICAL DEVIATION DETECTED,2026-07-31 02:38:33.530147
2026-07-31 03:36:56.238981,VIN-431238,2161,95,P0420,⚠️ CRITICAL DEVIATION DETECTED,2026-07-31 02:38:33.533726
2026-07-31 03:36:58.238981,VIN-652199,2658,90,P0420,⚠️ CRITICAL DEVIATION DETECTED,2026-07-31 02:38:33.536820
2026-07-31 03:37:02.238981,VIN-826944,1895,88,P0171,⚠️ CRITICAL DEVIATION DETECTED,2026-07-31 02:38:33.539750
2026-07-31 03:37:03.238981,VIN-303205,2026,104,P0300,⚠️ CRITICAL DEVIATION DETECTED,2026-07-31 02:38:33.543151
2026-07-31 03:37:05.238981,VIN-243784,1634,98,P0300,⚠️ CRITICAL DEVIATION DETECTED,2026-07-31 02:38:33.556169
2026-07-31 03:37:07.238981,VIN-909365,1702,85,P0171,⚠️ CRITICAL DEVIATION DETECTED,2026-07-31 02:38:33.562912
2026-07-31 03:37:08.238981,VIN-715881,2349,95,P0171,⚠️ CRITICAL DEVIATION DETECTED,2026-07-31 02:38:33.566321
2026-07-31 03:37:11.238981,VIN-412300,3240,87,P0171,⚠️ CRITICAL DEVIATION DETECTED,2026-07-31 02:38:33.569866
2026-07-31 03:37:12.238981,VIN-344771,0,92,P0420,⚠️ CRITICAL DEVIATION DETECTED,2026-07-31 02:38:33.572652
2026-07-31 03:37:14.238981,VIN-056830,1659,89,P0420,⚠️ CRITICAL DEVIATION DETECTED,2026-07-31 02:38:33.576234
2026-07-31 03:37:16.238981,VIN-278391,1956,103,P0300,⚠️ CRITICAL DEVIATION DETECTED,2026-07-31 02:38:33.579308
2026-07-31 03:37:18.238981,VIN-739663,2023,101,P0420,⚠️ CRITICAL DEVIATION DETECTED,2026-07-31 02:38:33.582808
2026-07-31 03:37:20.238981,VIN-379675,2563,96,P0420,⚠️ CRITICAL DEVIATION DETECTED,2026-07-31 02:38:33.586817
2026-07-31 03:37:21.238981,VIN-804570,3406,99,P0300,⚠️ CRITICAL DEVIATION DETECTED,2026-07-31 02:38:33.590986
2026-07-31 03:37:25.238981,VIN-292712,2520,93,P0420,⚠️ CRITICAL DEVIATION DETECTED,2026-07-31 02:38:33.594818
2026-07-31 03:37:26.238981,VIN-747896,2619,86,P0420,⚠️ CRITICAL DEVIATION DETECTED,2026-07-31 02:38:33.598098
2026-07-31 03:37:28.238981,VIN-609622,3144,101,P0420,⚠️ CRITICAL DEVIATION DETECTED,2026-07-31 02:38:33.601845
2026-07-31 03:37:30.238981,VIN-789668,1886,104,P0300,⚠️ CRITICAL DEVIATION DETECTED,2026-07-31 02:38:33.604671
2026-07-31 03:37:33.238981,VIN-564872,2050,104,P0420,⚠️ CRITICAL DEVIATION DETECTED,2026-07-31 02:38:33.607618
2026-07-31 03:37:35.238981,VIN-870843,2767,96,P0420,⚠️ CRITICAL DEVIATION DETECTED,2026-07-31 02:38:33.610166
2026-07-31 03:37:37.238981,VIN-354968,2925,99,P0300,⚠️ CRITICAL DEVIATION DETECTED,2026-07-31 02:38:33.635634
2026-07-31 03:37:38.238981,VIN-441199,1901,91,P0420,⚠️ CRITICAL DEVIATION DETECTED,2026-07-31 02:38:33.766813
2026-07-31 03:37:41.238981,VIN-807535,1859,88,P0171,⚠️ CRITICAL DEVIATION DETECTED,2026-07-31 02:38:33.774197
2026-07-31 03:37:42.238981,VIN-444040,2820,89,P0300,⚠️ CRITICAL DEVIATION DETECTED,2026-07-31 02:38:33.780420
2026-07-31 03:37:48.238981,VIN-754433,1669,92,P0171,⚠️ CRITICAL DEVIATION DETECTED,2026-07-31 02:38:33.793052
2026-07-31 03:37:49.238981,VIN-230249,2872,87,P0300,⚠️ CRITICAL DEVIATION DETECTED,2026-07-31 02:38:33.796261
2026-07-31 03:37:50.238981,VIN-926999,1528,96,P0420,⚠️ CRITICAL DEVIATION DETECTED,2026-07-31 02:38:33.800728
2026-07-31 03:37:54.238981,VIN-501937,2324,91,P0300,⚠️ CRITICAL DEVIATION DETECTED,2026-07-31 02:38:33.819596
2026-07-31 03:37:58.238981,VIN-651196,1989,89,P0171,⚠️ CRITICAL DEVIATION DETECTED,2026-07-31 02:38:33.824521
2026-07-31 03:38:01.238981,VIN-568190,2138,99,P0171,⚠️ CRITICAL DEVIATION DETECTED,2026-07-31 02:38:33.828382
2026-07-31 03:38:09.238981,VIN-638645,0,91,P0171,⚠️ CRITICAL DEVIATION DETECTED,2026-07-31 02:38:33.832135
2026-07-31 03:38:10.238981,VIN-018951,2414,89,P0300,⚠️ CRITICAL DEVIATION DETECTED,2026-07-31 02:38:33.840042
2026-07-31 03:38:14.238981,VIN-660249,1506,93,P0300,⚠️ CRITICAL DEVIATION DETECTED,2026-07-31 02:38:33.842769
2026-07-31 03:38:19.238981,VIN-134797,3299,88,P0300,⚠️ CRITICAL DEVIATION DETECTED,2026-07-31 02:38:33.847092
2026-07-31 03:38:20.238981,VIN-466420,2600,97,P0171,⚠️ CRITICAL DEVIATION DETECTED,2026-07-31 02:38:33.851963
2026-07-31 03:38:23.238981,VIN-525746,1960,97,P0171,⚠️ CRITICAL DEVIATION DETECTED,2026-07-31 02:38:33.860013
2026-07-31 03:38:24.238981,VIN-144289,1874,86,P0300,⚠️ CRITICAL DEVIATION DETECTED,2026-07-31 02:38:33.863201
2026-07-31 03:38:27.238981,VIN-322478,2607,105,P0171,⚠️ CRITICAL DEVIATION DETECTED,2026-07-31 02:38:33.866948
2026-07-31 03:38:30.238981,VIN-091468,2510,104,P0300,⚠️ CRITICAL DEVIATION DETECTED,2026-07-31 02:38:33.869928
2026-07-31 03:38:32.238981,VIN-124381,2558,93,P0420,⚠️ CRITICAL DEVIATION DETECTED,2026-07-31 02:38:33.872667
2026-07-31 03:38:33.238981,VIN-624763,1901,94,P0420,⚠️ CRITICAL DEVIATION DETECTED,2026-07-31 02:38:33.876566
2026-07-31 03:38:39.238981,VIN-850954,1542,93,P0300,⚠️ CRITICAL DEVIATION DETECTED,2026-07-31 02:38:33.881084
2026-07-31 03:38:40.238981,VIN-145040,2664,94,P0300,⚠️ CRITICAL DEVIATION DETECTED,2026-07-31 02:38:33.884912
2026-07-31 03:38:41.238981,VIN-303351,2816,99,P0420,⚠️ CRITICAL DEVIATION DETECTED,2026-07-31 02:38:33.887891
2026-07-31 03:38:45.238981,VIN-336909,1994,98,P0300,⚠️ CRITICAL DEVIATION DETECTED,2026-07-31 02:38:33.892468
2026-07-31 03:38:46.238981,VIN-270878,2534,91,P0171,⚠️ CRITICAL DEVIATION DETECTED,2026-07-31 02:38:33.896984
2026-07-31 03:38:48.238981,VIN-789848,1713,94,P0420,⚠️ CRITICAL DEVIATION DETECTED,2026-07-31 02:38:33.900826
2026-07-31 03:38:50.238981,VIN-133287,2377,102,P0300,⚠️ CRITICAL DEVIATION DETECTED,2026-07-31 02:38:33.904584
2026-07-31 03:38:51.238981,VIN-274123,2126,90,P0300,⚠️ CRITICAL DEVIATION DETECTED,2026-07-31 02:38:33.911851
2026-07-31 03:38:54.238981,VIN-289533,2736,90,P0171,⚠️ CRITICAL DEVIATION DETECTED,2026-07-31 02:38:33.917428
2026-07-31 03:38:55.238981,VIN-105435,1691,86,P0300,⚠️ CRITICAL DEVIATION DETECTED,2026-07-31 02:38:33.920850
2026-07-31 03:38:57.238981,VIN-538296,1892,88,P0171,⚠️ CRITICAL DEVIATION DETECTED,2026-07-31 02:38:33.924645
2026-07-31 03:39:01.238981,VIN-450796,2656,96,P0171,⚠️ CRITICAL DEVIATION DETECTED,2026-07-31 02:38:33.928277
2026-07-31 03:39:03.238981,VIN-747454,0,89,P0171,⚠️ CRITICAL DEVIATION DETECTED,2026-07-31 02:38:33.931185
2026-07-31 03:39:08.238981,VIN-536812,2633,105,P0171,⚠️ CRITICAL DEVIATION DETECTED,2026-07-31 02:38:33.933872
2026-07-31 03:39:12.238981,VIN-961462,2796,88,P0300,⚠️ CRITICAL DEVIATION DETECTED,2026-07-31 02:38:33.937847
2026-07-31 03:39:14.238981,VIN-611491,3395,91,P0300,⚠️ CRITICAL DEVIATION DETECTED,2026-07-31 02:38:33.941222
2026-07-31 03:39:16.238981,VIN-816825,2697,102,P0171,⚠️ CRITICAL DEVIATION DETECTED,2026-07-31 02:38:33.944563
2026-07-31 03:39:18.238981,VIN-585570,1804,88,P0300,⚠️ CRITICAL DEVIATION DETECTED,2026-07-31 02:38:33.956149
2026-07-31 03:39:21.238981,VIN-343867,1673,95,P0420,⚠️ CRITICAL DEVIATION DETECTED,2026-07-31 02:38:33.966150
2026-07-31 03:39:22.238981,VIN-409982,1849,86,P0300,⚠️ CRITICAL DEVIATION DETECTED,2026-07-31 02:38:33.970972
2026-07-31 03:39:27.238981,VIN-807300,1502,86,P0420,⚠️ CRITICAL DEVIATION DETECTED,2026-07-31 02:38:33.983987
2026-07-31 03:39:29.238981,VIN-604120,2155,88,P0171,⚠️ CRITICAL DEVIATION DETECTED,2026-07-31 02:38:33.989032
2026-07-31 03:39:30.238981,VIN-805424,3303,103,P0300,⚠️ CRITICAL DEVIATION DETECTED,2026-07-31 02:38:33.992693
2026-07-31 03:39:32.238981,VIN-611519,2078,105,P0171,⚠️ CRITICAL DEVIATION DETECTED,2026-07-31 02:38:33.996974
2026-07-31 03:39:38.238981,VIN-785375,1668,95,P0171,⚠️ CRITICAL DEVIATION DETECTED,2026-07-31 02:38:34.003661
2026-07-31 03:39:39.238981,VIN-055871,3412,88,P0171,⚠️ CRITICAL DEVIATION DETECTED,2026-07-31 02:38:34.008747
2026-07-31 03:39:42.238981,VIN-318047,2778,99,P0171,⚠️ CRITICAL DEVIATION DETECTED,2026-07-31 02:38:34.011616
2026-07-31 03:39:43.238981,VIN-315928,2025,103,P0300,⚠️ CRITICAL DEVIATION DETECTED,2026-07-31 02:38:34.016920
2026-07-31 03:39:44.238981,VIN-977541,3244,90,P0171,⚠️ CRITICAL DEVIATION DETECTED,2026-07-31 02:38:34.021500
2026-07-31 03:39:45.238981,VIN-198496,1563,86,P0300,⚠️ CRITICAL DEVIATION DETECTED,2026-07-31 02:38:34.028697
2026-07-31 03:39:46.238981,VIN-797198,2314,100,P0300,⚠️ CRITICAL DEVIATION DETECTED,2026-07-31 02:38:34.034313
2026-07-31 03:39:48.238981,VIN-251337,3444,100,P0300,⚠️ CRITICAL DEVIATION DETECTED,2026-07-31 02:38:34.037657
2026-07-31 03:39:49.238981,VIN-975159,2601,92,P0420,⚠️ CRITICAL DEVIATION DETECTED,2026-07-31 02:38:34.041043
2026-07-31 03:39:51.238981,VIN-193298,3037,94,P0420,⚠️ CRITICAL DEVIATION DETECTED,2026-07-31 02:38:34.044768
2026-07-31 03:39:52.238981,VIN-664960,2879,91,P0420,⚠️ CRITICAL DEVIATION DETECTED,2026-07-31 02:38:34.053240
2026-07-31 03:40:02.238981,VIN-839393,1749,92,P0171,⚠️ CRITICAL DEVIATION DETECTED,2026-07-31 02:38:34.057597
2026-07-31 03:40:05.238981,VIN-038991,2207,101,P0171,⚠️ CRITICAL DEVIATION DETECTED,2026-07-31 02:38:34.060970
2026-07-31 03:40:10.238981,VIN-839818,2818,97,P0300,⚠️ CRITICAL DEVIATION DETECTED,2026-07-31 02:38:34.064098
2026-07-31 03:40:13.238981,VIN-259390,3053,105,P0420,⚠️ CRITICAL DEVIATION DETECTED,2026-07-31 02:38:34.067870
2026-07-31 03:40:16.238981,VIN-235321,3283,85,P0300,⚠️ CRITICAL DEVIATION DETECTED,2026-07-31 02:38:34.073223
2026-07-31 03:40:18.238981,VIN-914156,2843,103,P0420,⚠️ CRITICAL DEVIATION DETECTED,2026-07-31 02:38:34.078127
2026-07-31 03:40:21.238981,VIN-102587,1672,104,P0300,⚠️ CRITICAL DEVIATION DETECTED,2026-07-31 02:38:34.082636
2026-07-31 03:40:23.238981,VIN-095158,3296,87,P0420,⚠️ CRITICAL DEVIATION DETECTED,2026-07-31 02:38:34.087772
2026-07-31 03:40:26.238981,VIN-345548,2121,85,P0420,⚠️ CRITICAL DEVIATION DETECTED,2026-07-31 02:38:34.097000
2026-07-31 03:40:27.238981,VIN-399814,2768,93,P0300,⚠️ CRITICAL DEVIATION DETECTED,2026-07-31 02:38:34.101106
2026-07-31 03:40:28.238981,VIN-951674,2079,96,P0420,⚠️ CRITICAL DEVIATION DETECTED,2026-07-31 02:38:34.105026
2026-07-31 03:40:31.238981,VIN-790319,1901,102,P0420,⚠️ CRITICAL DEVIATION DETECTED,2026-07-31 02:38:34.109702
2026-07-31 03:40:32.238981,VIN-787054,0,105,P0171,⚠️ CRITICAL DEVIATION DETECTED,2026-07-31 02:38:34.113724
2026-07-31 03:40:34.238981,VIN-846322,2597,102,P0171,⚠️ CRITICAL DEVIATION DETECTED,2026-07-31 02:38:34.118132
2026-07-31 03:40:36.238981,VIN-457226,2364,101,P0300,⚠️ CRITICAL DEVIATION DETECTED,2026-07-31 02:38:34.121864
2026-07-31 03:40:43.238981,VIN-180112,2460,100,P0171,⚠️ CRITICAL DEVIATION DETECTED,2026-07-31 02:38:34.128017
2026-07-31 03:40:44.238981,VIN-071121,3159,93,P0420,⚠️ CRITICAL DEVIATION DETECTED,2026-07-31 02:38:34.131387
2026-07-31 03:40:47.238981,VIN-459359,2821,87,P0420,⚠️ CRITICAL DEVIATION DETECTED,2026-07-31 02:38:34.134816
2026-07-31 03:40:54.238981,VIN-607424,3375,90,P0300,⚠️ CRITICAL DEVIATION DETECTED,2026-07-31 02:38:34.139563
2026-07-31 03:40:55.238981,VIN-710815,2413,87,P0300,⚠️ CRITICAL DEVIATION DETECTED,2026-07-31 02:38:34.143130
2026-07-31 03:40:58.238981,VIN-465697,1918,93,P0171,⚠️ CRITICAL DEVIATION DETECTED,2026-07-31 02:38:34.148723
2026-07-31 03:41:03.238981,VIN-038682,2312,97,P0420,⚠️ CRITICAL DEVIATION DETECTED,2026-07-31 02:38:34.153981
2026-07-31 03:41:06.238981,VIN-909279,3090,102,P0300,⚠️ CRITICAL DEVIATION DETECTED,2026-07-31 02:38:34.156686
2026-07-31 03:41:11.238981,VIN-011694,2520,104,P0300,⚠️ CRITICAL DEVIATION DETECTED,2026-07-31 02:38:34.160131
2026-07-31 03:41:13.238981,VIN-271046,2738,99,P0300,⚠️ CRITICAL DEVIATION DETECTED,2026-07-31 02:38:34.162891
2026-07-31 03:41:15.238981,VIN-003308,3476,86,P0420,⚠️ CRITICAL DEVIATION DETECTED,2026-07-31 02:38:34.166301
2026-07-31 03:41:19.238981,VIN-193233,3466,93,P0171,⚠️ CRITICAL DEVIATION DETECTED,2026-07-31 02:38:34.170267
2026-07-31 03:41:21.238981,VIN-953368,2500,94,P0420,⚠️ CRITICAL DEVIATION DETECTED,2026-07-31 02:38:34.173514
2026-07-31 03:41:24.238981,VIN-931728,3307,90,P0171,⚠️ CRITICAL DEVIATION DETECTED,2026-07-31 02:38:34.176969
2026-07-31 03:41:25.238981,VIN-571078,2906,101,P0300,⚠️ CRITICAL DEVIATION DETECTED,2026-07-31 02:38:34.182614
2026-07-31 03:41:29.238981,VIN-798154,3054,101,P0300,⚠️ CRITICAL DEVIATION DETECTED,2026-07-31 02:38:34.187336
2026-07-31 03:41:31.238981,VIN-440540,1977,90,P0300,⚠️ CRITICAL DEVIATION DETECTED,2026-07-31 02:38:34.193685
2026-07-31 03:41:33.238981,VIN-112316,1802,98,P0300,⚠️ CRITICAL DEVIATION DETECTED,2026-07-31 02:38:34.197690
2026-07-31 03:41:34.238981,VIN-915604,1884,94,P0420,⚠️ CRITICAL DEVIATION DETECTED,2026-07-31 02:38:34.201800
2026-07-31 03:41:37.238981,VIN-163136,2772,91,P0300,⚠️ CRITICAL DEVIATION DETECTED,2026-07-31 02:38:34.205100
2026-07-31 03:41:40.238981,VIN-482591,3108,91,P0420,⚠️ CRITICAL DEVIATION DETECTED,2026-07-31 02:38:34.209017
2026-07-31 03:41:42.238981,VIN-856643,1695,86,P0420,⚠️ CRITICAL DEVIATION DETECTED,2026-07-31 02:38:34.221244
2026-07-31 03:41:43.238981,VIN-475606,2801,94,P0420,⚠️ CRITICAL DEVIATION DETECTED,2026-07-31 02:38:34.227065
2026-07-31 03:41:45.238981,VIN-813169,2982,95,P0300,⚠️ CRITICAL DEVIATION DETECTED,2026-07-31 02:38:34.230974
2026-07-31 03:41:50.238981,VIN-028949,1944,103,P0420,⚠️ CRITICAL DEVIATION DETECTED,2026-07-31 02:38:34.234948
2026-07-31 03:41:52.238981,VIN-550952,1777,86,P0420,⚠️ CRITICAL DEVIATION DETECTED,2026-07-31 02:38:34.238247
2026-07-31 03:41:53.238981,VIN-374255,1567,96,P0171,⚠️ CRITICAL DEVIATION DETECTED,2026-07-31 02:38:34.242781
2026-07-31 03:41:56.238981,VIN-144733,1641,86,P0300,⚠️ CRITICAL DEVIATION DETECTED,2026-07-31 02:38:34.246944
2026-07-31 03:41:58.238981,VIN-904522,3116,102,P0300,⚠️ CRITICAL DEVIATION DETECTED,2026-07-31 02:38:34.252451
2026-07-31 03:41:59.238981,VIN-692227,2796,97,P0420,⚠️ CRITICAL DEVIATION DETECTED,2026-07-31 02:38:34.258086
2026-07-31 03:42:00.238981,VIN-331804,2015,88,P0171,⚠️ CRITICAL DEVIATION DETECTED,2026-07-31 02:38:34.261399
2026-07-31 03:42:02.238981,VIN-413500,0,90,P0171,⚠️ CRITICAL DEVIATION DETECTED,2026-07-31 02:38:34.264660
2026-07-31 03:42:04.238981,VIN-550875,2404,85,P0300,⚠️ CRITICAL DEVIATION DETECTED,2026-07-31 02:38:34.267362
2026-07-31 03:42:06.238981,VIN-827722,2247,92,P0420,⚠️ CRITICAL DEVIATION DETECTED,2026-07-31 02:38:34.270308
2026-07-31 03:42:10.238981,VIN-083076,1578,87,P0171,⚠️ CRITICAL DEVIATION DETECTED,2026-07-31 02:38:34.273044
2026-07-31 03:42:11.238981,VIN-697479,1662,93,P0171,⚠️ CRITICAL DEVIATION DETECTED,2026-07-31 02:38:34.275819
2026-07-31 03:42:12.238981,VIN-770832,0,92,P0420,⚠️ CRITICAL DEVIATION DETECTED,2026-07-31 02:38:34.278687
2026-07-31 03:42:16.238981,VIN-076803,2404,101,P0420,⚠️ CRITICAL DEVIATION DETECTED,2026-07-31 02:38:34.288623
2026-07-31 03:42:17.238981,VIN-617834,1544,90,P0300,⚠️ CRITICAL DEVIATION DETECTED,2026-07-31 02:38:34.291755
2026-07-31 03:42:20.238981,VIN-378316,2924,105,P0420,⚠️ CRITICAL DEVIATION DETECTED,2026-07-31 02:38:34.294865
2026-07-31 03:42:23.238981,VIN-950314,3393,90,P0300,⚠️ CRITICAL DEVIATION DETECTED,2026-07-31 02:38:34.297892
2026-07-31 03:42:26.238981,VIN-422563,2173,100,P0171,⚠️ CRITICAL DEVIATION DETECTED,2026-07-31 02:38:34.300706
2026-07-31 03:42:28.238981,VIN-727508,2578,85,P0300,⚠️ CRITICAL DEVIATION DETECTED,2026-07-31 02:38:34.307117
2026-07-31 03:42:29.238981,VIN-817791,2904,99,P0300,⚠️ CRITICAL DEVIATION DETECTED,2026-07-31 02:38:34.311632
2026-07-31 03:42:33.238981,VIN-515723,2594,104,P0171,⚠️ CRITICAL DEVIATION DETECTED,2026-07-31 02:38:34.317888
2026-07-31 03:42:38.238981,VIN-573844,2749,91,P0300,⚠️ CRITICAL DEVIATION DETECTED,2026-07-31 02:38:34.327818
2026-07-31 03:42:40.238981,VIN-085282,2072,86,P0420,⚠️ CRITICAL DEVIATION DETECTED,2026-07-31 02:38:34.333982
2026-07-31 03:42:41.238981,VIN-095620,1894,94,P0420,⚠️ CRITICAL DEVIATION DETECTED,2026-07-31 02:38:34.337574
2026-07-31 03:42:43.238981,VIN-902939,2267,95,P0420,⚠️ CRITICAL DEVIATION DETECTED,2026-07-31 02:38:34.341707
2026-07-31 03:42:45.238981,VIN-365922,2084,93,P0171,⚠️ CRITICAL DEVIATION DETECTED,2026-07-31 02:38:34.345423
2026-07-31 03:42:46.238981,VIN-541456,3081,89,P0171,⚠️ CRITICAL DEVIATION DETECTED,2026-07-31 02:38:34.361171
2026-07-31 03:42:47.238981,VIN-664291,1873,87,P0420,⚠️ CRITICAL DEVIATION DETECTED,2026-07-31 02:38:34.364560
2026-07-31 03:42:48.238981,VIN-609528,3427,86,P0171,⚠️ CRITICAL DEVIATION DETECTED,2026-07-31 02:38:34.367498
2026-07-31 03:42:51.238981,VIN-615191,1949,88,P0171,⚠️ CRITICAL DEVIATION DETECTED,2026-07-31 02:38:34.370593
2026-07-31 03:42:52.238981,VIN-421925,1637,91,P0420,⚠️ CRITICAL DEVIATION DETECTED,2026-07-31 02:38:34.373600
2026-07-31 03:42:59.238981,VIN-580223,2104,88,P0420,⚠️ CRITICAL DEVIATION DETECTED,2026-07-31 02:38:34.376594
2026-07-31 03:43:02.238981,VIN-631792,1602,103,P0300,⚠️ CRITICAL DEVIATION DETECTED,2026-07-31 02:38:34.379010
2026-07-31 03:43:03.238981,VIN-767250,2608,103,P0420,⚠️ CRITICAL DEVIATION DETECTED,2026-07-31 02:38:34.382819
2026-07-31 03:43:08.238981,VIN-435835,0,91,P0420,⚠️ CRITICAL DEVIATION DETECTED,2026-07-31 02:38:34.386876
2026-07-31 03:43:13.238981,VIN-709195,2971,87,P0300,⚠️ CRITICAL DEVIATION DETECTED,2026-07-31 02:38:34.390739
2026-07-31 03:43:14.238981,VIN-255377,3500,89,P0420,⚠️ CRITICAL DEVIATION DETECTED,2026-07-31 02:38:34.395100
2026-07-31 03:43:15.238981,VIN-381658,3342,99,P0420,⚠️ CRITICAL DEVIATION DETECTED,2026-07-31 02:38:34.399600
2026-07-31 03:43:16.238981,VIN-876095,2857,92,P0300,⚠️ CRITICAL DEVIATION DETECTED,2026-07-31 02:38:34.403168
2026-07-31 03:43:17.238981,VIN-750687,1819,86,P0300,⚠️ CRITICAL DEVIATION DETECTED,2026-07-31 02:38:34.406339
2026-07-31 03:43:18.238981,VIN-220302,2386,105,P0420,⚠️ CRITICAL DEVIATION DETECTED,2026-07-31 02:38:34.409113
2026-07-31 03:43:20.238981,VIN-789098,3389,103,P0420,⚠️ CRITICAL DEVIATION DETECTED,2026-07-31 02:38:34.411744
2026-07-31 03:43:21.238981,VIN-779525,2448,95,P0171,⚠️ CRITICAL DEVIATION DETECTED,2026-07-31 02:38:34.416179
2026-07-31 03:43:22.238981,VIN-361429,3162,85,P0171,⚠️ CRITICAL DEVIATION DETECTED,2026-07-31 02:38:34.431051
2026-07-31 03:43:24.238981,VIN-384402,2361,102,P0300,⚠️ CRITICAL DEVIATION DETECTED,2026-07-31 02:38:34.434941
2026-07-31 03:43:26.238981,VIN-286117,2836,99,P0171,⚠️ CRITICAL DEVIATION DETECTED,2026-07-31 02:38:34.438122
2026-07-31 03:43:29.238981,VIN-633553,1564,97,P0420,⚠️ CRITICAL DEVIATION DETECTED,2026-07-31 02:38:34.441785
2026-07-31 03:43:30.238981,VIN-769815,0,103,P0420,⚠️ CRITICAL DEVIATION DETECTED,2026-07-31 02:38:34.444538
2026-07-31 03:43:31.238981,VIN-889705,1579,87,P0300,⚠️ CRITICAL DEVIATION DETECTED,2026-07-31 02:38:34.454131
2026-07-31 03:43:32.238981,VIN-869541,1528,85,P0420,⚠️ CRITICAL DEVIATION DETECTED,2026-07-31 02:38:34.457437
2026-07-31 03:43:37.238981,VIN-831682,2172,99,P0300,⚠️ CRITICAL DEVIATION DETECTED,2026-07-31 02:38:34.465941
2026-07-31 03:43:38.238981,VIN-415884,2555,101,P0300,⚠️ CRITICAL DEVIATION DETECTED,2026-07-31 02:38:34.468577
2026-07-31 03:43:41.238981,VIN-785497,2216,87,P0171,⚠️ CRITICAL DEVIATION DETECTED,2026-07-31 02:38:34.471154
2026-07-31 03:43:43.238981,VIN-805742,1921,87,P0300,⚠️ CRITICAL DEVIATION DETECTED,2026-07-31 02:38:34.473576
2026-07-31 03:43:48.238981,VIN-201224,0,95,P0420,⚠️ CRITICAL DEVIATION DETECTED,2026-07-31 02:38:34.476258
2026-07-31 03:43:52.238981,VIN-121408,2407,95,P0420,⚠️ CRITICAL DEVIATION DETECTED,2026-07-31 02:38:34.478980
2026-07-31 03:43:57.238981,VIN-513907,1995,96,P0171,⚠️ CRITICAL DEVIATION DETECTED,2026-07-31 02:38:34.482804
2026-07-31 03:43:58.238981,VIN-782377,3364,90,P0171,⚠️ CRITICAL DEVIATION DETECTED,2026-07-31 02:38:34.491944
2026-07-31 03:43:59.238981,VIN-307981,0,86,P0420,⚠️ CRITICAL DEVIATION DETECTED,2026-07-31 02:38:34.494785
2026-07-31 03:44:00.238981,VIN-842560,1562,86,P0300,⚠️ CRITICAL DEVIATION DETECTED,2026-07-31 02:38:34.498045
2026-07-31 03:44:03.238981,VIN-875231,1904,105,P0171,⚠️ CRITICAL DEVIATION DETECTED,2026-07-31 02:38:34.500682
2026-07-31 03:44:13.238981,VIN-173756,2276,85,P0300,⚠️ CRITICAL DEVIATION DETECTED,2026-07-31 02:38:34.503316
2026-07-31 03:44:17.238981,VIN-708095,1529,96,P0420,⚠️ CRITICAL DEVIATION DETECTED,2026-07-31 02:38:34.506043
2026-07-31 03:44:18.238981,VIN-095253,2375,96,P0171,⚠️ CRITICAL DEVIATION DETECTED,2026-07-31 02:38:34.508439
2026-07-31 03:44:19.238981,VIN-957143,2243,101,P0171,⚠️ CRITICAL DEVIATION DETECTED,2026-07-31 02:38:34.511416
2026-07-31 03:44:21.238981,VIN-057079,2417,86,P0300,⚠️ CRITICAL DEVIATION DETECTED,2026-07-31 02:38:34.515604
2026-07-31 03:44:22.238981,VIN-797458,2767,102,P0300,⚠️ CRITICAL DEVIATION DETECTED,2026-07-31 02:38:34.519325
2026-07-31 03:44:23.238981,VIN-276882,2518,102,P0300,⚠️ CRITICAL DEVIATION DETECTED,2026-07-31 02:38:34.521723
2026-07-31 03:44:25.238981,VIN-874719,2664,95,P0171,⚠️ CRITICAL DEVIATION DETECTED,2026-07-31 02:38:34.524173
2026-07-31 03:44:31.238981,VIN-271999,0,101,P0420,⚠️ CRITICAL DEVIATION DETECTED,2026-07-31 02:38:34.527917
2026-07-31 03:44:33.238981,VIN-323103,3026,89,P0171,⚠️ CRITICAL DEVIATION DETECTED,2026-07-31 02:38:34.530678
2026-07-31 03:44:35.238981,VIN-056702,1875,95,P0171,⚠️ CRITICAL DEVIATION DETECTED,2026-07-31 02:38:34.533227
2026-07-31 03:44:39.238981,VIN-375710,2814,96,P0171,⚠️ CRITICAL DEVIATION DETECTED,2026-07-31 02:38:34.535962
2026-07-31 03:44:40.238981,VIN-282927,2064,90,P0300,⚠️ CRITICAL DEVIATION DETECTED,2026-07-31 02:38:34.539741
2026-07-31 03:44:44.238981,VIN-348055,1999,85,P0300,⚠️ CRITICAL DEVIATION DETECTED,2026-07-31 02:38:34.548815
2026-07-31 03:44:47.238981,VIN-477525,2057,101,P0171,⚠️ CRITICAL DEVIATION DETECTED,2026-07-31 02:38:34.554105
2026-07-31 03:44:50.238981,VIN-179684,2670,85,P0171,⚠️ CRITICAL DEVIATION DETECTED,2026-07-31 02:38:34.560325
2026-07-31 03:44:55.238981,VIN-187534,2897,104,P0420,⚠️ CRITICAL DEVIATION DETECTED,2026-07-31 02:38:34.564922
2026-07-31 03:44:57.238981,VIN-643594,1623,88,P0171,⚠️ CRITICAL DEVIATION DETECTED,2026-07-31 02:38:34.568144
2026-07-31 03:44:58.238981,VIN-829306,2016,96,P0420,⚠️ CRITICAL DEVIATION DETECTED,2026-07-31 02:38:34.571056
2026-07-31 03:45:00.238981,VIN-969744,1542,102,P0420,⚠️ CRITICAL DEVIATION DETECTED,2026-07-31 02:38:34.574394
2026-07-31 03:45:01.238981,VIN-686316,1842,100,P0171,⚠️ CRITICAL DEVIATION DETECTED,2026-07-31 02:38:34.579051
2026-07-31 03:45:03.238981,VIN-321131,3184,94,P0300,⚠️ CRITICAL DEVIATION DETECTED,2026-07-31 02:38:34.582462
2026-07-31 03:45:05.238981,VIN-975103,0,88,P0300,⚠️ CRITICAL DEVIATION DETECTED,2026-07-31 02:38:34.586126
2026-07-31 03:45:06.238981,VIN-374975,1654,93,P0420,⚠️ CRITICAL DEVIATION DETECTED,2026-07-31 02:38:34.590233
2026-07-31 03:45:09.238981,VIN-609903,2732,92,P0171,⚠️ CRITICAL DEVIATION DETECTED,2026-07-31 02:38:34.593286
2026-07-31 03:45:14.238981,VIN-431472,1798,93,P0171,⚠️ CRITICAL DEVIATION DETECTED,2026-07-31 02:38:34.596294
2026-07-31 03:45:15.238981,VIN-527437,3482,100,P0420,⚠️ CRITICAL DEVIATION DETECTED,2026-07-31 02:38:34.603653
2026-07-31 03:45:18.238981,VIN-707970,2243,86,P0420,⚠️ CRITICAL DEVIATION DETECTED,2026-07-31 02:38:34.606908
2026-07-31 03:45:23.238981,VIN-293633,2355,103,P0171,⚠️ CRITICAL DEVIATION DETECTED,2026-07-31 02:38:34.610494
2026-07-31 03:45:32.238981,VIN-931198,3423,97,P0300,⚠️ CRITICAL DEVIATION DETECTED,2026-07-31 02:38:34.614116
2026-07-31 03:45:34.238981,VIN-362341,2925,91,P0300,⚠️ CRITICAL DEVIATION DETECTED,2026-07-31 02:38:34.620255
2026-07-31 03:45:37.238981,VIN-411069,0,92,P0420,⚠️ CRITICAL DEVIATION DETECTED,2026-07-31 02:38:34.624268
2026-07-31 03:45:39.238981,VIN-806588,2332,86,P0420,⚠️ CRITICAL DEVIATION DETECTED,2026-07-31 02:38:34.628789
2026-07-31 03:45:42.238981,VIN-042379,3003,85,P0420,⚠️ CRITICAL DEVIATION DETECTED,2026-07-31 02:38:34.631776
2026-07-31 03:45:43.238981,VIN-921437,3071,99,P0420,⚠️ CRITICAL DEVIATION DETECTED,2026-07-31 02:38:34.634731
2026-07-31 03:45:44.238981,VIN-596324,2187,100,P0420,⚠️ CRITICAL DEVIATION DETECTED,2026-07-31 02:38:34.637993
2026-07-31 03:45:46.238981,VIN-894380,2152,99,P0300,⚠️ CRITICAL DEVIATION DETECTED,2026-07-31 02:38:34.641249
2026-07-31 03:45:52.238981,VIN-365619,3129,100,P0300,⚠️ CRITICAL DEVIATION DETECTED,2026-07-31 02:38:34.644208
2026-07-31 03:45:53.238981,VIN-441442,2569,98,P0171,⚠️ CRITICAL DEVIATION DETECTED,2026-07-31 02:38:34.647907
2026-07-31 03:45:55.238981,VIN-576192,3134,101,P0300,⚠️ CRITICAL DEVIATION DETECTED,2026-07-31 02:38:34.652178
2026-07-31 03:45:56.238981,VIN-002926,3049,104,P0420,⚠️ CRITICAL DEVIATION DETECTED,2026-07-31 02:38:34.658911
2026-07-31 03:45:57.238981,VIN-389088,2378,103,P0171,⚠️ CRITICAL DEVIATION DETECTED,2026-07-31 02:38:34.669019
2026-07-31 03:46:02.238981,VIN-612833,3060,89,P0171,⚠️ CRITICAL DEVIATION DETECTED,2026-07-31 02:38:34.671941
2026-07-31 03:46:05.238981,VIN-986354,1885,100,P0171,⚠️ CRITICAL DEVIATION DETECTED,2026-07-31 02:38:34.674554
2026-07-31 03:46:06.238981,VIN-743336,2560,101,P0300,⚠️ CRITICAL DEVIATION DETECTED,2026-07-31 02:38:34.677012
2026-07-31 03:46:08.238981,VIN-703862,2077,98,P0171,⚠️ CRITICAL DEVIATION DETECTED,2026-07-31 02:38:34.679687
2026-07-31 03:46:11.238981,VIN-097058,2523,99,P0171,⚠️ CRITICAL DEVIATION DETECTED,2026-07-31 02:38:34.683390
2026-07-31 03:46:13.238981,VIN-930899,2074,85,P0300,⚠️ CRITICAL DEVIATION DETECTED,2026-07-31 02:38:34.687205
2026-07-31 03:46:15.238981,VIN-486646,3495,95,P0420,⚠️ CRITICAL DEVIATION DETECTED,2026-07-31 02:38:34.692927
2026-07-31 03:46:21.238981,VIN-080486,0,98,P0300,⚠️ CRITICAL DEVIATION DETECTED,2026-07-31 02:38:34.696249
2026-07-31 03:46:22.238981,VIN-736058,2083,100,P0171,⚠️ CRITICAL DEVIATION DETECTED,2026-07-31 02:38:34.698666
2026-07-31 03:46:26.238981,VIN-206658,3272,98,P0171,⚠️ CRITICAL DEVIATION DETECTED,2026-07-31 02:38:34.702425
2026-07-31 03:46:27.238981,VIN-260276,2508,91,P0171,⚠️ CRITICAL DEVIATION DETECTED,2026-07-31 02:38:34.705636
2026-07-31 03:46:28.238981,VIN-758771,3029,89,P0300,⚠️ CRITICAL DEVIATION DETECTED,2026-07-31 02:38:34.708678
2026-07-31 03:46:29.238981,VIN-983469,3150,98,P0420,⚠️ CRITICAL DEVIATION DETECTED,2026-07-31 02:38:34.712054
2026-07-31 03:46:33.238981,VIN-592409,3356,86,P0171,⚠️ CRITICAL DEVIATION DETECTED,2026-07-31 02:38:34.717040
2026-07-31 03:46:35.238981,VIN-420283,3054,94,P0171,⚠️ CRITICAL DEVIATION DETECTED,2026-07-31 02:38:34.720187
2026-07-31 03:46:36.238981,VIN-432629,1973,101,P0420,⚠️ CRITICAL DEVIATION DETECTED,2026-07-31 02:38:34.722945
2026-07-31 03:46:39.238981,VIN-109234,2660,91,P0300,⚠️ CRITICAL DEVIATION DETECTED,2026-07-31 02:38:34.725624
2026-07-31 03:46:40.238981,VIN-226055,2446,85,P0171,⚠️ CRITICAL DEVIATION DETECTED,2026-07-31 02:38:34.728328
2026-07-31 03:46:46.238981,VIN-200180,2878,98,P0420,⚠️ CRITICAL DEVIATION DETECTED,2026-07-31 02:38:34.731489
2026-07-31 03:46:47.238981,VIN-947860,3319,91,P0420,⚠️ CRITICAL DEVIATION DETECTED,2026-07-31 02:38:34.736246
2026-07-31 03:46:49.238981,VIN-350898,3478,99,P0171,⚠️ CRITICAL DEVIATION DETECTED,2026-07-31 02:38:34.739350
2026-07-31 03:46:53.238981,VIN-399740,3431,103,P0420,⚠️ CRITICAL DEVIATION DETECTED,2026-07-31 02:38:34.742383
2026-07-31 03:46:56.238981,VIN-774640,2833,93,P0420,⚠️ CRITICAL DEVIATION DETECTED,2026-07-31 02:38:34.745570
2026-07-31 03:47:00.238981,VIN-260729,2670,98,P0420,⚠️ CRITICAL DEVIATION DETECTED,2026-07-31 02:38:34.751501
2026-07-31 03:47:01.238981,VIN-372763,2863,87,P0420,⚠️ CRITICAL DEVIATION DETECTED,2026-07-31 02:38:34.758969
2026-07-31 03:47:06.238981,VIN-277440,2215,85,P0420,⚠️ CRITICAL DEVIATION DETECTED,2026-07-31 02:38:34.763029
2026-07-31 03:47:08.238981,VIN-776264,1813,94,P0420,⚠️ CRITICAL DEVIATION DETECTED,2026-07-31 02:38:34.766925
2026-07-31 03:47:09.238981,VIN-781108,3226,95,P0420,⚠️ CRITICAL DEVIATION DETECTED,2026-07-31 02:38:34.770419
2026-07-31 03:47:15.238981,VIN-324296,1769,86,P0420,⚠️ CRITICAL DEVIATION DETECTED,2026-07-31 02:38:34.773831
2026-07-31 03:47:16.238981,VIN-645313,2369,93,P0171,⚠️ CRITICAL DEVIATION DETECTED,2026-07-31 02:38:34.777319
2026-07-31 03:47:20.238981,VIN-940607,2568,97,P0171,⚠️ CRITICAL DEVIATION DETECTED,2026-07-31 02:38:34.781027
2026-07-31 03:47:25.238981,VIN-464631,3471,100,P0300,⚠️ CRITICAL DEVIATION DETECTED,2026-07-31 02:38:34.785814
2026-07-31 03:47:26.238981,VIN-806212,2173,92,P0300,⚠️ CRITICAL DEVIATION DETECTED,2026-07-31 02:38:34.789768
2026-07-31 03:47:29.238981,VIN-147840,2223,104,P0300,⚠️ CRITICAL DEVIATION DETECTED,2026-07-31 02:38:34.793805
2026-07-31 03:47:30.238981,VIN-355234,0,98,P0171,⚠️ CRITICAL DEVIATION DETECTED,2026-07-31 02:38:34.797660
2026-07-31 03:47:36.238981,VIN-687612,1680,97,P0300,⚠️ CRITICAL DEVIATION DETECTED,2026-07-31 02:38:34.800292
2026-07-31 03:47:38.238981,VIN-352902,3366,90,P0300,⚠️ CRITICAL DEVIATION DETECTED,2026-07-31 02:38:34.803903
2026-07-31 03:47:39.238981,VIN-505365,3024,102,P0171,⚠️ CRITICAL DEVIATION DETECTED,2026-07-31 02:38:34.807394
2026-07-31 03:47:40.238981,VIN-619251,3314,93,P0420,⚠️ CRITICAL DEVIATION DETECTED,2026-07-31 02:38:34.810774
2026-07-31 03:47:44.238981,VIN-058452,2401,99,P0300,⚠️ CRITICAL DEVIATION DETECTED,2026-07-31 02:38:34.818147
2026-07-31 03:47:45.238981,VIN-972013,3308,97,P0300,⚠️ CRITICAL DEVIATION DETECTED,2026-07-31 02:38:34.824494
2026-07-31 03:47:46.238981,VIN-205511,2733,91,P0171,⚠️ CRITICAL DEVIATION DETECTED,2026-07-31 02:38:34.828658
2026-07-31 03:47:47.238981,VIN-782421,3181,99,P0300,⚠️ CRITICAL DEVIATION DETECTED,2026-07-31 02:38:34.833149
2026-07-31 03:47:54.238981,VIN-595643,2327,103,P0171,⚠️ CRITICAL DEVIATION DETECTED,2026-07-31 02:38:34.836142
2026-07-31 03:47:55.238981,VIN-771347,2142,101,P0171,⚠️ CRITICAL DEVIATION DETECTED,2026-07-31 02:38:34.839062
2026-07-31 03:47:58.238981,VIN-219013,2518,102,P0420,⚠️ CRITICAL DEVIATION DETECTED,2026-07-31 02:38:34.842608
2026-07-31 03:48:00.238981,VIN-324837,2901,92,P0420,⚠️ CRITICAL DEVIATION DETECTED,2026-07-31 02:38:34.845872
2026-07-31 03:48:04.238981,VIN-191349,3297,85,P0300,⚠️ CRITICAL DEVIATION DETECTED,2026-07-31 02:38:34.849904
2026-07-31 03:48:06.238981,VIN-748433,1637,101,P0171,⚠️ CRITICAL DEVIATION DETECTED,2026-07-31 02:38:34.853978
2026-07-31 03:48:07.238981,VIN-606524,0,105,P0300,⚠️ CRITICAL DEVIATION DETECTED,2026-07-31 02:38:34.858459
2026-07-31 03:48:08.238981,VIN-453477,1787,86,P0300,⚠️ CRITICAL DEVIATION DETECTED,2026-07-31 02:38:34.862081
2026-07-31 03:48:09.238981,VIN-259510,1740,98,P0171,⚠️ CRITICAL DEVIATION DETECTED,2026-07-31 02:38:34.866235
2026-07-31 03:48:10.238981,VIN-009195,1791,85,P0420,⚠️ CRITICAL DEVIATION DETECTED,2026-07-31 02:38:34.871791
2026-07-31 03:48:11.238981,VIN-741497,2162,91,P0420,⚠️ CRITICAL DEVIATION DETECTED,2026-07-31 02:38:34.876831
2026-07-31 03:48:12.238981,VIN-436295,2702,88,P0300,⚠️ CRITICAL DEVIATION DETECTED,2026-07-31 02:38:34.884649
2026-07-31 03:48:13.238981,VIN-373839,1674,101,P0300,⚠️ CRITICAL DEVIATION DETECTED,2026-07-31 02:38:34.887883
2026-07-31 03:48:15.238981,VIN-798082,1602,104,P0171,⚠️ CRITICAL DEVIATION DETECTED,2026-07-31 02:38:34.891954
2026-07-31 03:48:19.238981,VIN-978436,2045,105,P0420,⚠️ CRITICAL DEVIATION DETECTED,2026-07-31 02:38:34.895022
2026-07-31 03:48:20.238981,VIN-653921,1974,97,P0300,⚠️ CRITICAL DEVIATION DETECTED,2026-07-31 02:38:34.897510
2026-07-31 03:48:22.238981,VIN-993555,2915,104,P0420,⚠️ CRITICAL DEVIATION DETECTED,2026-07-31 02:38:34.899911
2026-07-31 03:48:25.238981,VIN-866226,1933,98,P0420,⚠️ CRITICAL DEVIATION DETECTED,2026-07-31 02:38:34.902470
2026-07-31 03:48:27.238981,VIN-845179,3192,95,P0420,⚠️ CRITICAL DEVIATION DETECTED,2026-07-31 02:38:34.905361
2026-07-31 03:48:28.238981,VIN-821825,1686,101,P0420,⚠️ CRITICAL DEVIATION DETECTED,2026-07-31 02:38:34.907655
2026-07-31 03:48:29.238981,VIN-596527,0,92,P0420,⚠️ CRITICAL DEVIATION DETECTED,2026-07-31 02:38:34.910355
2026-07-31 03:48:30.238981,VIN-462321,1911,98,P0171,⚠️ CRITICAL DEVIATION DETECTED,2026-07-31 02:38:34.912906
2026-07-31 03:48:34.238981,VIN-172320,2807,101,P0420,⚠️ CRITICAL DEVIATION DETECTED,2026-07-31 02:38:34.917471
2026-07-31 03:48:40.238981,VIN-457933,2206,102,P0300,⚠️ CRITICAL DEVIATION DETECTED,2026-07-31 02:38:34.920942
2026-07-31 03:48:41.238981,VIN-707135,2510,96,P0420,⚠️ CRITICAL DEVIATION DETECTED,2026-07-31 02:38:34.925676
2026-07-31 03:48:42.238981,VIN-111818,1536,105,P0420,⚠️ CRITICAL DEVIATION DETECTED,2026-07-31 02:38:34.928306
2026-07-31 03:48:43.238981,VIN-355766,3140,94,P0420,⚠️ CRITICAL DEVIATION DETECTED,2026-07-31 02:38:34.930910
2026-07-31 03:48:45.238981,VIN-683943,3041,90,P0171,⚠️ CRITICAL DEVIATION DETECTED,2026-07-31 02:38:34.933661
2026-07-31 03:48:47.238981,VIN-580281,1810,103,P0420,⚠️ CRITICAL DEVIATION DETECTED,2026-07-31 02:38:34.938005
2026-07-31 03:48:49.238981,VIN-952390,3258,95,P0171,⚠️ CRITICAL DEVIATION DETECTED,2026-07-31 02:38:34.941501
2026-07-31 03:48:51.238981,VIN-821162,2550,97,P0420,⚠️ CRITICAL DEVIATION DETECTED,2026-07-31 02:38:34.944430
2026-07-31 03:48:53.238981,VIN-943702,1642,92,P0420,⚠️ CRITICAL DEVIATION DETECTED,2026-07-31 02:38:34.947989
2026-07-31 03:48:55.238981,VIN-424701,2632,105,P0171,⚠️ CRITICAL DEVIATION DETECTED,2026-07-31 02:38:34.951324
2026-07-31 03:48:58.238981,VIN-306991,2164,95,P0420,⚠️ CRITICAL DEVIATION DETECTED,2026-07-31 02:38:34.959424
2026-07-31 03:49:01.238981,VIN-257879,3212,97,P0420,⚠️ CRITICAL DEVIATION DETECTED,2026-07-31 02:38:34.963758
2026-07-31 03:49:03.238981,VIN-330458,2331,96,P0171,⚠️ CRITICAL DEVIATION DETECTED,2026-07-31 02:38:34.970064
2026-07-31 03:49:05.238981,VIN-621425,2302,99,P0420,⚠️ CRITICAL DEVIATION DETECTED,2026-07-31 02:38:34.972981
2026-07-31 03:49:10.238981,VIN-529128,2123,101,P0300,⚠️ CRITICAL DEVIATION DETECTED,2026-07-31 02:38:34.975898
2026-07-31 03:49:12.238981,VIN-178923,1818,89,P0420,⚠️ CRITICAL DEVIATION DETECTED,2026-07-31 02:38:34.978496
2026-07-31 03:49:14.238981,VIN-944345,2456,99,P0300,⚠️ CRITICAL DEVIATION DETECTED,2026-07-31 02:38:34.985751
2026-07-31 03:49:20.238981,VIN-452751,2434,97,P0420,⚠️ CRITICAL DEVIATION DETECTED,2026-07-31 02:38:35.005739
2026-07-31 03:49:23.238981,VIN-632973,2996,92,P0420,⚠️ CRITICAL DEVIATION DETECTED,2026-07-31 02:38:35.011027
2026-07-31 03:49:24.238981,VIN-659346,2171,103,P0420,⚠️ CRITICAL DEVIATION DETECTED,2026-07-31 02:38:35.093426
2026-07-31 03:49:25.238981,VIN-551768,2462,105,P0300,⚠️ CRITICAL DEVIATION DETECTED,2026-07-31 02:38:35.097733
2026-07-31 03:49:27.238981,VIN-273630,2029,99,P0300,⚠️ CRITICAL DEVIATION DETECTED,2026-07-31 02:38:35.103057
2026-07-31 03:49:29.238981,VIN-455479,3163,97,P0300,⚠️ CRITICAL DEVIATION DETECTED,2026-07-31 02:38:35.107755
2026-07-31 03:49:33.238981,VIN-309538,2755,103,P0420,⚠️ CRITICAL DEVIATION DETECTED,2026-07-31 02:38:35.112946
2026-07-31 03:49:34.238981,VIN-469398,2189,102,P0300,⚠️ CRITICAL DEVIATION DETECTED,2026-07-31 02:38:35.120408
2026-07-31 03:49:36.238981,VIN-274853,3013,85,P0300,⚠️ CRITICAL DEVIATION DETECTED,2026-07-31 02:38:35.131145
2026-07-31 03:49:38.238981,VIN-961282,3204,86,P0171,⚠️ CRITICAL DEVIATION DETECTED,2026-07-31 02:38:35.136310
2026-07-31 03:49:42.238981,VIN-288230,2171,103,P0300,⚠️ CRITICAL DEVIATION DETECTED,2026-07-31 02:38:35.144799
2026-07-31 03:49:44.238981,VIN-381773,2567,97,P0420,⚠️ CRITICAL DEVIATION DETECTED,2026-07-31 02:38:35.148730
2026-07-31 03:49:45.238981,VIN-019826,2506,85,P0300,⚠️ CRITICAL DEVIATION DETECTED,2026-07-31 02:38:35.156702
2026-07-31 03:49:46.238981,VIN-929268,3148,104,P0300,⚠️ CRITICAL DEVIATION DETECTED,2026-07-31 02:38:35.160247
2026-07-31 03:49:47.238981,VIN-639605,2096,98,P0171,⚠️ CRITICAL DEVIATION DETECTED,2026-07-31 02:38:35.163919
2026-07-31 03:49:48.238981,VIN-384985,2666,86,P0171,⚠️ CRITICAL DEVIATION DETECTED,2026-07-31 02:38:35.167087
2026-07-31 03:49:49.238981,VIN-472286,2515,87,P0420,⚠️ CRITICAL DEVIATION DETECTED,2026-07-31 02:38:35.169814
2026-07-31 03:49:51.238981,VIN-383543,1952,87,P0300,⚠️ CRITICAL DEVIATION DETECTED,2026-07-31 02:38:35.172594
2026-07-31 03:49:53.238981,VIN-650560,1543,98,P0171,⚠️ CRITICAL DEVIATION DETECTED,2026-07-31 02:38:35.177261
2026-07-31 03:49:54.238981,VIN-194062,1673,98,P0420,⚠️ CRITICAL DEVIATION DETECTED,2026-07-31 02:38:35.180256
2026-07-31 03:49:59.238981,VIN-848053,1878,98,P0300,⚠️ CRITICAL DEVIATION DETECTED,2026-07-31 02:38:35.184591
2026-07-31 03:50:00.238981,VIN-237516,3231,98,P0420,⚠️ CRITICAL DEVIATION DETECTED,2026-07-31 02:38:35.188230
2026-07-31 03:50:02.238981,VIN-155473,2572,103,P0171,⚠️ CRITICAL DEVIATION DETECTED,2026-07-31 02:38:35.192435
2026-07-31 03:50:03.238981,VIN-675339,2531,92,P0300,⚠️ CRITICAL DEVIATION DETECTED,2026-07-31 02:38:35.195371
2026-07-31 03:50:07.238981,VIN-596577,2516,88,P0171,⚠️ CRITICAL DEVIATION DETECTED,2026-07-31 02:38:35.197973
2026-07-31 03:50:09.238981,VIN-061397,2640,97,P0420,⚠️ CRITICAL DEVIATION DETECTED,2026-07-31 02:38:35.200739
2026-07-31 03:50:11.238981,VIN-456753,2542,95,P0300,⚠️ CRITICAL DEVIATION DETECTED,2026-07-31 02:38:35.203387
2026-07-31 03:50:13.238981,VIN-374197,3216,103,P0300,⚠️ CRITICAL DEVIATION DETECTED,2026-07-31 02:38:35.206274
2026-07-31 03:50:19.238981,VIN-636011,3375,98,P0420,⚠️ CRITICAL DEVIATION DETECTED,2026-07-31 02:38:35.209527
2026-07-31 03:50:27.238981,VIN-530541,2591,85,P0171,⚠️ CRITICAL DEVIATION DETECTED,2026-07-31 02:38:35.212674
2026-07-31 03:50:28.238981,VIN-057153,3211,85,P0171,⚠️ CRITICAL DEVIATION DETECTED,2026-07-31 02:38:35.217253
2026-07-31 03:50:29.238981,VIN-450696,3367,93,P0300,⚠️ CRITICAL DEVIATION DETECTED,2026-07-31 02:38:35.222790
2026-07-31 03:50:33.238981,VIN-372036,2951,103,P0420,⚠️ CRITICAL DEVIATION DETECTED,2026-07-31 02:38:35.227154
2026-07-31 03:50:34.238981,VIN-416770,2064,95,P0420,⚠️ CRITICAL DEVIATION DETECTED,2026-07-31 02:38:35.231374
2026-07-31 03:50:37.238981,VIN-275561,2095,105,P0300,⚠️ CRITICAL DEVIATION DETECTED,2026-07-31 02:38:35.234539
2026-07-31 03:50:46.238981,VIN-710321,2203,90,P0300,⚠️ CRITICAL DEVIATION DETECTED,2026-07-31 02:38:35.237088
2026-07-31 03:50:47.238981,VIN-769292,2929,105,P0420,⚠️ CRITICAL DEVIATION DETECTED,2026-07-31 02:38:35.240002
2026-07-31 03:50:49.238981,VIN-828575,2097,105,P0300,⚠️ CRITICAL DEVIATION DETECTED,2026-07-31 02:38:35.243337
2026-07-31 03:50:51.238981,VIN-639170,2917,90,P0300,⚠️ CRITICAL DEVIATION DETECTED,2026-07-31 02:38:35.246368
2026-07-31 03:50:52.238981,VIN-865531,2107,101,P0420,⚠️ CRITICAL DEVIATION DETECTED,2026-07-31 02:38:35.250590
2026-07-31 03:50:55.238981,VIN-954987,3436,88,P0300,⚠️ CRITICAL DEVIATION DETECTED,2026-07-31 02:38:35.254412
2026-07-31 03:50:59.238981,VIN-705039,2709,97,P0300,⚠️ CRITICAL DEVIATION DETECTED,2026-07-31 02:38:35.258642
2026-07-31 03:51:01.238981,VIN-075726,2309,88,P0420,⚠️ CRITICAL DEVIATION DETECTED,2026-07-31 02:38:35.261635
2026-07-31 03:51:03.238981,VIN-073833,1523,100,P0171,⚠️ CRITICAL DEVIATION DETECTED,2026-07-31 02:38:35.264812
2026-07-31 03:51:05.238981,VIN-121785,2131,86,P0420,⚠️ CRITICAL DEVIATION DETECTED,2026-07-31 02:38:35.267189
2026-07-31 03:51:08.238981,VIN-460474,2701,91,P0420,⚠️ CRITICAL DEVIATION DETECTED,2026-07-31 02:38:35.269741
2026-07-31 03:51:11.238981,VIN-797712,3207,88,P0300,⚠️ CRITICAL DEVIATION DETECTED,2026-07-31 02:38:35.272164
2026-07-31 03:51:16.238981,VIN-461334,2889,95,P0420,⚠️ CRITICAL DEVIATION DETECTED,2026-07-31 02:38:35.274899
2026-07-31 03:51:17.238981,VIN-823007,2990,89,P0171,⚠️ CRITICAL DEVIATION DETECTED,2026-07-31 02:38:35.277873
2026-07-31 03:51:23.238981,VIN-887433,3409,103,P0171,⚠️ CRITICAL DEVIATION DETECTED,2026-07-31 02:38:35.280952
2026-07-31 03:51:24.238981,VIN-480251,1984,102,P0420,⚠️ CRITICAL DEVIATION DETECTED,2026-07-31 02:38:35.284480
2026-07-31 03:51:25.238981,VIN-884068,3234,97,P0171,⚠️ CRITICAL DEVIATION DETECTED,2026-07-31 02:38:35.287777
2026-07-31 03:51:27.238981,VIN-292862,3024,89,P0171,⚠️ CRITICAL DEVIATION DETECTED,2026-07-31 02:38:35.290588
2026-07-31 03:51:35.238981,VIN-611623,1714,99,P0171,⚠️ CRITICAL DEVIATION DETECTED,2026-07-31 02:38:35.292868
2026-07-31 03:51:37.238981,VIN-298494,3115,88,P0420,⚠️ CRITICAL DEVIATION DETECTED,2026-07-31 02:38:35.296339
2026-07-31 03:51:41.238981,VIN-231012,2590,93,P0171,⚠️ CRITICAL DEVIATION DETECTED,2026-07-31 02:38:35.299309
2026-07-31 03:51:47.238981,VIN-148274,2892,101,P0171,⚠️ CRITICAL DEVIATION DETECTED,2026-07-31 02:38:35.302309
2026-07-31 03:51:48.238981,VIN-479731,2721,98,P0171,⚠️ CRITICAL DEVIATION DETECTED,2026-07-31 02:38:35.305287
2026-07-31 03:51:50.238981,VIN-370587,3005,96,P0420,⚠️ CRITICAL DEVIATION DETECTED,2026-07-31 02:38:35.308264
2026-07-31 03:51:53.238981,VIN-232116,2068,97,P0420,⚠️ CRITICAL DEVIATION DETECTED,2026-07-31 02:38:35.310918
2026-07-31 03:51:54.238981,VIN-478333,2684,86,P0171,⚠️ CRITICAL DEVIATION DETECTED,2026-07-31 02:38:35.313785
2026-07-31 03:51:55.238981,VIN-866252,3406,90,P0420,⚠️ CRITICAL DEVIATION DETECTED,2026-07-31 02:38:35.317578
2026-07-31 03:51:59.238981,VIN-580728,3263,92,P0171,⚠️ CRITICAL DEVIATION DETECTED,2026-07-31 02:38:35.320985
2026-07-31 03:52:00.238981,VIN-270327,3415,99,P0420,⚠️ CRITICAL DEVIATION DETECTED,2026-07-31 02:38:35.329153
2026-07-31 03:52:02.238981,VIN-326749,2623,95,P0171,⚠️ CRITICAL DEVIATION DETECTED,2026-07-31 02:38:35.334110
2026-07-31 03:52:03.238981,VIN-575161,3335,96,P0420,⚠️ CRITICAL DEVIATION DETECTED,2026-07-31 02:38:35.337629
2026-07-31 03:52:05.238981,VIN-816908,1797,98,P0420,⚠️ CRITICAL DEVIATION DETECTED,2026-07-31 02:38:35.340992
2026-07-31 03:52:10.238981,VIN-047896,1676,97,P0420,⚠️ CRITICAL DEVIATION DETECTED,2026-07-31 02:38:35.346045
2026-07-31 03:52:13.238981,VIN-029935,1744,97,P0420,⚠️ CRITICAL DEVIATION DETECTED,2026-07-31 02:38:35.351230
2026-07-31 03:52:17.238981,VIN-448441,2502,92,P0300,⚠️ CRITICAL DEVIATION DETECTED,2026-07-31 02:38:35.355293
2026-07-31 03:52:18.238981,VIN-558601,1898,93,P0300,⚠️ CRITICAL DEVIATION DETECTED,2026-07-31 02:38:35.363315
2026-07-31 03:52:19.238981,VIN-887131,1660,85,P0420,⚠️ CRITICAL DEVIATION DETECTED,2026-07-31 02:38:35.366389
2026-07-31 03:52:21.238981,VIN-628166,3326,98,P0171,⚠️ CRITICAL DEVIATION DETECTED,2026-07-31 02:38:35.370007
2026-07-31 03:52:22.238981,VIN-690088,2469,99,P0300,⚠️ CRITICAL DEVIATION DETECTED,2026-07-31 02:38:35.373890
2026-07-31 03:52:23.238981,VIN-028407,0,86,P0171,⚠️ CRITICAL DEVIATION DETECTED,2026-07-31 02:38:35.378838
2026-07-31 03:52:25.238981,VIN-828745,2702,86,P0300,⚠️ CRITICAL DEVIATION DETECTED,2026-07-31 02:38:35.382950
2026-07-31 03:52:27.238981,VIN-574311,1518,103,P0300,⚠️ CRITICAL DEVIATION DETECTED,2026-07-31 02:38:35.387504
2026-07-31 03:52:31.238981,VIN-436600,2062,102,P0300,⚠️ CRITICAL DEVIATION DETECTED,2026-07-31 02:38:35.393999
2026-07-31 03:52:36.238981,VIN-463007,3214,93,P0420,⚠️ CRITICAL DEVIATION DETECTED,2026-07-31 02:38:35.397127
2026-07-31 03:52:38.238981,VIN-482114,2595,103,P0300,⚠️ CRITICAL DEVIATION DETECTED,2026-07-31 02:38:35.400915
2026-07-31 03:52:40.238981,VIN-701575,2287,98,P0300,⚠️ CRITICAL DEVIATION DETECTED,2026-07-31 02:38:35.404107
2026-07-31 03:52:41.238981,VIN-702729,2271,92,P0171,⚠️ CRITICAL DEVIATION DETECTED,2026-07-31 02:38:35.407032
2026-07-31 03:52:43.238981,VIN-313220,1936,85,P0300,⚠️ CRITICAL DEVIATION DETECTED,2026-07-31 02:38:35.415979
2026-07-31 03:52:44.238981,VIN-148315,2758,105,P0300,⚠️ CRITICAL DEVIATION DETECTED,2026-07-31 02:38:35.420250
2026-07-31 03:52:45.238981,VIN-162620,2682,87,P0300,⚠️ CRITICAL DEVIATION DETECTED,2026-07-31 02:38:35.424154
2026-07-31 03:52:50.238981,VIN-797791,1669,99,P0300,⚠️ CRITICAL DEVIATION DETECTED,2026-07-31 02:38:35.428363
2026-07-31 03:52:55.238981,VIN-236953,2171,90,P0420,⚠️ CRITICAL DEVIATION DETECTED,2026-07-31 02:38:35.432297
2026-07-31 03:52:56.238981,VIN-292567,3087,95,P0171,⚠️ CRITICAL DEVIATION DETECTED,2026-07-31 02:38:35.436238
2026-07-31 03:52:59.238981,VIN-867626,2825,85,P0171,⚠️ CRITICAL DEVIATION DETECTED,2026-07-31 02:38:35.446309
2026-07-31 03:53:01.238981,VIN-454012,0,94,P0300,⚠️ CRITICAL DEVIATION DETECTED,2026-07-31 02:38:35.454806
2026-07-31 03:53:04.238981,VIN-361301,3131,99,P0420,⚠️ CRITICAL DEVIATION DETECTED,2026-07-31 02:38:35.466492
2026-07-31 03:53:05.238981,VIN-749360,1715,91,P0171,⚠️ CRITICAL DEVIATION DETECTED,2026-07-31 02:38:35.470431
2026-07-31 03:53:07.238981,VIN-872916,0,103,P0171,⚠️ CRITICAL DEVIATION DETECTED,2026-07-31 02:38:35.473861
2026-07-31 03:53:10.238981,VIN-098761,2595,94,P0171,⚠️ CRITICAL DEVIATION DETECTED,2026-07-31 02:38:35.476950
2026-07-31 03:53:14.238981,VIN-280530,2149,93,P0300,⚠️ CRITICAL DEVIATION DETECTED,2026-07-31 02:38:35.480876
2026-07-31 03:53:16.238981,VIN-931029,1687,104,P0171,⚠️ CRITICAL DEVIATION DETECTED,2026-07-31 02:38:35.485122
2026-07-31 03:53:17.238981,VIN-961789,3227,91,P0171,⚠️ CRITICAL DEVIATION DETECTED,2026-07-31 02:38:35.489102
2026-07-31 03:53:24.238981,VIN-448640,2793,103,P0171,⚠️ CRITICAL DEVIATION DETECTED,2026-07-31 02:38:35.491763
2026-07-31 03:53:25.238981,VIN-528521,1957,86,P0420,⚠️ CRITICAL DEVIATION DETECTED,2026-07-31 02:38:35.494585
2026-07-31 03:53:26.238981,VIN-806033,2873,97,P0171,⚠️ CRITICAL DEVIATION DETECTED,2026-07-31 02:38:35.497761
2026-07-31 03:53:28.238981,VIN-203699,1541,91,P0300,⚠️ CRITICAL DEVIATION DETECTED,2026-07-31 02:38:35.501040
2026-07-31 03:53:32.238981,VIN-133884,1721,96,P0300,⚠️ CRITICAL DEVIATION DETECTED,2026-07-31 02:38:35.503974
2026-07-31 03:53:36.238981,VIN-362923,3072,89,P0171,⚠️ CRITICAL DEVIATION DETECTED,2026-07-31 02:38:35.506390
2026-07-31 03:53:39.238981,VIN-522699,2856,99,P0420,⚠️ CRITICAL DEVIATION DETECTED,2026-07-31 02:38:35.510182
2026-07-31 03:53:43.238981,VIN-313545,2836,102,P0300,⚠️ CRITICAL DEVIATION DETECTED,2026-07-31 02:38:35.513574
2026-07-31 03:53:46.238981,VIN-082991,2870,98,P0300,⚠️ CRITICAL DEVIATION DETECTED,2026-07-31 02:38:35.517271
2026-07-31 03:53:50.238981,VIN-669164,2410,97,P0300,⚠️ CRITICAL DEVIATION DETECTED,2026-07-31 02:38:35.520343
2026-07-31 03:54:01.238981,VIN-503917,1932,102,P0171,⚠️ CRITICAL DEVIATION DETECTED,2026-07-31 02:38:35.522995
2026-07-31 03:54:03.238981,VIN-445231,2514,90,P0171,⚠️ CRITICAL DEVIATION DETECTED,2026-07-31 02:38:35.527366
2026-07-31 03:54:06.238981,VIN-951721,1790,89,P0300,⚠️ CRITICAL DEVIATION DETECTED,2026-07-31 02:38:35.530867
2026-07-31 03:54:08.238981,VIN-243139,3424,93,P0420,⚠️ CRITICAL DEVIATION DETECTED,2026-07-31 02:38:35.534928
2026-07-31 03:54:09.238981,VIN-406494,3023,90,P0171,⚠️ CRITICAL DEVIATION DETECTED,2026-07-31 02:38:35.538153
2026-07-31 03:54:10.238981,VIN-320763,1664,99,P0300,⚠️ CRITICAL DEVIATION DETECTED,2026-07-31 02:38:35.541434
2026-07-31 03:54:11.238981,VIN-605504,1524,90,P0171,⚠️ CRITICAL DEVIATION DETECTED,2026-07-31 02:38:35.544773
2026-07-31 03:54:13.238981,VIN-254344,2097,97,P0420,⚠️ CRITICAL DEVIATION DETECTED,2026-07-31 02:38:35.547641
2026-07-31 03:54:17.238981,VIN-934164,1770,103,P0300,⚠️ CRITICAL DEVIATION DETECTED,2026-07-31 02:38:35.552110
2026-07-31 03:54:18.238981,VIN-529393,1636,85,P0300,⚠️ CRITICAL DEVIATION DETECTED,2026-07-31 02:38:35.556550
2026-07-31 03:54:19.238981,VIN-291226,3482,99,P0171,⚠️ CRITICAL DEVIATION DETECTED,2026-07-31 02:38:35.560366
2026-07-31 03:54:20.238981,VIN-699942,1636,99,P0300,⚠️ CRITICAL DEVIATION DETECTED,2026-07-31 02:38:35.566435
2026-07-31 03:54:23.238981,VIN-180013,2213,102,P0171,⚠️ CRITICAL DEVIATION DETECTED,2026-07-31 02:38:35.574037
2026-07-31 03:54:24.238981,VIN-985950,3327,102,P0171,⚠️ CRITICAL DEVIATION DETECTED,2026-07-31 02:38:35.577803
2026-07-31 03:54:32.238981,VIN-230291,1637,104,P0300,⚠️ CRITICAL DEVIATION DETECTED,2026-07-31 02:38:35.601537
2026-07-31 03:54:36.238981,VIN-755984,2297,105,P0420,⚠️ CRITICAL DEVIATION DETECTED,2026-07-31 02:38:35.606418
2026-07-31 03:54:38.238981,VIN-794420,2604,89,P0300,⚠️ CRITICAL DEVIATION DETECTED,2026-07-31 02:38:35.609967
2026-07-31 03:54:39.238981,VIN-163017,2970,102,P0420,⚠️ CRITICAL DEVIATION DETECTED,2026-07-31 02:38:35.613315
2026-07-31 03:54:41.238981,VIN-543843,1777,104,P0420,⚠️ CRITICAL DEVIATION DETECTED,2026-07-31 02:38:35.621183
2026-07-31 03:54:42.238981,VIN-835573,2994,103,P0300,⚠️ CRITICAL DEVIATION DETECTED,2026-07-31 02:38:35.625109
2026-07-31 03:54:43.238981,VIN-395187,2789,98,P0171,⚠️ CRITICAL DEVIATION DETECTED,2026-07-31 02:38:35.628753
2026-07-31 03:54:45.238981,VIN-611394,3061,103,P0171,⚠️ CRITICAL DEVIATION DETECTED,2026-07-31 02:38:35.631743
2026-07-31 03:54:46.238981,VIN-884897,3342,85,P0420,⚠️ CRITICAL DEVIATION DETECTED,2026-07-31 02:38:35.635195
2026-07-31 03:54:47.238981,VIN-091654,0,86,P0171,⚠️ CRITICAL DEVIATION DETECTED,2026-07-31 02:38:35.639342
2026-07-31 03:54:52.238981,VIN-320555,3308,103,P0171,⚠️ CRITICAL DEVIATION DETECTED,2026-07-31 02:38:35.643431
2026-07-31 03:54:53.238981,VIN-955530,1873,93,P0300,⚠️ CRITICAL DEVIATION DETECTED,2026-07-31 02:38:35.646527
2026-07-31 03:54:57.238981,VIN-407458,2319,97,P0420,⚠️ CRITICAL DEVIATION DETECTED,2026-07-31 02:38:35.652371
2026-07-31 03:54:58.238981,VIN-975090,2260,90,P0300,⚠️ CRITICAL DEVIATION DETECTED,2026-07-31 02:38:35.656202
2026-07-31 03:55:01.238981,VIN-992773,2634,96,P0171,⚠️ CRITICAL DEVIATION DETECTED,2026-07-31 02:38:35.666749
2026-07-31 03:55:02.238981,VIN-021042,1968,89,P0300,⚠️ CRITICAL DEVIATION DETECTED,2026-07-31 02:38:35.673220
2026-07-31 03:55:05.238981,VIN-320373,3055,89,P0171,⚠️ CRITICAL DEVIATION DETECTED,2026-07-31 02:38:35.676255
2026-07-31 03:55:07.238981,VIN-168368,2981,102,P0420,⚠️ CRITICAL DEVIATION DETECTED,2026-07-31 02:38:35.681000
2026-07-31 03:55:08.238981,VIN-188200,1976,97,P0300,⚠️ CRITICAL DEVIATION DETECTED,2026-07-31 02:38:35.689238
2026-07-31 03:55:09.238981,VIN-966611,2647,100,P0300,⚠️ CRITICAL DEVIATION DETECTED,2026-07-31 02:38:35.694423
2026-07-31 03:55:17.238981,VIN-469996,2461,93,P0171,⚠️ CRITICAL DEVIATION DETECTED,2026-07-31 02:38:35.699378
2026-07-31 03:55:20.238981,VIN-317128,2291,88,P0420,⚠️ CRITICAL DEVIATION DETECTED,2026-07-31 02:38:35.704738
2026-07-31 03:55:24.238981,VIN-931063,3342,98,P0420,⚠️ CRITICAL DEVIATION DETECTED,2026-07-31 02:38:35.709036
2026-07-31 03:55:28.238981,VIN-993143,3225,87,P0171,⚠️ CRITICAL DEVIATION DETECTED,2026-07-31 02:38:35.712809
2026-07-31 03:55:31.238981,VIN-767296,1622,96,P0171,⚠️ CRITICAL DEVIATION DETECTED,2026-07-31 02:38:35.717647
2026-07-31 03:55:34.238981,VIN-369488,2840,98,P0300,⚠️ CRITICAL DEVIATION DETECTED,2026-07-31 02:38:35.721934
2026-07-31 03:55:35.238981,VIN-617640,2921,99,P0171,⚠️ CRITICAL DEVIATION DETECTED,2026-07-31 02:38:35.726590
2026-07-31 03:55:37.238981,VIN-490749,1652,101,P0420,⚠️ CRITICAL DEVIATION DETECTED,2026-07-31 02:38:35.730736
2026-07-31 03:55:38.238981,VIN-562049,2409,100,P0171,⚠️ CRITICAL DEVIATION DETECTED,2026-07-31 02:38:35.734680
2026-07-31 03:55:40.238981,VIN-915706,2268,92,P0420,⚠️ CRITICAL DEVIATION DETECTED,2026-07-31 02:38:35.737956
2026-07-31 03:55:55.238981,VIN-199640,1571,85,P0420,⚠️ CRITICAL DEVIATION DETECTED,2026-07-31 02:38:35.742600
2026-07-31 03:56:00.238981,VIN-181877,1537,104,P0300,⚠️ CRITICAL DEVIATION DETECTED,2026-07-31 02:38:35.746079
2026-07-31 03:56:03.238981,VIN-624880,2444,89,P0300,⚠️ CRITICAL DEVIATION DETECTED,2026-07-31 02:38:35.750113
2026-07-31 03:56:04.238981,VIN-644626,1986,95,P0171,⚠️ CRITICAL DEVIATION DETECTED,2026-07-31 02:38:35.755873
2026-07-31 03:56:05.238981,VIN-473663,1564,102,P0300,⚠️ CRITICAL DEVIATION DETECTED,2026-07-31 02:38:35.760380
2026-07-31 03:56:06.238981,VIN-935560,1529,89,P0420,⚠️ CRITICAL DEVIATION DETECTED,2026-07-31 02:38:35.764542
2026-07-31 03:56:07.238981,VIN-054664,1636,94,P0420,⚠️ CRITICAL DEVIATION DETECTED,2026-07-31 02:38:35.768168
2026-07-31 03:56:09.238981,VIN-676484,3059,90,P0420,⚠️ CRITICAL DEVIATION DETECTED,2026-07-31 02:38:35.771819
2026-07-31 03:56:10.238981,VIN-736075,1704,94,P0300,⚠️ CRITICAL DEVIATION DETECTED,2026-07-31 02:38:35.774857
2026-07-31 03:56:16.238981,VIN-245229,2041,104,P0300,⚠️ CRITICAL DEVIATION DETECTED,2026-07-31 02:38:35.777827
2026-07-31 03:56:19.238981,VIN-723872,2766,88,P0171,⚠️ CRITICAL DEVIATION DETECTED,2026-07-31 02:38:35.782991
2026-07-31 03:56:20.238981,VIN-806573,1516,101,P0171,⚠️ CRITICAL DEVIATION DETECTED,2026-07-31 02:38:35.788119
2026-07-31 03:56:25.238981,VIN-532009,3131,99,P0420,⚠️ CRITICAL DEVIATION DETECTED,2026-07-31 02:38:35.792900
2026-07-31 03:56:27.238981,VIN-670124,0,86,P0300,⚠️ CRITICAL DEVIATION DETECTED,2026-07-31 02:38:35.796439
2026-07-31 03:56:31.238981,VIN-047152,3359,102,P0171,⚠️ CRITICAL DEVIATION DETECTED,2026-07-31 02:38:35.800313
2026-07-31 03:56:37.238981,VIN-078645,3341,91,P0420,⚠️ CRITICAL DEVIATION DETECTED,2026-07-31 02:38:35.803668
2026-07-31 03:56:38.238981,VIN-453374,1688,103,P0171,⚠️ CRITICAL DEVIATION DETECTED,2026-07-31 02:38:35.806720
2026-07-31 03:56:39.238981,VIN-416249,3161,86,P0300,⚠️ CRITICAL DEVIATION DETECTED,2026-07-31 02:38:35.809997
2026-07-31 03:56:47.238981,VIN-898119,2504,100,P0171,⚠️ CRITICAL DEVIATION DETECTED,2026-07-31 02:38:35.813099
2026-07-31 03:56:48.238981,VIN-624768,2273,98,P0300,⚠️ CRITICAL DEVIATION DETECTED,2026-07-31 02:38:35.817455
2026-07-31 03:56:49.238981,VIN-042463,2836,105,P0420,⚠️ CRITICAL DEVIATION DETECTED,2026-07-31 02:38:35.822613
2026-07-31 03:56:53.238981,VIN-091909,1897,95,P0420,⚠️ CRITICAL DEVIATION DETECTED,2026-07-31 02:38:35.827072
2026-07-31 03:56:54.238981,VIN-130662,2975,99,P0300,⚠️ CRITICAL DEVIATION DETECTED,2026-07-31 02:38:35.831562
2026-07-31 03:56:57.238981,VIN-114525,1521,105,P0420,⚠️ CRITICAL DEVIATION DETECTED,2026-07-31 02:38:35.835380
2026-07-31 03:56:58.238981,VIN-087123,2607,103,P0420,⚠️ CRITICAL DEVIATION DETECTED,2026-07-31 02:38:35.838637
2026-07-31 03:56:59.238981,VIN-033114,1748,85,P0420,⚠️ CRITICAL DEVIATION DETECTED,2026-07-31 02:38:35.841487
2026-07-31 03:57:01.238981,VIN-609050,2017,97,P0300,⚠️ CRITICAL DEVIATION DETECTED,2026-07-31 02:38:35.844941
2026-07-31 03:57:02.238981,VIN-814982,2468,98,P0420,⚠️ CRITICAL DEVIATION DETECTED,2026-07-31 02:38:35.848625
2026-07-31 03:57:03.238981,VIN-988133,2275,99,P0171,⚠️ CRITICAL DEVIATION DETECTED,2026-07-31 02:38:35.853307
2026-07-31 03:57:06.238981,VIN-275551,2759,99,P0420,⚠️ CRITICAL DEVIATION DETECTED,2026-07-31 02:38:35.857241
2026-07-31 03:57:07.238981,VIN-848947,1506,104,P0171,⚠️ CRITICAL DEVIATION DETECTED,2026-07-31 02:38:35.863612
2026-07-31 03:57:08.238981,VIN-863232,3109,87,P0171,⚠️ CRITICAL DEVIATION DETECTED,2026-07-31 02:38:35.867077
2026-07-31 03:57:12.238981,VIN-866837,3093,103,P0420,⚠️ CRITICAL DEVIATION DETECTED,2026-07-31 02:38:35.870598
2026-07-31 03:57:13.238981,VIN-322281,3325,94,P0300,⚠️ CRITICAL DEVIATION DETECTED,2026-07-31 02:38:35.874059
2026-07-31 03:57:17.238981,VIN-925591,2221,104,P0420,⚠️ CRITICAL DEVIATION DETECTED,2026-07-31 02:38:35.877545
2026-07-31 03:57:19.238981,VIN-879537,2992,92,P0420,⚠️ CRITICAL DEVIATION DETECTED,2026-07-31 02:38:35.881478
2026-07-31 03:57:20.238981,VIN-326571,2175,87,P0171,⚠️ CRITICAL DEVIATION DETECTED,2026-07-31 02:38:35.887177
2026-07-31 03:57:27.238981,VIN-130632,1899,101,P0300,⚠️ CRITICAL DEVIATION DETECTED,2026-07-31 02:38:35.891958
2026-07-31 03:57:33.238981,VIN-771203,3101,100,P0171,⚠️ CRITICAL DEVIATION DETECTED,2026-07-31 02:38:35.898714
2026-07-31 03:57:36.238981,VIN-700063,3473,104,P0300,⚠️ CRITICAL DEVIATION DETECTED,2026-07-31 02:38:35.902899
2026-07-31 03:57:37.238981,VIN-222794,0,87,P0420,⚠️ CRITICAL DEVIATION DETECTED,2026-07-31 02:38:35.906138
2026-07-31 03:57:39.238981,VIN-156917,1579,95,P0171,⚠️ CRITICAL DEVIATION DETECTED,2026-07-31 02:38:35.909800
2026-07-31 03:57:40.238981,VIN-392455,3310,90,P0420,⚠️ CRITICAL DEVIATION DETECTED,2026-07-31 02:38:35.913258
2026-07-31 03:57:41.238981,VIN-727712,0,88,P0171,⚠️ CRITICAL DEVIATION DETECTED,2026-07-31 02:38:35.922238
2026-07-31 03:57:45.238981,VIN-343766,3023,95,P0171,⚠️ CRITICAL DEVIATION DETECTED,2026-07-31 02:38:35.926691
2026-07-31 03:57:46.238981,VIN-206451,3424,91,P0171,⚠️ CRITICAL DEVIATION DETECTED,2026-07-31 02:38:35.930132
2026-07-31 03:57:47.238981,VIN-877308,2085,91,P0420,⚠️ CRITICAL DEVIATION DETECTED,2026-07-31 02:38:35.934505
2026-07-31 03:57:49.238981,VIN-109603,3316,96,P0300,⚠️ CRITICAL DEVIATION DETECTED,2026-07-31 02:38:35.938540
2026-07-31 03:57:50.238981,VIN-483676,3252,102,P0171,⚠️ CRITICAL DEVIATION DETECTED,2026-07-31 02:38:35.942284
2026-07-31 03:57:54.238981,VIN-530829,2863,92,P0171,⚠️ CRITICAL DEVIATION DETECTED,2026-07-31 02:38:35.945946
2026-07-31 03:57:58.238981,VIN-095167,3191,105,P0171,⚠️ CRITICAL DEVIATION DETECTED,2026-07-31 02:38:35.949208
2026-07-31 03:58:01.238981,VIN-880250,1617,90,P0420,⚠️ CRITICAL DEVIATION DETECTED,2026-07-31 02:38:35.953094
2026-07-31 03:58:05.238981,VIN-460142,2914,92,P0420,⚠️ CRITICAL DEVIATION DETECTED,2026-07-31 02:38:35.956927
2026-07-31 03:58:09.238981,VIN-744252,3221,87,P0420,⚠️ CRITICAL DEVIATION DETECTED,2026-07-31 02:38:35.959554
2026-07-31 03:58:14.238981,VIN-226132,2826,104,P0171,⚠️ CRITICAL DEVIATION DETECTED,2026-07-31 02:38:35.962819
2026-07-31 03:58:15.238981,VIN-181588,0,98,P0171,⚠️ CRITICAL DEVIATION DETECTED,2026-07-31 02:38:35.966718
2026-07-31 03:58:16.238981,VIN-132035,2380,104,P0420,⚠️ CRITICAL DEVIATION DETECTED,2026-07-31 02:38:35.969821
2026-07-31 03:58:17.238981,VIN-352770,1611,101,P0420,⚠️ CRITICAL DEVIATION DETECTED,2026-07-31 02:38:35.972501
2026-07-31 03:58:18.238981,VIN-987146,2745,94,P0300,⚠️ CRITICAL DEVIATION DETECTED,2026-07-31 02:38:35.975431
2026-07-31 03:58:20.238981,VIN-269798,2077,99,P0300,⚠️ CRITICAL DEVIATION DETECTED,2026-07-31 02:38:35.979744
2026-07-31 03:58:26.238981,VIN-332971,3027,98,P0420,⚠️ CRITICAL DEVIATION DETECTED,2026-07-31 02:38:35.989366
2026-07-31 03:58:27.238981,VIN-682574,0,95,P0300,⚠️ CRITICAL DEVIATION DETECTED,2026-07-31 02:38:35.992895
2026-07-31 03:58:28.238981,VIN-575032,2315,103,P0420,⚠️ CRITICAL DEVIATION DETECTED,2026-07-31 02:38:35.998209
2026-07-31 03:58:30.238981,VIN-639527,3216,104,P0420,⚠️ CRITICAL DEVIATION DETECTED,2026-07-31 02:38:36.001359
2026-07-31 03:58:31.238981,VIN-717549,2330,88,P0420,⚠️ CRITICAL DEVIATION DETECTED,2026-07-31 02:38:36.006781
2026-07-31 03:58:33.238981,VIN-037557,2065,96,P0420,⚠️ CRITICAL DEVIATION DETECTED,2026-07-31 02:38:36.036920
2026-07-31 03:58:35.238981,VIN-124169,2242,94,P0171,⚠️ CRITICAL DEVIATION DETECTED,2026-07-31 02:38:36.040040
2026-07-31 03:58:37.238981,VIN-202668,2634,92,P0300,⚠️ CRITICAL DEVIATION DETECTED,2026-07-31 02:38:36.044307
2026-07-31 03:58:41.238981,VIN-057772,2663,92,P0171,⚠️ CRITICAL DEVIATION DETECTED,2026-07-31 02:38:36.048321
2026-07-31 03:58:42.238981,VIN-394541,1763,91,P0300,⚠️ CRITICAL DEVIATION DETECTED,2026-07-31 02:38:36.056855
2026-07-31 03:58:43.238981,VIN-622383,1848,92,P0171,⚠️ CRITICAL DEVIATION DETECTED,2026-07-31 02:38:36.062406
2026-07-31 03:58:44.238981,VIN-124963,2346,85,P0420,⚠️ CRITICAL DEVIATION DETECTED,2026-07-31 02:38:36.068930
2026-07-31 03:58:45.238981,VIN-357498,1653,94,P0420,⚠️ CRITICAL DEVIATION DETECTED,2026-07-31 02:38:36.073332
2026-07-31 03:58:49.238981,VIN-050928,2502,91,P0300,⚠️ CRITICAL DEVIATION DETECTED,2026-07-31 02:38:36.076648
2026-07-31 03:58:50.238981,VIN-454371,1903,87,P0420,⚠️ CRITICAL DEVIATION DETECTED,2026-07-31 02:38:36.079751
2026-07-31 03:58:51.238981,VIN-667485,1876,100,P0420,⚠️ CRITICAL DEVIATION DETECTED,2026-07-31 02:38:36.092661
2026-07-31 03:58:52.238981,VIN-919751,2419,97,P0300,⚠️ CRITICAL DEVIATION DETECTED,2026-07-31 02:38:36.096251
2026-07-31 03:58:59.238981,VIN-011924,3469,86,P0420,⚠️ CRITICAL DEVIATION DETECTED,2026-07-31 02:38:36.099217
2026-07-31 03:59:05.238981,VIN-813408,3377,91,P0300,⚠️ CRITICAL DEVIATION DETECTED,2026-07-31 02:38:36.101810
2026-07-31 03:59:07.238981,VIN-995804,2869,99,P0171,⚠️ CRITICAL DEVIATION DETECTED,2026-07-31 02:38:36.104091
2026-07-31 03:59:08.238981,VIN-920981,1826,101,P0300,⚠️ CRITICAL DEVIATION DETECTED,2026-07-31 02:38:36.106666
2026-07-31 03:59:10.238981,VIN-224627,2278,100,P0420,⚠️ CRITICAL DEVIATION DETECTED,2026-07-31 02:38:36.109254
2026-07-31 03:59:11.238981,VIN-074941,1753,85,P0171,⚠️ CRITICAL DEVIATION DETECTED,2026-07-31 02:38:36.111688
2026-07-31 03:59:12.238981,VIN-422100,3480,102,P0300,⚠️ CRITICAL DEVIATION DETECTED,2026-07-31 02:38:36.114430
2026-07-31 03:59:13.238981,VIN-280710,3373,97,P0420,⚠️ CRITICAL DEVIATION DETECTED,2026-07-31 02:38:36.119072
2026-07-31 03:59:14.238981,VIN-247966,3465,92,P0300,⚠️ CRITICAL DEVIATION DETECTED,2026-07-31 02:38:36.121900
2026-07-31 03:59:18.238981,VIN-028252,0,86,P0420,⚠️ CRITICAL DEVIATION DETECTED,2026-07-31 02:38:36.130891
2026-07-31 03:59:21.238981,VIN-386433,2547,88,P0171,⚠️ CRITICAL DEVIATION DETECTED,2026-07-31 02:38:36.133986
2026-07-31 03:59:24.238981,VIN-928139,2833,105,P0420,⚠️ CRITICAL DEVIATION DETECTED,2026-07-31 02:38:36.136884
2026-07-31 03:59:25.238981,VIN-934713,2165,86,P0171,⚠️ CRITICAL DEVIATION DETECTED,2026-07-31 02:38:36.139162
2026-07-31 03:59:27.238981,VIN-993919,2883,85,P0420,⚠️ CRITICAL DEVIATION DETECTED,2026-07-31 02:38:36.141978
2026-07-31 03:59:28.238981,VIN-071415,2070,86,P0300,⚠️ CRITICAL DEVIATION DETECTED,2026-07-31 02:38:36.144397
2026-07-31 03:59:29.238981,VIN-143102,2797,90,P0420,⚠️ CRITICAL DEVIATION DETECTED,2026-07-31 02:38:36.153919
2026-07-31 03:59:30.238981,VIN-984236,2085,85,P0171,⚠️ CRITICAL DEVIATION DETECTED,2026-07-31 02:38:36.157274
2026-07-31 03:59:33.238981,VIN-804820,2904,99,P0300,⚠️ CRITICAL DEVIATION DETECTED,2026-07-31 02:38:36.160448
2026-07-31 03:59:34.238981,VIN-545638,3305,95,P0171,⚠️ CRITICAL DEVIATION DETECTED,2026-07-31 02:38:36.165567
2026-07-31 03:59:37.238981,VIN-999615,2953,98,P0300,⚠️ CRITICAL DEVIATION DETECTED,2026-07-31 02:38:36.168341
2026-07-31 03:59:42.238981,VIN-528632,3078,93,P0420,⚠️ CRITICAL DEVIATION DETECTED,2026-07-31 02:38:36.171838
2026-07-31 03:59:45.238981,VIN-162289,2872,97,P0420,⚠️ CRITICAL DEVIATION DETECTED,2026-07-31 02:38:36.174904
2026-07-31 03:59:46.238981,VIN-437131,1629,104,P0300,⚠️ CRITICAL DEVIATION DETECTED,2026-07-31 02:38:36.177894
2026-07-31 03:59:48.238981,VIN-910040,2740,100,P0300,⚠️ CRITICAL DEVIATION DETECTED,2026-07-31 02:38:36.181318
2026-07-31 03:59:54.238981,VIN-091193,1909,89,P0171,⚠️ CRITICAL DEVIATION DETECTED,2026-07-31 02:38:36.186544
2026-07-31 04:00:01.238981,VIN-819539,1806,92,P0171,⚠️ CRITICAL DEVIATION DETECTED,2026-07-31 02:38:36.191926
2026-07-31 04:00:03.238981,VIN-993980,2143,88,P0300,⚠️ CRITICAL DEVIATION DETECTED,2026-07-31 02:38:36.195357
2026-07-31 04:00:07.238981,VIN-576392,1553,96,P0300,⚠️ CRITICAL DEVIATION DETECTED,2026-07-31 02:38:36.198151
2026-07-31 04:00:08.238981,VIN-233683,0,88,P0171,⚠️ CRITICAL DEVIATION DETECTED,2026-07-31 02:38:36.201632
2026-07-31 04:00:09.238981,VIN-306540,2346,92,P0420,⚠️ CRITICAL DEVIATION DETECTED,2026-07-31 02:38:36.204283
2026-07-31 04:00:13.238981,VIN-291260,3241,89,P0420,⚠️ CRITICAL DEVIATION DETECTED,2026-07-31 02:38:36.206847
2026-07-31 04:00:17.238981,VIN-727335,1917,85,P0300,⚠️ CRITICAL DEVIATION DETECTED,2026-07-31 02:38:36.210198
2026-07-31 04:00:19.238981,VIN-359883,3122,95,P0300,⚠️ CRITICAL DEVIATION DETECTED,2026-07-31 02:38:36.214490
2026-07-31 04:00:21.238981,VIN-547544,2769,90,P0300,⚠️ CRITICAL DEVIATION DETECTED,2026-07-31 02:38:36.220757
2026-07-31 04:00:23.238981,VIN-881683,3088,102,P0300,⚠️ CRITICAL DEVIATION DETECTED,2026-07-31 02:38:36.223912
2026-07-31 04:00:27.238981,VIN-618145,2369,105,P0420,⚠️ CRITICAL DEVIATION DETECTED,2026-07-31 02:38:36.227847
2026-07-31 04:00:29.238981,VIN-208365,0,90,P0171,⚠️ CRITICAL DEVIATION DETECTED,2026-07-31 02:38:36.231076
2026-07-31 04:00:32.238981,VIN-341255,1762,88,P0300,⚠️ CRITICAL DEVIATION DETECTED,2026-07-31 02:38:36.235128
2026-07-31 04:00:35.238981,VIN-602440,3125,93,P0300,⚠️ CRITICAL DEVIATION DETECTED,2026-07-31 02:38:36.238657
2026-07-31 04:00:41.238981,VIN-698158,1978,97,P0171,⚠️ CRITICAL DEVIATION DETECTED,2026-07-31 02:38:36.241728
2026-07-31 04:00:43.238981,VIN-877672,1820,95,P0300,⚠️ CRITICAL DEVIATION DETECTED,2026-07-31 02:38:36.244558
2026-07-31 04:00:46.238981,VIN-079878,2520,87,P0300,⚠️ CRITICAL DEVIATION DETECTED,2026-07-31 02:38:36.247781
2026-07-31 04:00:48.238981,VIN-568074,1904,101,P0420,⚠️ CRITICAL DEVIATION DETECTED,2026-07-31 02:38:36.252381
2026-07-31 04:00:50.238981,VIN-735581,1807,104,P0420,⚠️ CRITICAL DEVIATION DETECTED,2026-07-31 02:38:36.256131
2026-07-31 04:00:51.238981,VIN-737915,2401,85,P0300,⚠️ CRITICAL DEVIATION DETECTED,2026-07-31 02:38:36.259598
2026-07-31 04:00:55.238981,VIN-572760,3020,105,P0171,⚠️ CRITICAL DEVIATION DETECTED,2026-07-31 02:38:36.263937
2026-07-31 04:00:56.238981,VIN-678617,3287,87,P0171,⚠️ CRITICAL DEVIATION DETECTED,2026-07-31 02:38:36.267617
2026-07-31 04:00:57.238981,VIN-899840,2883,87,P0171,⚠️ CRITICAL DEVIATION DETECTED,2026-07-31 02:38:36.270748
2026-07-31 04:00:58.238981,VIN-942295,2535,96,P0300,⚠️ CRITICAL DEVIATION DETECTED,2026-07-31 02:38:36.273387
2026-07-31 04:00:59.238981,VIN-526919,2132,96,P0300,⚠️ CRITICAL DEVIATION DETECTED,2026-07-31 02:38:36.276290
2026-07-31 04:01:00.238981,VIN-029638,1691,95,P0171,⚠️ CRITICAL DEVIATION DETECTED,2026-07-31 02:38:36.278687
2026-07-31 04:01:02.238981,VIN-096502,3232,87,P0171,⚠️ CRITICAL DEVIATION DETECTED,2026-07-31 02:38:36.281448
2026-07-31 04:01:05.238981,VIN-588704,2559,100,P0300,⚠️ CRITICAL DEVIATION DETECTED,2026-07-31 02:38:36.285983
2026-07-31 04:01:07.238981,VIN-040933,1948,99,P0171,⚠️ CRITICAL DEVIATION DETECTED,2026-07-31 02:38:36.290946
2026-07-31 04:01:08.238981,VIN-328151,2497,89,P0300,⚠️ CRITICAL DEVIATION DETECTED,2026-07-31 02:38:36.295826
2026-07-31 04:01:10.238981,VIN-150378,2976,91,P0420,⚠️ CRITICAL DEVIATION DETECTED,2026-07-31 02:38:36.298397
2026-07-31 04:01:12.238981,VIN-758610,3373,93,P0300,⚠️ CRITICAL DEVIATION DETECTED,2026-07-31 02:38:36.300803
2026-07-31 04:01:13.238981,VIN-075641,2823,101,P0300,⚠️ CRITICAL DEVIATION DETECTED,2026-07-31 02:38:36.308834
2026-07-31 04:01:14.238981,VIN-977148,3234,90,P0300,⚠️ CRITICAL DEVIATION DETECTED,2026-07-31 02:38:36.321393
2026-07-31 04:01:15.238981,VIN-039904,2172,88,P0300,⚠️ CRITICAL DEVIATION DETECTED,2026-07-31 02:38:36.324987
2026-07-31 04:01:16.238981,VIN-309521,1891,104,P0300,⚠️ CRITICAL DEVIATION DETECTED,2026-07-31 02:38:36.331822
2026-07-31 04:01:21.238981,VIN-584931,2182,97,P0420,⚠️ CRITICAL DEVIATION DETECTED,2026-07-31 02:38:36.339840
2026-07-31 04:01:22.238981,VIN-747471,0,102,P0420,⚠️ CRITICAL DEVIATION DETECTED,2026-07-31 02:38:36.342447
2026-07-31 04:01:25.238981,VIN-607211,2525,99,P0420,⚠️ CRITICAL DEVIATION DETECTED,2026-07-31 02:38:36.345979
2026-07-31 04:01:26.238981,VIN-973655,1676,97,P0171,⚠️ CRITICAL DEVIATION DETECTED,2026-07-31 02:38:36.348988
2026-07-31 04:01:29.238981,VIN-296498,2930,102,P0420,⚠️ CRITICAL DEVIATION DETECTED,2026-07-31 02:38:36.352474
2026-07-31 04:01:32.238981,VIN-156503,2806,93,P0420,⚠️ CRITICAL DEVIATION DETECTED,2026-07-31 02:38:36.355745
2026-07-31 04:01:33.238981,VIN-924130,3060,87,P0300,⚠️ CRITICAL DEVIATION DETECTED,2026-07-31 02:38:36.358987
2026-07-31 04:01:35.238981,VIN-715127,3057,86,P0420,⚠️ CRITICAL DEVIATION DETECTED,2026-07-31 02:38:36.361409
2026-07-31 04:01:40.238981,VIN-558948,2465,104,P0420,⚠️ CRITICAL DEVIATION DETECTED,2026-07-31 02:38:36.364968
2026-07-31 04:01:41.238981,VIN-371198,1596,89,P0300,⚠️ CRITICAL DEVIATION DETECTED,2026-07-31 02:38:36.367764
2026-07-31 04:01:43.238981,VIN-738463,2602,95,P0171,⚠️ CRITICAL DEVIATION DETECTED,2026-07-31 02:38:36.370189
2026-07-31 04:01:47.238981,VIN-460554,3382,95,P0300,⚠️ CRITICAL DEVIATION DETECTED,2026-07-31 02:38:36.372979
2026-07-31 04:01:48.238981,VIN-930871,2155,93,P0171,⚠️ CRITICAL DEVIATION DETECTED,2026-07-31 02:38:36.375700
2026-07-31 04:01:49.238981,VIN-657560,2098,96,P0171,⚠️ CRITICAL DEVIATION DETECTED,2026-07-31 02:38:36.379058
2026-07-31 04:01:52.238981,VIN-099628,1980,95,P0300,⚠️ CRITICAL DEVIATION DETECTED,2026-07-31 02:38:36.382827
2026-07-31 04:01:53.238981,VIN-692642,0,88,P0300,⚠️ CRITICAL DEVIATION DETECTED,2026-07-31 02:38:36.387554
2026-07-31 04:01:56.238981,VIN-026791,3323,89,P0300,⚠️ CRITICAL DEVIATION DETECTED,2026-07-31 02:38:36.390943
2026-07-31 04:01:57.238981,VIN-679291,1810,90,P0420,⚠️ CRITICAL DEVIATION DETECTED,2026-07-31 02:38:36.394992
2026-07-31 04:02:10.238981,VIN-154501,2640,103,P0420,⚠️ CRITICAL DEVIATION DETECTED,2026-07-31 02:38:36.398765
2026-07-31 04:02:15.238981,VIN-449759,1628,99,P0420,⚠️ CRITICAL DEVIATION DETECTED,2026-07-31 02:38:36.401724
2026-07-31 04:02:18.238981,VIN-004164,3162,88,P0420,⚠️ CRITICAL DEVIATION DETECTED,2026-07-31 02:38:36.404608
2026-07-31 04:02:21.238981,VIN-397048,2717,86,P0420,⚠️ CRITICAL DEVIATION DETECTED,2026-07-31 02:38:36.407476
2026-07-31 04:02:23.238981,VIN-436094,2592,97,P0300,⚠️ CRITICAL DEVIATION DETECTED,2026-07-31 02:38:36.410685
2026-07-31 04:02:26.238981,VIN-588128,2698,99,P0300,⚠️ CRITICAL DEVIATION DETECTED,2026-07-31 02:38:36.413217
2026-07-31 04:02:27.238981,VIN-679200,2552,91,P0420,⚠️ CRITICAL DEVIATION DETECTED,2026-07-31 02:38:36.416104
2026-07-31 04:02:29.238981,VIN-542301,3264,97,P0420,⚠️ CRITICAL DEVIATION DETECTED,2026-07-31 02:38:36.419076
2026-07-31 04:02:30.238981,VIN-616783,3102,93,P0420,⚠️ CRITICAL DEVIATION DETECTED,2026-07-31 02:38:36.422667
2026-07-31 04:02:31.238981,VIN-115840,2185,85,P0420,⚠️ CRITICAL DEVIATION DETECTED,2026-07-31 02:38:36.426190
2026-07-31 04:02:32.238981,VIN-587395,1674,89,P0300,⚠️ CRITICAL DEVIATION DETECTED,2026-07-31 02:38:36.428711
2026-07-31 04:02:36.238981,VIN-242897,3266,91,P0300,⚠️ CRITICAL DEVIATION DETECTED,2026-07-31 02:38:36.431853
2026-07-31 04:02:39.238981,VIN-998686,3475,90,P0420,⚠️ CRITICAL DEVIATION DETECTED,2026-07-31 02:38:36.434472
2026-07-31 04:02:42.238981,VIN-714551,3261,99,P0420,⚠️ CRITICAL DEVIATION DETECTED,2026-07-31 02:38:36.437437
2026-07-31 04:02:43.238981,VIN-812120,2873,101,P0171,⚠️ CRITICAL DEVIATION DETECTED,2026-07-31 02:38:36.440496
2026-07-31 04:02:45.238981,VIN-448215,3027,85,P0300,⚠️ CRITICAL DEVIATION DETECTED,2026-07-31 02:38:36.442910
2026-07-31 04:02:47.238981,VIN-088375,1685,100,P0420,⚠️ CRITICAL DEVIATION DETECTED,2026-07-31 02:38:36.449118
2026-07-31 04:02:52.238981,VIN-082514,3149,86,P0171,⚠️ CRITICAL DEVIATION DETECTED,2026-07-31 02:38:36.454231
2026-07-31 04:02:55.238981,VIN-786358,2964,94,P0171,⚠️ CRITICAL DEVIATION DETECTED,2026-07-31 02:38:36.459006
2026-07-31 04:02:57.238981,VIN-208408,3221,90,P0300,⚠️ CRITICAL DEVIATION DETECTED,2026-07-31 02:38:36.462310
2026-07-31 04:03:02.238981,VIN-112428,2481,90,P0171,⚠️ CRITICAL DEVIATION DETECTED,2026-07-31 02:38:36.465753
2026-07-31 04:03:05.238981,VIN-689109,1827,104,P0420,⚠️ CRITICAL DEVIATION DETECTED,2026-07-31 02:38:36.469120
2026-07-31 04:03:10.238981,VIN-382835,2272,91,P0300,⚠️ CRITICAL DEVIATION DETECTED,2026-07-31 02:38:36.475811
2026-07-31 04:03:12.238981,VIN-776666,1978,92,P0171,⚠️ CRITICAL DEVIATION DETECTED,2026-07-31 02:38:36.483640
2026-07-31 04:03:13.238981,VIN-805786,1878,101,P0420,⚠️ CRITICAL DEVIATION DETECTED,2026-07-31 02:38:36.492608
2026-07-31 04:03:15.238981,VIN-852724,3405,100,P0300,⚠️ CRITICAL DEVIATION DETECTED,2026-07-31 02:38:36.496301
2026-07-31 04:03:17.238981,VIN-391541,2347,87,P0300,⚠️ CRITICAL DEVIATION DETECTED,2026-07-31 02:38:36.499627
2026-07-31 04:03:19.238981,VIN-088562,2732,89,P0171,⚠️ CRITICAL DEVIATION DETECTED,2026-07-31 02:38:36.502768
2026-07-31 04:03:21.238981,VIN-830630,2689,90,P0420,⚠️ CRITICAL DEVIATION DETECTED,2026-07-31 02:38:36.506091
2026-07-31 04:03:23.238981,VIN-980051,2021,92,P0171,⚠️ CRITICAL DEVIATION DETECTED,2026-07-31 02:38:36.509178
2026-07-31 04:03:25.238981,VIN-363369,3086,93,P0300,⚠️ CRITICAL DEVIATION DETECTED,2026-07-31 02:38:36.512433
2026-07-31 04:03:27.238981,VIN-958020,0,94,P0420,⚠️ CRITICAL DEVIATION DETECTED,2026-07-31 02:38:36.515758
2026-07-31 04:03:29.238981,VIN-688412,2050,97,P0420,⚠️ CRITICAL DEVIATION DETECTED,2026-07-31 02:38:36.520289
2026-07-31 04:03:33.238981,VIN-114602,1675,96,P0171,⚠️ CRITICAL DEVIATION DETECTED,2026-07-31 02:38:36.524225
2026-07-31 04:03:35.238981,VIN-326254,2766,88,P0300,⚠️ CRITICAL DEVIATION DETECTED,2026-07-31 02:38:36.527146
2026-07-31 04:03:36.238981,VIN-756071,1883,94,P0420,⚠️ CRITICAL DEVIATION DETECTED,2026-07-31 02:38:36.533637
2026-07-31 04:03:40.238981,VIN-904145,2566,95,P0300,⚠️ CRITICAL DEVIATION DETECTED,2026-07-31 02:38:36.536012
2026-07-31 04:03:41.238981,VIN-281984,3420,86,P0300,⚠️ CRITICAL DEVIATION DETECTED,2026-07-31 02:38:36.538374
2026-07-31 04:03:43.238981,VIN-827216,0,104,P0420,⚠️ CRITICAL DEVIATION DETECTED,2026-07-31 02:38:36.541367
2026-07-31 04:03:44.238981,VIN-460725,2756,94,P0171,⚠️ CRITICAL DEVIATION DETECTED,2026-07-31 02:38:36.544470
2026-07-31 04:03:49.238981,VIN-860641,3246,87,P0300,⚠️ CRITICAL DEVIATION DETECTED,2026-07-31 02:38:36.547803
2026-07-31 04:03:50.238981,VIN-547635,1574,97,P0171,⚠️ CRITICAL DEVIATION DETECTED,2026-07-31 02:38:36.550886
2026-07-31 04:03:51.238981,VIN-343242,1702,103,P0171,⚠️ CRITICAL DEVIATION DETECTED,2026-07-31 02:38:36.556169
2026-07-31 04:03:53.238981,VIN-610554,1983,95,P0171,⚠️ CRITICAL DEVIATION DETECTED,2026-07-31 02:38:36.561021
2026-07-31 04:03:55.238981,VIN-587544,2525,102,P0300,⚠️ CRITICAL DEVIATION DETECTED,2026-07-31 02:38:36.564674
2026-07-31 04:03:56.238981,VIN-104997,1769,99,P0300,⚠️ CRITICAL DEVIATION DETECTED,2026-07-31 02:38:36.568305
2026-07-31 04:03:57.238981,VIN-006067,3046,98,P0171,⚠️ CRITICAL DEVIATION DETECTED,2026-07-31 02:38:36.571644
2026-07-31 04:04:01.238981,VIN-722735,2888,104,P0420,⚠️ CRITICAL DEVIATION DETECTED,2026-07-31 02:38:36.576820
2026-07-31 04:04:05.238981,VIN-531753,2824,91,P0420,⚠️ CRITICAL DEVIATION DETECTED,2026-07-31 02:38:36.580029
2026-07-31 04:04:07.238981,VIN-523767,0,88,P0300,⚠️ CRITICAL DEVIATION DETECTED,2026-07-31 02:38:36.583203
2026-07-31 04:04:08.238981,VIN-219113,3024,93,P0171,⚠️ CRITICAL DEVIATION DETECTED,2026-07-31 02:38:36.588099
2026-07-31 04:04:10.238981,VIN-539252,1723,94,P0300,⚠️ CRITICAL DEVIATION DETECTED,2026-07-31 02:38:36.593287
2026-07-31 04:04:15.238981,VIN-841168,2496,94,P0300,⚠️ CRITICAL DEVIATION DETECTED,2026-07-31 02:38:36.598218
2026-07-31 04:04:17.238981,VIN-725639,3478,85,P0420,⚠️ CRITICAL DEVIATION DETECTED,2026-07-31 02:38:36.603015
2026-07-31 04:04:23.238981,VIN-052680,1696,96,P0300,⚠️ CRITICAL DEVIATION DETECTED,2026-07-31 02:38:36.606576
2026-07-31 04:04:24.238981,VIN-783801,1793,85,P0420,⚠️ CRITICAL DEVIATION DETECTED,2026-07-31 02:38:36.609782
2026-07-31 04:04:25.238981,VIN-284721,3400,88,P0420,⚠️ CRITICAL DEVIATION DETECTED,2026-07-31 02:38:36.612616
2026-07-31 04:04:27.238981,VIN-253752,2383,87,P0300,⚠️ CRITICAL DEVIATION DETECTED,2026-07-31 02:38:36.615931
2026-07-31 04:04:29.238981,VIN-305747,1919,104,P0300,⚠️ CRITICAL DEVIATION DETECTED,2026-07-31 02:38:36.621030
2026-07-31 04:04:31.238981,VIN-441426,1596,94,P0300,⚠️ CRITICAL DEVIATION DETECTED,2026-07-31 02:38:36.625237
2026-07-31 04:04:32.238981,VIN-347746,2366,93,P0171,⚠️ CRITICAL DEVIATION DETECTED,2026-07-31 02:38:36.630795
2026-07-31 04:04:38.238981,VIN-488625,1606,95,P0420,⚠️ CRITICAL DEVIATION DETECTED,2026-07-31 02:38:36.634082
2026-07-31 04:04:39.238981,VIN-174868,1862,88,P0420,⚠️ CRITICAL DEVIATION DETECTED,2026-07-31 02:38:36.636860
2026-07-31 04:04:40.238981,VIN-769415,3000,89,P0300,⚠️ CRITICAL DEVIATION DETECTED,2026-07-31 02:38:36.639802
2026-07-31 04:04:41.238981,VIN-275254,2112,94,P0420,⚠️ CRITICAL DEVIATION DETECTED,2026-07-31 02:38:36.644029
2026-07-31 04:04:43.238981,VIN-088177,2486,96,P0420,⚠️ CRITICAL DEVIATION DETECTED,2026-07-31 02:38:36.647651
2026-07-31 04:04:45.238981,VIN-402653,1783,100,P0300,⚠️ CRITICAL DEVIATION DETECTED,2026-07-31 02:38:36.652381
2026-07-31 04:04:47.238981,VIN-748983,1649,95,P0420,⚠️ CRITICAL DEVIATION DETECTED,2026-07-31 02:38:36.660986
2026-07-31 04:04:48.238981,VIN-361081,2019,105,P0420,⚠️ CRITICAL DEVIATION DETECTED,2026-07-31 02:38:36.665811
2026-07-31 04:04:49.238981,VIN-147108,2702,95,P0420,⚠️ CRITICAL DEVIATION DETECTED,2026-07-31 02:38:36.676144
2026-07-31 04:04:50.238981,VIN-734876,2580,97,P0420,⚠️ CRITICAL DEVIATION DETECTED,2026-07-31 02:38:36.679758
2026-07-31 04:04:55.238981,VIN-142342,2043,92,P0420,⚠️ CRITICAL DEVIATION DETECTED,2026-07-31 02:38:36.684053
2026-07-31 04:04:59.238981,VIN-412738,3294,105,P0300,⚠️ CRITICAL DEVIATION DETECTED,2026-07-31 02:38:36.688353
2026-07-31 04:05:00.238981,VIN-811236,2390,94,P0171,⚠️ CRITICAL DEVIATION DETECTED,2026-07-31 02:38:36.693513
2026-07-31 04:05:02.238981,VIN-665698,2500,100,P0171,⚠️ CRITICAL DEVIATION DETECTED,2026-07-31 02:38:36.697814
2026-07-31 04:05:03.238981,VIN-924479,2673,104,P0420,⚠️ CRITICAL DEVIATION DETECTED,2026-07-31 02:38:36.701507
2026-07-31 04:05:12.238981,VIN-154600,2009,97,P0171,⚠️ CRITICAL DEVIATION DETECTED,2026-07-31 02:38:36.705066
2026-07-31 04:05:15.238981,VIN-260959,3060,102,P0171,⚠️ CRITICAL DEVIATION DETECTED,2026-07-31 02:38:36.708542
2026-07-31 04:05:18.238981,VIN-058969,2842,93,P0171,⚠️ CRITICAL DEVIATION DETECTED,2026-07-31 02:38:36.712574
2026-07-31 04:05:19.238981,VIN-715770,1946,100,P0420,⚠️ CRITICAL DEVIATION DETECTED,2026-07-31 02:38:36.717138
2026-07-31 04:05:23.238981,VIN-790320,1843,94,P0171,⚠️ CRITICAL DEVIATION DETECTED,2026-07-31 02:38:36.721587
2026-07-31 04:05:25.238981,VIN-599167,3494,90,P0300,⚠️ CRITICAL DEVIATION DETECTED,2026-07-31 02:38:36.726788
2026-07-31 04:05:26.238981,VIN-630347,2090,89,P0420,⚠️ CRITICAL DEVIATION DETECTED,2026-07-31 02:38:36.730280
2026-07-31 04:05:27.238981,VIN-665521,2738,102,P0171,⚠️ CRITICAL DEVIATION DETECTED,2026-07-31 02:38:36.736613
2026-07-31 04:05:29.238981,VIN-701516,1759,89,P0171,⚠️ CRITICAL DEVIATION DETECTED,2026-07-31 02:38:36.739704
2026-07-31 04:05:30.238981,VIN-836929,1978,103,P0300,⚠️ CRITICAL DEVIATION DETECTED,2026-07-31 02:38:36.742904
2026-07-31 04:05:31.238981,VIN-135901,0,85,P0300,⚠️ CRITICAL DEVIATION DETECTED,2026-07-31 02:38:36.746348
2026-07-31 04:05:32.238981,VIN-670488,2322,101,P0420,⚠️ CRITICAL DEVIATION DETECTED,2026-07-31 02:38:36.749748
2026-07-31 04:05:33.238981,VIN-912910,2386,89,P0420,⚠️ CRITICAL DEVIATION DETECTED,2026-07-31 02:38:36.753950
2026-07-31 04:05:34.238981,VIN-721470,2914,87,P0171,⚠️ CRITICAL DEVIATION DETECTED,2026-07-31 02:38:36.758234
2026-07-31 04:05:39.238981,VIN-218375,2332,103,P0420,⚠️ CRITICAL DEVIATION DETECTED,2026-07-31 02:38:36.763960
2026-07-31 04:05:41.238981,VIN-081250,2489,86,P0300,⚠️ CRITICAL DEVIATION DETECTED,2026-07-31 02:38:36.766985
2026-07-31 04:05:42.238981,VIN-569886,0,103,P0300,⚠️ CRITICAL DEVIATION DETECTED,2026-07-31 02:38:36.770452
2026-07-31 04:05:45.238981,VIN-323668,2724,89,P0171,⚠️ CRITICAL DEVIATION DETECTED,2026-07-31 02:38:36.773647
2026-07-31 04:05:46.238981,VIN-219487,3356,85,P0420,⚠️ CRITICAL DEVIATION DETECTED,2026-07-31 02:38:36.776740
2026-07-31 04:05:48.238981,VIN-795093,2618,97,P0420,⚠️ CRITICAL DEVIATION DETECTED,2026-07-31 02:38:36.780073
2026-07-31 04:05:49.238981,VIN-223324,2321,103,P0171,⚠️ CRITICAL DEVIATION DETECTED,2026-07-31 02:38:36.782909
2026-07-31 04:05:51.238981,VIN-350296,3254,90,P0420,⚠️ CRITICAL DEVIATION DETECTED,2026-07-31 02:38:36.791740
2026-07-31 04:05:54.238981,VIN-668252,0,98,P0300,⚠️ CRITICAL DEVIATION DETECTED,2026-07-31 02:38:36.797039
2026-07-31 04:05:55.238981,VIN-176224,2057,93,P0420,⚠️ CRITICAL DEVIATION DETECTED,2026-07-31 02:38:36.801163
2026-07-31 04:05:58.238981,VIN-639183,2889,91,P0420,⚠️ CRITICAL DEVIATION DETECTED,2026-07-31 02:38:36.805003
2026-07-31 04:06:08.238981,VIN-456836,2286,85,P0171,⚠️ CRITICAL DEVIATION DETECTED,2026-07-31 02:38:36.807738
2026-07-31 04:06:09.238981,VIN-909953,3417,102,P0171,⚠️ CRITICAL DEVIATION DETECTED,2026-07-31 02:38:36.810809
2026-07-31 04:06:13.238981,VIN-876319,3049,88,P0420,⚠️ CRITICAL DEVIATION DETECTED,2026-07-31 02:38:36.814703
2026-07-31 04:06:17.238981,VIN-363165,2592,97,P0171,⚠️ CRITICAL DEVIATION DETECTED,2026-07-31 02:38:36.820653
2026-07-31 04:06:18.238981,VIN-488218,2287,87,P0171,⚠️ CRITICAL DEVIATION DETECTED,2026-07-31 02:38:36.829654
2026-07-31 04:06:19.238981,VIN-400631,1691,89,P0171,⚠️ CRITICAL DEVIATION DETECTED,2026-07-31 02:38:36.833444
2026-07-31 04:06:20.238981,VIN-270924,2848,85,P0420,⚠️ CRITICAL DEVIATION DETECTED,2026-07-31 02:38:36.837033
2026-07-31 04:06:21.238981,VIN-053355,2293,99,P0171,⚠️ CRITICAL DEVIATION DETECTED,2026-07-31 02:38:36.840457
2026-07-31 04:06:22.238981,VIN-474214,1772,94,P0300,⚠️ CRITICAL DEVIATION DETECTED,2026-07-31 02:38:36.843188
2026-07-31 04:06:23.238981,VIN-312119,3117,86,P0171,⚠️ CRITICAL DEVIATION DETECTED,2026-07-31 02:38:36.846083
2026-07-31 04:06:25.238981,VIN-061822,2071,98,P0171,⚠️ CRITICAL DEVIATION DETECTED,2026-07-31 02:38:36.849458
2026-07-31 04:06:28.238981,VIN-969858,2940,86,P0171,⚠️ CRITICAL DEVIATION DETECTED,2026-07-31 02:38:36.855339
2026-07-31 04:06:32.238981,VIN-083645,0,102,P0300,⚠️ CRITICAL DEVIATION DETECTED,2026-07-31 02:38:36.865911
2026-07-31 04:06:34.238981,VIN-860863,3044,91,P0420,⚠️ CRITICAL DEVIATION DETECTED,2026-07-31 02:38:36.869455
2026-07-31 04:06:35.238981,VIN-104299,2512,86,P0300,⚠️ CRITICAL DEVIATION DETECTED,2026-07-31 02:38:36.872833
2026-07-31 04:06:36.238981,VIN-283401,3144,99,P0420,⚠️ CRITICAL DEVIATION DETECTED,2026-07-31 02:38:36.875959
2026-07-31 04:06:37.238981,VIN-877553,1821,91,P0171,⚠️ CRITICAL DEVIATION DETECTED,2026-07-31 02:38:36.879374
2026-07-31 04:06:39.238981,VIN-955702,2927,105,P0300,⚠️ CRITICAL DEVIATION DETECTED,2026-07-31 02:38:36.882639
2026-07-31 04:06:40.238981,VIN-530350,2147,101,P0420,⚠️ CRITICAL DEVIATION DETECTED,2026-07-31 02:38:36.895709
2026-07-31 04:06:43.238981,VIN-748521,1836,98,P0420,⚠️ CRITICAL DEVIATION DETECTED,2026-07-31 02:38:36.901119
2026-07-31 04:06:44.238981,VIN-573193,2714,91,P0420,⚠️ CRITICAL DEVIATION DETECTED,2026-07-31 02:38:36.904286
2026-07-31 04:06:47.238981,VIN-501170,0,89,P0300,⚠️ CRITICAL DEVIATION DETECTED,2026-07-31 02:38:36.907088
2026-07-31 04:06:49.238981,VIN-763468,3387,101,P0300,⚠️ CRITICAL DEVIATION DETECTED,2026-07-31 02:38:36.910232
2026-07-31 04:06:52.238981,VIN-950918,2517,85,P0420,⚠️ CRITICAL DEVIATION DETECTED,2026-07-31 02:38:36.913688
2026-07-31 04:06:54.238981,VIN-426494,2990,102,P0300,⚠️ CRITICAL DEVIATION DETECTED,2026-07-31 02:38:36.916467
2026-07-31 04:06:56.238981,VIN-105089,1926,99,P0300,⚠️ CRITICAL DEVIATION DETECTED,2026-07-31 02:38:36.920746
2026-07-31 04:06:58.238981,VIN-945131,2826,90,P0300,⚠️ CRITICAL DEVIATION DETECTED,2026-07-31 02:38:36.924875
2026-07-31 04:07:00.238981,VIN-609384,2040,105,P0420,⚠️ CRITICAL DEVIATION DETECTED,2026-07-31 02:38:36.928280
2026-07-31 04:07:05.238981,VIN-986479,1849,104,P0171,⚠️ CRITICAL DEVIATION DETECTED,2026-07-31 02:38:36.931169
2026-07-31 04:07:06.238981,VIN-934423,3473,96,P0300,⚠️ CRITICAL DEVIATION DETECTED,2026-07-31 02:38:36.934123
2026-07-31 04:07:10.238981,VIN-205028,2345,101,P0300,⚠️ CRITICAL DEVIATION DETECTED,2026-07-31 02:38:36.937455
2026-07-31 04:07:11.238981,VIN-917156,1544,89,P0171,⚠️ CRITICAL DEVIATION DETECTED,2026-07-31 02:38:36.941108
2026-07-31 04:07:12.238981,VIN-739112,1732,98,P0300,⚠️ CRITICAL DEVIATION DETECTED,2026-07-31 02:38:36.943924
2026-07-31 04:07:14.238981,VIN-279546,3376,86,P0300,⚠️ CRITICAL DEVIATION DETECTED,2026-07-31 02:38:36.946705
2026-07-31 04:07:15.238981,VIN-498381,2881,93,P0300,⚠️ CRITICAL DEVIATION DETECTED,2026-07-31 02:38:36.949321
2026-07-31 04:07:17.238981,VIN-545584,1918,91,P0420,⚠️ CRITICAL DEVIATION DETECTED,2026-07-31 02:38:36.952907
2026-07-31 04:07:20.238981,VIN-926897,2696,100,P0420,⚠️ CRITICAL DEVIATION DETECTED,2026-07-31 02:38:36.957673
2026-07-31 04:07:22.238981,VIN-569649,1967,85,P0420,⚠️ CRITICAL DEVIATION DETECTED,2026-07-31 02:38:36.961299
2026-07-31 04:07:24.238981,VIN-568003,2560,99,P0300,⚠️ CRITICAL DEVIATION DETECTED,2026-07-31 02:38:36.964790
2026-07-31 04:07:26.238981,VIN-367703,2391,102,P0420,⚠️ CRITICAL DEVIATION DETECTED,2026-07-31 02:38:36.968712
2026-07-31 04:07:30.238981,VIN-614051,2749,104,P0420,⚠️ CRITICAL DEVIATION DETECTED,2026-07-31 02:38:36.972359
2026-07-31 04:07:31.238981,VIN-083864,2719,89,P0171,⚠️ CRITICAL DEVIATION DETECTED,2026-07-31 02:38:36.976537
2026-07-31 04:07:32.238981,VIN-818836,1720,90,P0300,⚠️ CRITICAL DEVIATION DETECTED,2026-07-31 02:38:36.990002
2026-07-31 04:07:34.238981,VIN-879535,2203,87,P0300,⚠️ CRITICAL DEVIATION DETECTED,2026-07-31 02:38:36.998860
2026-07-31 04:07:35.238981,VIN-840125,3402,98,P0171,⚠️ CRITICAL DEVIATION DETECTED,2026-07-31 02:38:37.002958
2026-07-31 04:07:38.238981,VIN-285552,0,89,P0171,⚠️ CRITICAL DEVIATION DETECTED,2026-07-31 02:38:37.006438
2026-07-31 04:07:39.238981,VIN-077952,2349,85,P0171,⚠️ CRITICAL DEVIATION DETECTED,2026-07-31 02:38:37.009980
2026-07-31 04:07:40.238981,VIN-961374,2705,90,P0420,⚠️ CRITICAL DEVIATION DETECTED,2026-07-31 02:38:37.013622
2026-07-31 04:07:41.238981,VIN-116333,2842,104,P0300,⚠️ CRITICAL DEVIATION DETECTED,2026-07-31 02:38:37.017212
2026-07-31 04:07:44.238981,VIN-881371,2303,89,P0420,⚠️ CRITICAL DEVIATION DETECTED,2026-07-31 02:38:37.027856
2026-07-31 04:07:45.238981,VIN-097516,1658,101,P0171,⚠️ CRITICAL DEVIATION DETECTED,2026-07-31 02:38:37.031656
2026-07-31 04:07:47.238981,VIN-278644,2874,86,P0420,⚠️ CRITICAL DEVIATION DETECTED,2026-07-31 02:38:37.035302
2026-07-31 04:07:48.238981,VIN-037020,1604,95,P0420,⚠️ CRITICAL DEVIATION DETECTED,2026-07-31 02:38:37.039358
2026-07-31 04:07:49.238981,VIN-398227,2083,93,P0420,⚠️ CRITICAL DEVIATION DETECTED,2026-07-31 02:38:37.043444
2026-07-31 04:07:50.238981,VIN-609683,3348,97,P0171,⚠️ CRITICAL DEVIATION DETECTED,2026-07-31 02:38:37.047360
2026-07-31 04:07:52.238981,VIN-913402,2108,88,P0420,⚠️ CRITICAL DEVIATION DETECTED,2026-07-31 02:38:37.050870
2026-07-31 04:08:00.238981,VIN-304898,3237,102,P0420,⚠️ CRITICAL DEVIATION DETECTED,2026-07-31 02:38:37.055709
2026-07-31 04:08:01.238981,VIN-136219,1530,90,P0300,⚠️ CRITICAL DEVIATION DETECTED,2026-07-31 02:38:37.060245
2026-07-31 04:08:02.238981,VIN-657629,2009,102,P0300,⚠️ CRITICAL DEVIATION DETECTED,2026-07-31 02:38:37.064692
2026-07-31 04:08:03.238981,VIN-763768,2375,93,P0420,⚠️ CRITICAL DEVIATION DETECTED,2026-07-31 02:38:37.067694
2026-07-31 04:08:04.238981,VIN-951244,2980,99,P0300,⚠️ CRITICAL DEVIATION DETECTED,2026-07-31 02:38:37.071114
2026-07-31 04:08:05.238981,VIN-943721,2688,104,P0420,⚠️ CRITICAL DEVIATION DETECTED,2026-07-31 02:38:37.074417
2026-07-31 04:08:06.238981,VIN-058108,3412,101,P0420,⚠️ CRITICAL DEVIATION DETECTED,2026-07-31 02:38:37.078258
2026-07-31 04:08:08.238981,VIN-640305,3475,95,P0300,⚠️ CRITICAL DEVIATION DETECTED,2026-07-31 02:38:37.081824
2026-07-31 04:08:10.238981,VIN-890229,0,93,P0171,⚠️ CRITICAL DEVIATION DETECTED,2026-07-31 02:38:37.085153
2026-07-31 04:08:12.238981,VIN-355434,1858,90,P0420,⚠️ CRITICAL DEVIATION DETECTED,2026-07-31 02:38:37.090430
2026-07-31 04:08:13.238981,VIN-163860,3033,85,P0300,⚠️ CRITICAL DEVIATION DETECTED,2026-07-31 02:38:37.094240
2026-07-31 04:08:16.238981,VIN-763013,3315,103,P0171,⚠️ CRITICAL DEVIATION DETECTED,2026-07-31 02:38:37.097857
2026-07-31 04:08:18.238981,VIN-331206,3214,99,P0420,⚠️ CRITICAL DEVIATION DETECTED,2026-07-31 02:38:37.102026
2026-07-31 04:08:20.238981,VIN-367562,2241,90,P0420,⚠️ CRITICAL DEVIATION DETECTED,2026-07-31 02:38:37.105404
2026-07-31 04:08:23.238981,VIN-598816,2481,90,P0171,⚠️ CRITICAL DEVIATION DETECTED,2026-07-31 02:38:37.108618
2026-07-31 04:08:25.238981,VIN-777578,1546,95,P0171,⚠️ CRITICAL DEVIATION DETECTED,2026-07-31 02:38:37.111565
2026-07-31 04:08:26.238981,VIN-866134,1552,101,P0420,⚠️ CRITICAL DEVIATION DETECTED,2026-07-31 02:38:37.114817
2026-07-31 04:08:27.238981,VIN-053760,3134,97,P0171,⚠️ CRITICAL DEVIATION DETECTED,2026-07-31 02:38:37.117981
2026-07-31 04:08:28.238981,VIN-423916,3153,99,P0300,⚠️ CRITICAL DEVIATION DETECTED,2026-07-31 02:38:37.122233
2026-07-31 04:08:31.238981,VIN-648052,2436,87,P0171,⚠️ CRITICAL DEVIATION DETECTED,2026-07-31 02:38:37.125733
2026-07-31 04:08:33.238981,VIN-324854,2112,96,P0420,⚠️ CRITICAL DEVIATION DETECTED,2026-07-31 02:38:37.130101
2026-07-31 04:08:36.238981,VIN-099528,3256,93,P0300,⚠️ CRITICAL DEVIATION DETECTED,2026-07-31 02:38:37.133649
2026-07-31 04:08:38.238981,VIN-744025,3449,97,P0420,⚠️ CRITICAL DEVIATION DETECTED,2026-07-31 02:38:37.136947
2026-07-31 04:08:41.238981,VIN-621264,1802,87,P0171,⚠️ CRITICAL DEVIATION DETECTED,2026-07-31 02:38:37.140052
2026-07-31 04:08:44.238981,VIN-568141,1561,96,P0300,⚠️ CRITICAL DEVIATION DETECTED,2026-07-31 02:38:37.143345
2026-07-31 04:08:45.238981,VIN-398972,3280,90,P0420,⚠️ CRITICAL DEVIATION DETECTED,2026-07-31 02:38:37.148031
2026-07-31 04:08:46.238981,VIN-117731,2149,101,P0171,⚠️ CRITICAL DEVIATION DETECTED,2026-07-31 02:38:37.152101
2026-07-31 04:08:47.238981,VIN-469072,1830,101,P0300,⚠️ CRITICAL DEVIATION DETECTED,2026-07-31 02:38:37.157008
2026-07-31 04:08:49.238981,VIN-953050,1624,85,P0420,⚠️ CRITICAL DEVIATION DETECTED,2026-07-31 02:38:37.162191
2026-07-31 04:08:50.238981,VIN-545850,2217,93,P0171,⚠️ CRITICAL DEVIATION DETECTED,2026-07-31 02:38:37.165459
2026-07-31 04:08:54.238981,VIN-929842,3001,91,P0300,⚠️ CRITICAL DEVIATION DETECTED,2026-07-31 02:38:37.168045
2026-07-31 04:08:57.238981,VIN-621429,2106,102,P0300,⚠️ CRITICAL DEVIATION DETECTED,2026-07-31 02:38:37.171142
2026-07-31 04:08:58.238981,VIN-781572,3349,101,P0300,⚠️ CRITICAL DEVIATION DETECTED,2026-07-31 02:38:37.174016
2026-07-31 04:09:00.238981,VIN-478231,3381,91,P0300,⚠️ CRITICAL DEVIATION DETECTED,2026-07-31 02:38:37.177201
2026-07-31 04:09:01.238981,VIN-464641,0,96,P0420,⚠️ CRITICAL DEVIATION DETECTED,2026-07-31 02:38:37.181210
2026-07-31 04:09:02.238981,VIN-129956,3458,104,P0300,⚠️ CRITICAL DEVIATION DETECTED,2026-07-31 02:38:37.184247
2026-07-31 04:09:06.238981,VIN-144630,2422,103,P0171,⚠️ CRITICAL DEVIATION DETECTED,2026-07-31 02:38:37.189476
2026-07-31 04:09:11.238981,VIN-240035,3103,102,P0171,⚠️ CRITICAL DEVIATION DETECTED,2026-07-31 02:38:37.192881
2026-07-31 04:09:14.238981,VIN-912702,1658,99,P0300,⚠️ CRITICAL DEVIATION DETECTED,2026-07-31 02:38:37.196113
2026-07-31 04:09:16.238981,VIN-057439,2131,103,P0420,⚠️ CRITICAL DEVIATION DETECTED,2026-07-31 02:38:37.200920
2026-07-31 04:09:17.238981,VIN-539569,1941,102,P0171,⚠️ CRITICAL DEVIATION DETECTED,2026-07-31 02:38:37.204630
2026-07-31 04:09:20.238981,VIN-186214,0,99,P0300,⚠️ CRITICAL DEVIATION DETECTED,2026-07-31 02:38:37.208754
2026-07-31 04:09:22.238981,VIN-257737,2322,105,P0171,⚠️ CRITICAL DEVIATION DETECTED,2026-07-31 02:38:37.212647
2026-07-31 04:09:28.238981,VIN-204560,3441,91,P0300,⚠️ CRITICAL DEVIATION DETECTED,2026-07-31 02:38:37.216930
2026-07-31 04:09:32.238981,VIN-388136,0,89,P0300,⚠️ CRITICAL DEVIATION DETECTED,2026-07-31 02:38:37.223022
2026-07-31 04:09:36.238981,VIN-592165,2900,99,P0420,⚠️ CRITICAL DEVIATION DETECTED,2026-07-31 02:38:37.227134
2026-07-31 04:09:37.238981,VIN-999601,1501,101,P0171,⚠️ CRITICAL DEVIATION DETECTED,2026-07-31 02:38:37.230191
2026-07-31 04:09:38.238981,VIN-890746,2416,95,P0300,⚠️ CRITICAL DEVIATION DETECTED,2026-07-31 02:38:37.235260
2026-07-31 04:09:43.238981,VIN-384188,1879,99,P0420,⚠️ CRITICAL DEVIATION DETECTED,2026-07-31 02:38:37.239085
2026-07-31 04:09:44.238981,VIN-840684,2177,105,P0300,⚠️ CRITICAL DEVIATION DETECTED,2026-07-31 02:38:37.242657
2026-07-31 04:09:45.238981,VIN-122939,2079,103,P0420,⚠️ CRITICAL DEVIATION DETECTED,2026-07-31 02:38:37.246483
2026-07-31 04:09:46.238981,VIN-118619,2647,103,P0171,⚠️ CRITICAL DEVIATION DETECTED,2026-07-31 02:38:37.249963
2026-07-31 04:09:47.238981,VIN-417434,0,93,P0300,⚠️ CRITICAL DEVIATION DETECTED,2026-07-31 02:38:37.254197
2026-07-31 04:09:49.238981,VIN-038316,2535,89,P0300,⚠️ CRITICAL DEVIATION DETECTED,2026-07-31 02:38:37.273135
2026-07-31 04:09:50.238981,VIN-065181,1870,86,P0420,⚠️ CRITICAL DEVIATION DETECTED,2026-07-31 02:38:37.285793
2026-07-31 04:09:51.238981,VIN-514115,2091,103,P0171,⚠️ CRITICAL DEVIATION DETECTED,2026-07-31 02:38:37.307543
2026-07-31 04:09:54.238981,VIN-182030,2994,105,P0300,⚠️ CRITICAL DEVIATION DETECTED,2026-07-31 02:38:37.313717
2026-07-31 04:09:55.238981,VIN-743162,2225,85,P0420,⚠️ CRITICAL DEVIATION DETECTED,2026-07-31 02:38:37.322176
2026-07-31 04:09:57.238981,VIN-450186,2730,87,P0300,⚠️ CRITICAL DEVIATION DETECTED,2026-07-31 02:38:37.338815
2026-07-31 04:09:58.238981,VIN-242668,1609,98,P0171,⚠️ CRITICAL DEVIATION DETECTED,2026-07-31 02:38:37.342067
2026-07-31 04:09:59.238981,VIN-082404,2180,101,P0420,⚠️ CRITICAL DEVIATION DETECTED,2026-07-31 02:38:37.344877
2026-07-31 04:10:06.238981,VIN-385149,1959,91,P0171,⚠️ CRITICAL DEVIATION DETECTED,2026-07-31 02:38:37.347947
2026-07-31 04:10:07.238981,VIN-089337,2886,95,P0420,⚠️ CRITICAL DEVIATION DETECTED,2026-07-31 02:38:37.351028
2026-07-31 04:10:09.238981,VIN-724929,2039,102,P0300,⚠️ CRITICAL DEVIATION DETECTED,2026-07-31 02:38:37.357267
2026-07-31 04:10:12.238981,VIN-662014,2793,101,P0171,⚠️ CRITICAL DEVIATION DETECTED,2026-07-31 02:38:37.366424
2026-07-31 04:10:13.238981,VIN-645458,1640,98,P0420,⚠️ CRITICAL DEVIATION DETECTED,2026-07-31 02:38:37.372866
2026-07-31 04:10:16.238981,VIN-281832,3409,89,P0420,⚠️ CRITICAL DEVIATION DETECTED,2026-07-31 02:38:37.377310
2026-07-31 04:10:19.238981,VIN-089837,3185,95,P0420,⚠️ CRITICAL DEVIATION DETECTED,2026-07-31 02:38:37.380559
2026-07-31 04:10:25.238981,VIN-265103,1935,102,P0300,⚠️ CRITICAL DEVIATION DETECTED,2026-07-31 02:38:37.383928
2026-07-31 04:10:32.238981,VIN-869017,3499,96,P0420,⚠️ CRITICAL DEVIATION DETECTED,2026-07-31 02:38:37.401344
2026-07-31 04:10:34.238981,VIN-314611,1653,89,P0171,⚠️ CRITICAL DEVIATION DETECTED,2026-07-31 02:38:37.405618
2026-07-31 04:10:35.238981,VIN-354025,2655,86,P0420,⚠️ CRITICAL DEVIATION DETECTED,2026-07-31 02:38:37.408391
2026-07-31 04:10:37.238981,VIN-317526,2558,88,P0171,⚠️ CRITICAL DEVIATION DETECTED,2026-07-31 02:38:37.411753
2026-07-31 04:10:40.238981,VIN-249401,2256,87,P0420,⚠️ CRITICAL DEVIATION DETECTED,2026-07-31 02:38:37.415512
2026-07-31 04:10:41.238981,VIN-958289,2563,94,P0300,⚠️ CRITICAL DEVIATION DETECTED,2026-07-31 02:38:37.422127
2026-07-31 04:10:42.238981,VIN-748737,2600,100,P0300,⚠️ CRITICAL DEVIATION DETECTED,2026-07-31 02:38:37.431612
2026-07-31 04:10:44.238981,VIN-340205,3213,95,P0171,⚠️ CRITICAL DEVIATION DETECTED,2026-07-31 02:38:37.435071
2026-07-31 04:10:47.238981,VIN-833431,2264,99,P0420,⚠️ CRITICAL DEVIATION DETECTED,2026-07-31 02:38:37.438700
2026-07-31 04:10:52.238981,VIN-413256,2199,96,P0171,⚠️ CRITICAL DEVIATION DETECTED,2026-07-31 02:38:37.442869
2026-07-31 04:10:53.238981,VIN-232213,2945,95,P0300,⚠️ CRITICAL DEVIATION DETECTED,2026-07-31 02:38:37.449652
2026-07-31 04:10:56.238981,VIN-684313,2569,98,P0420,⚠️ CRITICAL DEVIATION DETECTED,2026-07-31 02:38:37.460609
2026-07-31 04:10:57.238981,VIN-315875,2065,96,P0420,⚠️ CRITICAL DEVIATION DETECTED,2026-07-31 02:38:37.467747
2026-07-31 04:11:00.238981,VIN-067939,2926,99,P0171,⚠️ CRITICAL DEVIATION DETECTED,2026-07-31 02:38:37.471069
2026-07-31 04:11:01.238981,VIN-630608,3135,96,P0171,⚠️ CRITICAL DEVIATION DETECTED,2026-07-31 02:38:37.474307
2026-07-31 04:11:02.238981,VIN-284574,3376,90,P0171,⚠️ CRITICAL DEVIATION DETECTED,2026-07-31 02:38:37.478692
2026-07-31 04:11:04.238981,VIN-706070,1585,105,P0300,⚠️ CRITICAL DEVIATION DETECTED,2026-07-31 02:38:37.482000
2026-07-31 04:11:05.238981,VIN-853780,2789,99,P0420,⚠️ CRITICAL DEVIATION DETECTED,2026-07-31 02:38:37.486259
2026-07-31 04:11:06.238981,VIN-286683,3395,90,P0300,⚠️ CRITICAL DEVIATION DETECTED,2026-07-31 02:38:37.506359
2026-07-31 04:11:07.238981,VIN-092620,1582,100,P0420,⚠️ CRITICAL DEVIATION DETECTED,2026-07-31 02:38:37.510035
2026-07-31 04:11:10.238981,VIN-703399,1677,97,P0171,⚠️ CRITICAL DEVIATION DETECTED,2026-07-31 02:38:37.514362
2026-07-31 04:11:11.238981,VIN-480675,2938,96,P0171,⚠️ CRITICAL DEVIATION DETECTED,2026-07-31 02:38:37.521036
2026-07-31 04:11:18.238981,VIN-104479,1697,95,P0300,⚠️ CRITICAL DEVIATION DETECTED,2026-07-31 02:38:37.530513
2026-07-31 04:11:19.238981,VIN-146095,2689,90,P0420,⚠️ CRITICAL DEVIATION DETECTED,2026-07-31 02:38:37.534899
2026-07-31 04:11:23.238981,VIN-293300,0,87,P0171,⚠️ CRITICAL DEVIATION DETECTED,2026-07-31 02:38:37.538924
2026-07-31 04:11:27.238981,VIN-601844,2455,102,P0171,⚠️ CRITICAL DEVIATION DETECTED,2026-07-31 02:38:37.542589
2026-07-31 04:11:28.238981,VIN-500318,1860,91,P0300,⚠️ CRITICAL DEVIATION DETECTED,2026-07-31 02:38:37.546356
2026-07-31 04:11:29.238981,VIN-322280,0,95,P0300,⚠️ CRITICAL DEVIATION DETECTED,2026-07-31 02:38:37.549514
2026-07-31 04:11:35.238981,VIN-702270,2070,94,P0300,⚠️ CRITICAL DEVIATION DETECTED,2026-07-31 02:38:37.560933
2026-07-31 04:11:40.238981,VIN-246919,2542,90,P0300,⚠️ CRITICAL DEVIATION DETECTED,2026-07-31 02:38:37.565968
2026-07-31 04:11:43.238981,VIN-323335,2331,86,P0171,⚠️ CRITICAL DEVIATION DETECTED,2026-07-31 02:38:37.573618
2026-07-31 04:11:46.238981,VIN-289082,2635,92,P0300,⚠️ CRITICAL DEVIATION DETECTED,2026-07-31 02:38:37.583056
2026-07-31 04:11:49.238981,VIN-764317,2204,96,P0300,⚠️ CRITICAL DEVIATION DETECTED,2026-07-31 02:38:37.605668
2026-07-31 04:11:51.238981,VIN-597448,3452,93,P0420,⚠️ CRITICAL DEVIATION DETECTED,2026-07-31 02:38:37.609974
2026-07-31 04:11:53.238981,VIN-507102,2346,87,P0171,⚠️ CRITICAL DEVIATION DETECTED,2026-07-31 02:38:37.614908
2026-07-31 04:11:56.238981,VIN-966288,2906,93,P0171,⚠️ CRITICAL DEVIATION DETECTED,2026-07-31 02:38:37.633839
2026-07-31 04:11:57.238981,VIN-799898,1852,99,P0300,⚠️ CRITICAL DEVIATION DETECTED,2026-07-31 02:38:37.643748
2026-07-31 04:11:58.238981,VIN-175351,2812,91,P0171,⚠️ CRITICAL DEVIATION DETECTED,2026-07-31 02:38:37.647547
2026-07-31 04:11:59.238981,VIN-418782,2002,96,P0300,⚠️ CRITICAL DEVIATION DETECTED,2026-07-31 02:38:37.651247
2026-07-31 04:12:00.238981,VIN-427474,3329,104,P0420,⚠️ CRITICAL DEVIATION DETECTED,2026-07-31 02:38:37.669208
2026-07-31 04:12:03.238981,VIN-628212,0,91,P0300,⚠️ CRITICAL DEVIATION DETECTED,2026-07-31 02:38:37.676696
2026-07-31 04:12:04.238981,VIN-537308,3001,92,P0420,⚠️ CRITICAL DEVIATION DETECTED,2026-07-31 02:38:37.693925
2026-07-31 04:12:06.238981,VIN-846509,0,87,P0420,⚠️ CRITICAL DEVIATION DETECTED,2026-07-31 02:38:37.701860
2026-07-31 04:12:07.238981,VIN-626539,3460,105,P0420,⚠️ CRITICAL DEVIATION DETECTED,2026-07-31 02:38:37.723516
2026-07-31 04:12:08.238981,VIN-049451,2494,91,P0420,⚠️ CRITICAL DEVIATION DETECTED,2026-07-31 02:38:37.734075
2026-07-31 04:12:09.238981,VIN-158621,1935,92,P0300,⚠️ CRITICAL DEVIATION DETECTED,2026-07-31 02:38:37.741014
2026-07-31 04:12:13.238981,VIN-966568,1879,86,P0420,⚠️ CRITICAL DEVIATION DETECTED,2026-07-31 02:38:37.744583
2026-07-31 04:12:14.238981,VIN-757781,2011,94,P0171,⚠️ CRITICAL DEVIATION DETECTED,2026-07-31 02:38:37.748560
2026-07-31 04:12:15.238981,VIN-833263,2243,91,P0171,⚠️ CRITICAL DEVIATION DETECTED,2026-07-31 02:38:37.752858
2026-07-31 04:12:16.238981,VIN-803991,3067,89,P0300,⚠️ CRITICAL DEVIATION DETECTED,2026-07-31 02:38:37.773154
2026-07-31 04:12:17.238981,VIN-071688,1645,85,P0300,⚠️ CRITICAL DEVIATION DETECTED,2026-07-31 02:38:37.777224
2026-07-31 04:12:19.238981,VIN-048421,2614,96,P0300,⚠️ CRITICAL DEVIATION DETECTED,2026-07-31 02:38:37.780764
2026-07-31 04:12:20.238981,VIN-848213,2898,104,P0420,⚠️ CRITICAL DEVIATION DETECTED,2026-07-31 02:38:37.783942
2026-07-31 04:12:23.238981,VIN-381463,1602,96,P0300,⚠️ CRITICAL DEVIATION DETECTED,2026-07-31 02:38:37.789118
2026-07-31 04:12:25.238981,VIN-308519,0,95,P0300,⚠️ CRITICAL DEVIATION DETECTED,2026-07-31 02:38:37.800470
2026-07-31 04:12:27.238981,VIN-649678,2592,104,P0300,⚠️ CRITICAL DEVIATION DETECTED,2026-07-31 02:38:37.806447
2026-07-31 04:12:28.238981,VIN-708668,2176,100,P0300,⚠️ CRITICAL DEVIATION DETECTED,2026-07-31 02:38:37.812701
2026-07-31 04:12:34.238981,VIN-372077,2966,96,P0171,⚠️ CRITICAL DEVIATION DETECTED,2026-07-31 02:38:37.816300
2026-07-31 04:12:41.238981,VIN-576353,2766,97,P0171,⚠️ CRITICAL DEVIATION DETECTED,2026-07-31 02:38:37.820336
2026-07-31 04:12:43.238981,VIN-623230,2596,93,P0171,⚠️ CRITICAL DEVIATION DETECTED,2026-07-31 02:38:37.825331
2026-07-31 04:12:44.238981,VIN-010185,2775,97,P0171,⚠️ CRITICAL DEVIATION DETECTED,2026-07-31 02:38:37.832634
2026-07-31 04:12:45.238981,VIN-262589,2221,95,P0300,⚠️ CRITICAL DEVIATION DETECTED,2026-07-31 02:38:37.836236
2026-07-31 04:12:47.238981,VIN-696914,3019,101,P0300,⚠️ CRITICAL DEVIATION DETECTED,2026-07-31 02:38:37.839669
2026-07-31 04:12:48.238981,VIN-890834,1563,85,P0300,⚠️ CRITICAL DEVIATION DETECTED,2026-07-31 02:38:37.842761
2026-07-31 04:12:49.238981,VIN-902911,1578,95,P0300,⚠️ CRITICAL DEVIATION DETECTED,2026-07-31 02:38:37.850650
2026-07-31 04:12:50.238981,VIN-034792,2990,88,P0300,⚠️ CRITICAL DEVIATION DETECTED,2026-07-31 02:38:37.862029
2026-07-31 04:12:51.238981,VIN-850016,3073,90,P0300,⚠️ CRITICAL DEVIATION DETECTED,2026-07-31 02:38:37.869812
2026-07-31 04:12:53.238981,VIN-148535,2237,105,P0300,⚠️ CRITICAL DEVIATION DETECTED,2026-07-31 02:38:37.872929
2026-07-31 04:12:54.238981,VIN-473845,3282,101,P0420,⚠️ CRITICAL DEVIATION DETECTED,2026-07-31 02:38:37.876194
2026-07-31 04:12:55.238981,VIN-189864,2648,87,P0420,⚠️ CRITICAL DEVIATION DETECTED,2026-07-31 02:38:37.879598
2026-07-31 04:12:57.238981,VIN-953116,2603,102,P0300,⚠️ CRITICAL DEVIATION DETECTED,2026-07-31 02:38:37.883192
2026-07-31 04:13:01.238981,VIN-302159,2137,88,P0300,⚠️ CRITICAL DEVIATION DETECTED,2026-07-31 02:38:37.896626
2026-07-31 04:13:03.238981,VIN-604167,2169,97,P0300,⚠️ CRITICAL DEVIATION DETECTED,2026-07-31 02:38:37.906793
2026-07-31 04:13:04.238981,VIN-391778,2652,91,P0420,⚠️ CRITICAL DEVIATION DETECTED,2026-07-31 02:38:37.910816
2026-07-31 04:13:06.238981,VIN-700198,3249,100,P0171,⚠️ CRITICAL DEVIATION DETECTED,2026-07-31 02:38:37.914346
2026-07-31 04:13:07.238981,VIN-521598,2734,92,P0171,⚠️ CRITICAL DEVIATION DETECTED,2026-07-31 02:38:37.917291
2026-07-31 04:13:08.238981,VIN-582284,1541,105,P0171,⚠️ CRITICAL DEVIATION DETECTED,2026-07-31 02:38:37.924230
2026-07-31 04:13:09.238981,VIN-441194,2282,92,P0420,⚠️ CRITICAL DEVIATION DETECTED,2026-07-31 02:38:37.932207
2026-07-31 04:13:10.238981,VIN-268086,1763,101,P0420,⚠️ CRITICAL DEVIATION DETECTED,2026-07-31 02:38:37.936168
2026-07-31 04:13:13.238981,VIN-031888,1657,86,P0300,⚠️ CRITICAL DEVIATION DETECTED,2026-07-31 02:38:37.941937
2026-07-31 04:13:14.238981,VIN-455123,2580,94,P0420,⚠️ CRITICAL DEVIATION DETECTED,2026-07-31 02:38:37.945261
2026-07-31 04:13:15.238981,VIN-568858,2515,104,P0171,⚠️ CRITICAL DEVIATION DETECTED,2026-07-31 02:38:37.949467
2026-07-31 04:13:16.238981,VIN-311119,3024,95,P0171,⚠️ CRITICAL DEVIATION DETECTED,2026-07-31 02:38:37.959300
2026-07-31 04:13:19.238981,VIN-741697,0,86,P0300,⚠️ CRITICAL DEVIATION DETECTED,2026-07-31 02:38:37.970067
2026-07-31 04:13:20.238981,VIN-614800,3102,101,P0171,⚠️ CRITICAL DEVIATION DETECTED,2026-07-31 02:38:37.973429
2026-07-31 04:13:21.238981,VIN-501554,1869,86,P0420,⚠️ CRITICAL DEVIATION DETECTED,2026-07-31 02:38:37.977518
2026-07-31 04:13:22.238981,VIN-893292,2015,88,P0300,⚠️ CRITICAL DEVIATION DETECTED,2026-07-31 02:38:37.981374
2026-07-31 04:13:27.238981,VIN-416081,3434,94,P0420,⚠️ CRITICAL DEVIATION DETECTED,2026-07-31 02:38:37.984886
2026-07-31 04:13:32.238981,VIN-334588,2733,85,P0171,⚠️ CRITICAL DEVIATION DETECTED,2026-07-31 02:38:37.991860
2026-07-31 04:13:34.238981,VIN-644207,2212,98,P0171,⚠️ CRITICAL DEVIATION DETECTED,2026-07-31 02:38:37.998669
2026-07-31 04:13:35.238981,VIN-821546,3037,97,P0420,⚠️ CRITICAL DEVIATION DETECTED,2026-07-31 02:38:38.003673
2026-07-31 04:13:38.238981,VIN-629750,1832,105,P0420,⚠️ CRITICAL DEVIATION DETECTED,2026-07-31 02:38:38.007213
2026-07-31 04:13:39.238981,VIN-816856,2278,91,P0171,⚠️ CRITICAL DEVIATION DETECTED,2026-07-31 02:38:38.011123
2026-07-31 04:13:42.238981,VIN-379102,1751,97,P0171,⚠️ CRITICAL DEVIATION DETECTED,2026-07-31 02:38:38.014340
2026-07-31 04:13:44.238981,VIN-728182,2754,99,P0420,⚠️ CRITICAL DEVIATION DETECTED,2026-07-31 02:38:38.018620
2026-07-31 04:13:45.238981,VIN-589199,2183,87,P0420,⚠️ CRITICAL DEVIATION DETECTED,2026-07-31 02:38:38.032036
2026-07-31 04:13:47.238981,VIN-220919,2219,102,P0420,⚠️ CRITICAL DEVIATION DETECTED,2026-07-31 02:38:38.040826
2026-07-31 04:13:50.238981,VIN-469407,1836,94,P0300,⚠️ CRITICAL DEVIATION DETECTED,2026-07-31 02:38:38.044826
2026-07-31 04:13:51.238981,VIN-114901,1753,89,P0171,⚠️ CRITICAL DEVIATION DETECTED,2026-07-31 02:38:38.048278
2026-07-31 04:13:56.238981,VIN-769221,2900,95,P0300,⚠️ CRITICAL DEVIATION DETECTED,2026-07-31 02:38:38.051194
2026-07-31 04:13:57.238981,VIN-789602,2617,102,P0420,⚠️ CRITICAL DEVIATION DETECTED,2026-07-31 02:38:38.061636
2026-07-31 04:13:58.238981,VIN-321256,3406,94,P0171,⚠️ CRITICAL DEVIATION DETECTED,2026-07-31 02:38:38.069769
2026-07-31 04:14:01.238981,VIN-750187,2285,105,P0171,⚠️ CRITICAL DEVIATION DETECTED,2026-07-31 02:38:38.072917
2026-07-31 04:14:02.238981,VIN-821983,1701,88,P0300,⚠️ CRITICAL DEVIATION DETECTED,2026-07-31 02:38:38.076172
2026-07-31 04:14:11.238981,VIN-709950,2255,92,P0300,⚠️ CRITICAL DEVIATION DETECTED,2026-07-31 02:38:38.080319
2026-07-31 04:14:14.238981,VIN-239069,1946,87,P0300,⚠️ CRITICAL DEVIATION DETECTED,2026-07-31 02:38:38.103265
2026-07-31 04:14:15.238981,VIN-976458,2116,90,P0420,⚠️ CRITICAL DEVIATION DETECTED,2026-07-31 02:38:38.107745
2026-07-31 04:14:16.238981,VIN-045286,3458,98,P0171,⚠️ CRITICAL DEVIATION DETECTED,2026-07-31 02:38:38.111548
2026-07-31 04:14:21.238981,VIN-718979,0,93,P0420,⚠️ CRITICAL DEVIATION DETECTED,2026-07-31 02:38:38.115456
2026-07-31 04:14:27.238981,VIN-508854,1754,104,P0420,⚠️ CRITICAL DEVIATION DETECTED,2026-07-31 02:38:38.118781
2026-07-31 04:14:28.238981,VIN-606806,3352,89,P0420,⚠️ CRITICAL DEVIATION DETECTED,2026-07-31 02:38:38.135535
2026-07-31 04:14:32.238981,VIN-925486,2361,88,P0420,⚠️ CRITICAL DEVIATION DETECTED,2026-07-31 02:38:38.145995
2026-07-31 04:14:36.238981,VIN-471162,2313,102,P0300,⚠️ CRITICAL DEVIATION DETECTED,2026-07-31 02:38:38.149904
2026-07-31 04:14:38.238981,VIN-165156,2275,101,P0420,⚠️ CRITICAL DEVIATION DETECTED,2026-07-31 02:38:38.159361
2026-07-31 04:14:41.238981,VIN-128032,1851,87,P0171,⚠️ CRITICAL DEVIATION DETECTED,2026-07-31 02:38:38.169741
2026-07-31 04:14:42.238981,VIN-620263,2332,92,P0300,⚠️ CRITICAL DEVIATION DETECTED,2026-07-31 02:38:38.174927
2026-07-31 04:14:44.238981,VIN-792182,2953,103,P0171,⚠️ CRITICAL DEVIATION DETECTED,2026-07-31 02:38:38.180140
2026-07-31 04:14:45.238981,VIN-872886,2434,85,P0420,⚠️ CRITICAL DEVIATION DETECTED,2026-07-31 02:38:38.186543
2026-07-31 04:14:47.238981,VIN-447800,1956,95,P0171,⚠️ CRITICAL DEVIATION DETECTED,2026-07-31 02:38:38.192009
2026-07-31 04:14:53.238981,VIN-807125,1576,91,P0171,⚠️ CRITICAL DEVIATION DETECTED,2026-07-31 02:38:38.209844
2026-07-31 04:14:55.238981,VIN-481488,1883,97,P0420,⚠️ CRITICAL DEVIATION DETECTED,2026-07-31 02:38:38.216276
2026-07-31 04:14:57.238981,VIN-109878,2983,105,P0300,⚠️ CRITICAL DEVIATION DETECTED,2026-07-31 02:38:38.228700
2026-07-31 04:14:59.238981,VIN-127366,2904,92,P0420,⚠️ CRITICAL DEVIATION DETECTED,2026-07-31 02:38:38.239243
2026-07-31 04:15:00.238981,VIN-955428,3293,92,P0420,⚠️ CRITICAL DEVIATION DETECTED,2026-07-31 02:38:38.245214
2026-07-31 04:15:02.238981,VIN-060810,3091,85,P0171,⚠️ CRITICAL DEVIATION DETECTED,2026-07-31 02:38:38.264317
2026-07-31 04:15:04.238981,VIN-529727,1693,102,P0171,⚠️ CRITICAL DEVIATION DETECTED,2026-07-31 02:38:38.274805
2026-07-31 04:15:05.238981,VIN-407757,2364,97,P0300,⚠️ CRITICAL DEVIATION DETECTED,2026-07-31 02:38:38.279309
2026-07-31 04:15:06.238981,VIN-650203,3442,91,P0300,⚠️ CRITICAL DEVIATION DETECTED,2026-07-31 02:38:38.288009
2026-07-31 04:15:09.238981,VIN-042844,2906,85,P0300,⚠️ CRITICAL DEVIATION DETECTED,2026-07-31 02:38:38.301106
2026-07-31 04:15:14.238981,VIN-801716,2622,103,P0171,⚠️ CRITICAL DEVIATION DETECTED,2026-07-31 02:38:38.307430
2026-07-31 04:15:18.238981,VIN-079887,0,92,P0171,⚠️ CRITICAL DEVIATION DETECTED,2026-07-31 02:38:38.312396
2026-07-31 04:15:19.238981,VIN-947887,2612,101,P0420,⚠️ CRITICAL DEVIATION DETECTED,2026-07-31 02:38:38.318336
2026-07-31 04:15:21.238981,VIN-051094,2615,89,P0420,⚠️ CRITICAL DEVIATION DETECTED,2026-07-31 02:38:38.324169
2026-07-31 04:15:22.238981,VIN-875081,1701,90,P0420,⚠️ CRITICAL DEVIATION DETECTED,2026-07-31 02:38:38.333272
2026-07-31 04:15:24.238981,VIN-394423,2132,90,P0420,⚠️ CRITICAL DEVIATION DETECTED,2026-07-31 02:38:38.337605
2026-07-31 04:15:25.238981,VIN-702609,3124,88,P0171,⚠️ CRITICAL DEVIATION DETECTED,2026-07-31 02:38:38.342423
2026-07-31 04:15:26.238981,VIN-691608,3226,100,P0420,⚠️ CRITICAL DEVIATION DETECTED,2026-07-31 02:38:38.349794
2026-07-31 04:15:29.238981,VIN-709682,1741,98,P0420,⚠️ CRITICAL DEVIATION DETECTED,2026-07-31 02:38:38.356714
2026-07-31 04:15:30.238981,VIN-439612,2580,104,P0300,⚠️ CRITICAL DEVIATION DETECTED,2026-07-31 02:38:38.361853
2026-07-31 04:15:33.238981,VIN-456749,2133,105,P0420,⚠️ CRITICAL DEVIATION DETECTED,2026-07-31 02:38:38.371189
2026-07-31 04:15:34.238981,VIN-538837,2369,95,P0300,⚠️ CRITICAL DEVIATION DETECTED,2026-07-31 02:38:38.374158
2026-07-31 04:15:35.238981,VIN-349159,3219,93,P0420,⚠️ CRITICAL DEVIATION DETECTED,2026-07-31 02:38:38.377942
2026-07-31 04:15:36.238981,VIN-165139,2351,95,P0420,⚠️ CRITICAL DEVIATION DETECTED,2026-07-31 02:38:38.381038
2026-07-31 04:15:38.238981,VIN-239009,2985,95,P0171,⚠️ CRITICAL DEVIATION DETECTED,2026-07-31 02:38:38.385814
2026-07-31 04:15:40.238981,VIN-955910,2075,92,P0420,⚠️ CRITICAL DEVIATION DETECTED,2026-07-31 02:38:38.400550
2026-07-31 04:15:44.238981,VIN-816142,3159,90,P0300,⚠️ CRITICAL DEVIATION DETECTED,2026-07-31 02:38:38.404720
2026-07-31 04:15:48.238981,VIN-336024,2123,102,P0171,⚠️ CRITICAL DEVIATION DETECTED,2026-07-31 02:38:38.408044
2026-07-31 04:15:49.238981,VIN-705365,2636,85,P0300,⚠️ CRITICAL DEVIATION DETECTED,2026-07-31 02:38:38.410858
2026-07-31 04:15:50.238981,VIN-614678,1896,98,P0420,⚠️ CRITICAL DEVIATION DETECTED,2026-07-31 02:38:38.414306
2026-07-31 04:15:54.238981,VIN-242414,1714,99,P0171,⚠️ CRITICAL DEVIATION DETECTED,2026-07-31 02:38:38.417847
2026-07-31 04:15:55.238981,VIN-065331,1725,86,P0420,⚠️ CRITICAL DEVIATION DETECTED,2026-07-31 02:38:38.421141
2026-07-31 04:15:56.238981,VIN-098116,3044,97,P0171,⚠️ CRITICAL DEVIATION DETECTED,2026-07-31 02:38:38.425752
2026-07-31 04:15:57.238981,VIN-444871,1667,90,P0300,⚠️ CRITICAL DEVIATION DETECTED,2026-07-31 02:38:38.432997
2026-07-31 04:16:02.238981,VIN-146018,2117,100,P0171,⚠️ CRITICAL DEVIATION DETECTED,2026-07-31 02:38:38.438050
2026-07-31 04:16:08.238981,VIN-780939,0,85,P0171,⚠️ CRITICAL DEVIATION DETECTED,2026-07-31 02:38:38.441260
2026-07-31 04:16:13.238981,VIN-527846,2477,86,P0300,⚠️ CRITICAL DEVIATION DETECTED,2026-07-31 02:38:38.443918
2026-07-31 04:16:14.238981,VIN-965614,2691,87,P0300,⚠️ CRITICAL DEVIATION DETECTED,2026-07-31 02:38:38.446904
2026-07-31 04:16:20.238981,VIN-446571,3342,87,P0420,⚠️ CRITICAL DEVIATION DETECTED,2026-07-31 02:38:38.450174
2026-07-31 04:16:26.238981,VIN-834295,2295,86,P0300,⚠️ CRITICAL DEVIATION DETECTED,2026-07-31 02:38:38.453813
2026-07-31 04:16:27.238981,VIN-315147,3436,105,P0420,⚠️ CRITICAL DEVIATION DETECTED,2026-07-31 02:38:38.460168
2026-07-31 04:16:32.238981,VIN-415648,1747,94,P0300,⚠️ CRITICAL DEVIATION DETECTED,2026-07-31 02:38:38.466771
2026-07-31 04:16:34.238981,VIN-200278,2644,89,P0171,⚠️ CRITICAL DEVIATION DETECTED,2026-07-31 02:38:38.471100
2026-07-31 04:16:40.238981,VIN-532634,1576,104,P0171,⚠️ CRITICAL DEVIATION DETECTED,2026-07-31 02:38:38.474001
2026-07-31 04:16:46.238981,VIN-145469,3182,94,P0171,⚠️ CRITICAL DEVIATION DETECTED,2026-07-31 02:38:38.476925
2026-07-31 04:16:47.238981,VIN-365523,1962,87,P0420,⚠️ CRITICAL DEVIATION DETECTED,2026-07-31 02:38:38.479978
2026-07-31 04:16:48.238981,VIN-325577,1578,102,P0420,⚠️ CRITICAL DEVIATION DETECTED,2026-07-31 02:38:38.482743
2026-07-31 04:16:50.238981,VIN-393425,3186,87,P0171,⚠️ CRITICAL DEVIATION DETECTED,2026-07-31 02:38:38.485650
2026-07-31 04:16:55.238981,VIN-407684,2958,98,P0300,⚠️ CRITICAL DEVIATION DETECTED,2026-07-31 02:38:38.490551
2026-07-31 04:16:57.238981,VIN-006297,2647,101,P0171,⚠️ CRITICAL DEVIATION DETECTED,2026-07-31 02:38:38.494941
2026-07-31 04:17:02.238981,VIN-535360,3186,92,P0420,⚠️ CRITICAL DEVIATION DETECTED,2026-07-31 02:38:38.499238
2026-07-31 04:17:03.238981,VIN-088117,1919,93,P0171,⚠️ CRITICAL DEVIATION DETECTED,2026-07-31 02:38:38.503873
2026-07-31 04:17:04.238981,VIN-421098,3149,85,P0171,⚠️ CRITICAL DEVIATION DETECTED,2026-07-31 02:38:38.508118
2026-07-31 04:17:05.238981,VIN-466916,2081,103,P0420,⚠️ CRITICAL DEVIATION DETECTED,2026-07-31 02:38:38.511924
2026-07-31 04:17:07.238981,VIN-615036,3311,98,P0420,⚠️ CRITICAL DEVIATION DETECTED,2026-07-31 02:38:38.515987
2026-07-31 04:17:12.238981,VIN-186085,2749,103,P0420,⚠️ CRITICAL DEVIATION DETECTED,2026-07-31 02:38:38.519618
2026-07-31 04:17:19.238981,VIN-493930,3308,87,P0171,⚠️ CRITICAL DEVIATION DETECTED,2026-07-31 02:38:38.525088
2026-07-31 04:17:22.238981,VIN-032443,3081,96,P0300,⚠️ CRITICAL DEVIATION DETECTED,2026-07-31 02:38:38.530313
2026-07-31 04:17:23.238981,VIN-653812,1580,88,P0420,⚠️ CRITICAL DEVIATION DETECTED,2026-07-31 02:38:38.534985
2026-07-31 04:17:24.238981,VIN-931271,3336,103,P0420,⚠️ CRITICAL DEVIATION DETECTED,2026-07-31 02:38:38.538125
2026-07-31 04:17:25.238981,VIN-245864,2875,86,P0300,⚠️ CRITICAL DEVIATION DETECTED,2026-07-31 02:38:38.541829
2026-07-31 04:17:26.238981,VIN-860479,2626,91,P0171,⚠️ CRITICAL DEVIATION DETECTED,2026-07-31 02:38:38.545775
2026-07-31 04:17:29.238981,VIN-313163,2759,93,P0300,⚠️ CRITICAL DEVIATION DETECTED,2026-07-31 02:38:38.548629
2026-07-31 04:17:31.238981,VIN-828700,2038,97,P0171,⚠️ CRITICAL DEVIATION DETECTED,2026-07-31 02:38:38.551928
2026-07-31 04:17:33.238981,VIN-871883,0,105,P0420,⚠️ CRITICAL DEVIATION DETECTED,2026-07-31 02:38:38.555359
2026-07-31 04:17:34.238981,VIN-517904,2493,90,P0300,⚠️ CRITICAL DEVIATION DETECTED,2026-07-31 02:38:38.560009
2026-07-31 04:17:42.238981,VIN-389973,3437,102,P0420,⚠️ CRITICAL DEVIATION DETECTED,2026-07-31 02:38:38.564799
2026-07-31 04:17:43.238981,VIN-253153,1600,104,P0420,⚠️ CRITICAL DEVIATION DETECTED,2026-07-31 02:38:38.568416
2026-07-31 04:17:44.238981,VIN-778663,3047,98,P0300,⚠️ CRITICAL DEVIATION DETECTED,2026-07-31 02:38:38.572543
2026-07-31 04:17:45.238981,VIN-956964,1627,88,P0300,⚠️ CRITICAL DEVIATION DETECTED,2026-07-31 02:38:38.575822
2026-07-31 04:17:49.238981,VIN-480126,2461,100,P0420,⚠️ CRITICAL DEVIATION DETECTED,2026-07-31 02:38:38.579703
2026-07-31 04:17:50.238981,VIN-645969,3161,86,P0300,⚠️ CRITICAL DEVIATION DETECTED,2026-07-31 02:38:38.582533
2026-07-31 04:17:54.238981,VIN-374141,2028,101,P0420,⚠️ CRITICAL DEVIATION DETECTED,2026-07-31 02:38:38.585866
2026-07-31 04:17:55.238981,VIN-965485,2690,97,P0420,⚠️ CRITICAL DEVIATION DETECTED,2026-07-31 02:38:38.589534
2026-07-31 04:17:56.238981,VIN-620814,1830,88,P0300,⚠️ CRITICAL DEVIATION DETECTED,2026-07-31 02:38:38.592753
2026-07-31 04:17:57.238981,VIN-923046,2912,94,P0171,⚠️ CRITICAL DEVIATION DETECTED,2026-07-31 02:38:38.596434
2026-07-31 04:17:58.238981,VIN-008191,3219,98,P0420,⚠️ CRITICAL DEVIATION DETECTED,2026-07-31 02:38:38.600110
2026-07-31 04:18:01.238981,VIN-132704,2276,99,P0300,⚠️ CRITICAL DEVIATION DETECTED,2026-07-31 02:38:38.604444
2026-07-31 04:18:02.238981,VIN-717205,2291,104,P0171,⚠️ CRITICAL DEVIATION DETECTED,2026-07-31 02:38:38.607908
2026-07-31 04:18:03.238981,VIN-342844,1966,85,P0171,⚠️ CRITICAL DEVIATION DETECTED,2026-07-31 02:38:38.610556
2026-07-31 04:18:05.238981,VIN-430961,2075,87,P0171,⚠️ CRITICAL DEVIATION DETECTED,2026-07-31 02:38:38.613807
2026-07-31 04:18:06.238981,VIN-033421,1630,102,P0420,⚠️ CRITICAL DEVIATION DETECTED,2026-07-31 02:38:38.617157
2026-07-31 04:18:11.238981,VIN-655339,3350,95,P0300,⚠️ CRITICAL DEVIATION DETECTED,2026-07-31 02:38:38.620478
2026-07-31 04:18:15.238981,VIN-483819,1627,93,P0171,⚠️ CRITICAL DEVIATION DETECTED,2026-07-31 02:38:38.625545
2026-07-31 04:18:18.238981,VIN-048009,3183,100,P0420,⚠️ CRITICAL DEVIATION DETECTED,2026-07-31 02:38:38.629316
2026-07-31 04:18:21.238981,VIN-390459,3281,94,P0300,⚠️ CRITICAL DEVIATION DETECTED,2026-07-31 02:38:38.632843
2026-07-31 04:18:22.238981,VIN-188978,2899,90,P0300,⚠️ CRITICAL DEVIATION DETECTED,2026-07-31 02:38:38.635753
2026-07-31 04:18:25.238981,VIN-028474,1943,98,P0300,⚠️ CRITICAL DEVIATION DETECTED,2026-07-31 02:38:38.638823
2026-07-31 04:18:26.238981,VIN-761035,3421,85,P0420,⚠️ CRITICAL DEVIATION DETECTED,2026-07-31 02:38:38.641974
2026-07-31 04:18:29.238981,VIN-838048,3322,87,P0420,⚠️ CRITICAL DEVIATION DETECTED,2026-07-31 02:38:38.644838
2026-07-31 04:18:31.238981,VIN-736294,3154,98,P0420,⚠️ CRITICAL DEVIATION DETECTED,2026-07-31 02:38:38.647733
2026-07-31 04:18:34.238981,VIN-497554,2966,101,P0420,⚠️ CRITICAL DEVIATION DETECTED,2026-07-31 02:38:38.651135
2026-07-31 04:18:40.238981,VIN-058915,2627,101,P0300,⚠️ CRITICAL DEVIATION DETECTED,2026-07-31 02:38:38.654930
2026-07-31 04:18:41.238981,VIN-991322,2482,104,P0300,⚠️ CRITICAL DEVIATION DETECTED,2026-07-31 02:38:38.659673
2026-07-31 04:18:42.238981,VIN-275782,2586,91,P0420,⚠️ CRITICAL DEVIATION DETECTED,2026-07-31 02:38:38.667241
2026-07-31 04:18:44.238981,VIN-106686,2763,85,P0171,⚠️ CRITICAL DEVIATION DETECTED,2026-07-31 02:38:38.671786
2026-07-31 04:18:45.238981,VIN-638078,3244,85,P0300,⚠️ CRITICAL DEVIATION DETECTED,2026-07-31 02:38:38.673799
2026-07-31 04:18:47.238981,VIN-051489,3348,91,P0420,⚠️ CRITICAL DEVIATION DETECTED,2026-07-31 02:38:38.676415
2026-07-31 04:18:48.238981,VIN-545157,2708,102,P0300,⚠️ CRITICAL DEVIATION DETECTED,2026-07-31 02:38:38.679655
2026-07-31 04:18:52.238981,VIN-605351,1711,93,P0171,⚠️ CRITICAL DEVIATION DETECTED,2026-07-31 02:38:38.682443
2026-07-31 04:18:53.238981,VIN-154005,2944,86,P0171,⚠️ CRITICAL DEVIATION DETECTED,2026-07-31 02:38:38.685464
2026-07-31 04:18:56.238981,VIN-707482,2213,99,P0420,⚠️ CRITICAL DEVIATION DETECTED,2026-07-31 02:38:38.689530
2026-07-31 04:18:58.238981,VIN-669018,1974,85,P0171,⚠️ CRITICAL DEVIATION DETECTED,2026-07-31 02:38:38.693329
2026-07-31 04:18:59.238981,VIN-596237,2627,97,P0420,⚠️ CRITICAL DEVIATION DETECTED,2026-07-31 02:38:38.697312
2026-07-31 04:19:00.238981,VIN-798616,3230,90,P0420,⚠️ CRITICAL DEVIATION DETECTED,2026-07-31 02:38:38.700171
2026-07-31 04:19:01.238981,VIN-323227,2118,89,P0420,⚠️ CRITICAL DEVIATION DETECTED,2026-07-31 02:38:38.704019
2026-07-31 04:19:02.238981,VIN-522786,3422,93,P0171,⚠️ CRITICAL DEVIATION DETECTED,2026-07-31 02:38:38.707907
2026-07-31 04:19:03.238981,VIN-365262,2414,103,P0300,⚠️ CRITICAL DEVIATION DETECTED,2026-07-31 02:38:38.710987
2026-07-31 04:19:08.238981,VIN-670771,2818,90,P0171,⚠️ CRITICAL DEVIATION DETECTED,2026-07-31 02:38:38.714895
2026-07-31 04:19:10.238981,VIN-106299,3327,97,P0420,⚠️ CRITICAL DEVIATION DETECTED,2026-07-31 02:38:38.718398
2026-07-31 04:19:11.238981,VIN-075649,2268,104,P0300,⚠️ CRITICAL DEVIATION DETECTED,2026-07-31 02:38:38.721982
2026-07-31 04:19:15.238981,VIN-159518,0,91,P0171,⚠️ CRITICAL DEVIATION DETECTED,2026-07-31 02:38:38.726151
2026-07-31 04:19:25.238981,VIN-485095,2732,87,P0420,⚠️ CRITICAL DEVIATION DETECTED,2026-07-31 02:38:38.730648
2026-07-31 04:19:26.238981,VIN-679095,2431,96,P0171,⚠️ CRITICAL DEVIATION DETECTED,2026-07-31 02:38:38.740782
2026-07-31 04:19:27.238981,VIN-556296,2127,92,P0300,⚠️ CRITICAL DEVIATION DETECTED,2026-07-31 02:38:38.751574
2026-07-31 04:19:31.238981,VIN-551269,1844,91,P0420,⚠️ CRITICAL DEVIATION DETECTED,2026-07-31 02:38:38.755722
2026-07-31 04:19:32.238981,VIN-013287,2245,95,P0420,⚠️ CRITICAL DEVIATION DETECTED,2026-07-31 02:38:38.760337
2026-07-31 04:19:33.238981,VIN-017928,2514,105,P0171,⚠️ CRITICAL DEVIATION DETECTED,2026-07-31 02:38:38.764814
2026-07-31 04:19:35.238981,VIN-298848,1910,97,P0171,⚠️ CRITICAL DEVIATION DETECTED,2026-07-31 02:38:38.768340
2026-07-31 04:19:36.238981,VIN-895993,3162,103,P0420,⚠️ CRITICAL DEVIATION DETECTED,2026-07-31 02:38:38.771799
2026-07-31 04:19:37.238981,VIN-322884,3216,90,P0420,⚠️ CRITICAL DEVIATION DETECTED,2026-07-31 02:38:38.775246
2026-07-31 04:19:38.238981,VIN-150304,2928,91,P0300,⚠️ CRITICAL DEVIATION DETECTED,2026-07-31 02:38:38.778525
2026-07-31 04:19:39.238981,VIN-580412,2538,96,P0420,⚠️ CRITICAL DEVIATION DETECTED,2026-07-31 02:38:38.782144
2026-07-31 04:19:46.238981,VIN-567385,3402,90,P0171,⚠️ CRITICAL DEVIATION DETECTED,2026-07-31 02:38:38.787846
2026-07-31 04:19:47.238981,VIN-827030,1540,92,P0171,⚠️ CRITICAL DEVIATION DETECTED,2026-07-31 02:38:38.792799
2026-07-31 04:19:53.238981,VIN-140348,0,103,P0171,⚠️ CRITICAL DEVIATION DETECTED,2026-07-31 02:38:38.798832
2026-07-31 04:19:58.238981,VIN-848782,3261,87,P0300,⚠️ CRITICAL DEVIATION DETECTED,2026-07-31 02:38:38.814073
2026-07-31 04:20:02.238981,VIN-300716,2178,97,P0300,⚠️ CRITICAL DEVIATION DETECTED,2026-07-31 02:38:38.827135
2026-07-31 04:20:04.238981,VIN-762369,3393,89,P0171,⚠️ CRITICAL DEVIATION DETECTED,2026-07-31 02:38:38.834274
2026-07-31 04:20:05.238981,VIN-527824,3093,100,P0420,⚠️ CRITICAL DEVIATION DETECTED,2026-07-31 02:38:38.845087
2026-07-31 04:20:12.238981,VIN-981690,3286,99,P0300,⚠️ CRITICAL DEVIATION DETECTED,2026-07-31 02:38:38.859791
2026-07-31 04:20:13.238981,VIN-051530,3280,89,P0420,⚠️ CRITICAL DEVIATION DETECTED,2026-07-31 02:38:38.876619
2026-07-31 04:20:18.238981,VIN-540017,2555,104,P0300,⚠️ CRITICAL DEVIATION DETECTED,2026-07-31 02:38:38.882218
2026-07-31 04:20:23.238981,VIN-345451,2293,88,P0300,⚠️ CRITICAL DEVIATION DETECTED,2026-07-31 02:38:38.889864
2026-07-31 04:20:24.238981,VIN-538589,3204,86,P0420,⚠️ CRITICAL DEVIATION DETECTED,2026-07-31 02:38:38.911946
2026-07-31 04:20:25.238981,VIN-520127,2212,88,P0420,⚠️ CRITICAL DEVIATION DETECTED,2026-07-31 02:38:38.917591
2026-07-31 04:20:26.238981,VIN-267718,2113,100,P0300,⚠️ CRITICAL DEVIATION DETECTED,2026-07-31 02:38:38.921845
2026-07-31 04:20:30.238981,VIN-724477,3354,86,P0171,⚠️ CRITICAL DEVIATION DETECTED,2026-07-31 02:38:38.934307
2026-07-31 04:20:33.238981,VIN-229710,2554,87,P0171,⚠️ CRITICAL DEVIATION DETECTED,2026-07-31 02:38:38.942014
2026-07-31 04:20:36.238981,VIN-080541,3429,90,P0300,⚠️ CRITICAL DEVIATION DETECTED,2026-07-31 02:38:38.947318
2026-07-31 04:20:37.238981,VIN-432645,3387,89,P0420,⚠️ CRITICAL DEVIATION DETECTED,2026-07-31 02:38:38.951508
2026-07-31 04:20:38.238981,VIN-985095,2026,92,P0300,⚠️ CRITICAL DEVIATION DETECTED,2026-07-31 02:38:38.960223
2026-07-31 04:20:39.238981,VIN-201946,3336,104,P0420,⚠️ CRITICAL DEVIATION DETECTED,2026-07-31 02:38:38.969861
2026-07-31 04:20:40.238981,VIN-451658,3412,91,P0420,⚠️ CRITICAL DEVIATION DETECTED,2026-07-31 02:38:38.975530
2026-07-31 04:20:41.238981,VIN-880614,2668,105,P0300,⚠️ CRITICAL DEVIATION DETECTED,2026-07-31 02:38:38.979467
2026-07-31 04:20:42.238981,VIN-133105,0,100,P0171,⚠️ CRITICAL DEVIATION DETECTED,2026-07-31 02:38:38.983362
2026-07-31 04:20:44.238981,VIN-021967,2031,101,P0300,⚠️ CRITICAL DEVIATION DETECTED,2026-07-31 02:38:38.987890
2026-07-31 04:20:45.238981,VIN-086763,2017,100,P0171,⚠️ CRITICAL DEVIATION DETECTED,2026-07-31 02:38:38.994205
2026-07-31 04:20:47.238981,VIN-954196,1647,85,P0420,⚠️ CRITICAL DEVIATION DETECTED,2026-07-31 02:38:38.998324
2026-07-31 04:20:50.238981,VIN-659826,1714,100,P0300,⚠️ CRITICAL DEVIATION DETECTED,2026-07-31 02:38:39.004235
2026-07-31 04:20:51.238981,VIN-633538,2758,104,P0171,⚠️ CRITICAL DEVIATION DETECTED,2026-07-31 02:38:39.008020
2026-07-31 04:20:55.238981,VIN-251991,3437,86,P0300,⚠️ CRITICAL DEVIATION DETECTED,2026-07-31 02:38:39.011053
2026-07-31 04:20:57.238981,VIN-987828,3031,90,P0171,⚠️ CRITICAL DEVIATION DETECTED,2026-07-31 02:38:39.014423
2026-07-31 04:20:58.238981,VIN-207065,1797,85,P0171,⚠️ CRITICAL DEVIATION DETECTED,2026-07-31 02:38:39.017605
2026-07-31 04:21:00.238981,VIN-658321,3494,93,P0420,⚠️ CRITICAL DEVIATION DETECTED,2026-07-31 02:38:39.021709
2026-07-31 04:21:02.238981,VIN-626647,2040,90,P0300,⚠️ CRITICAL DEVIATION DETECTED,2026-07-31 02:38:39.025798
2026-07-31 04:21:04.238981,VIN-575860,2302,99,P0171,⚠️ CRITICAL DEVIATION DETECTED,2026-07-31 02:38:39.030393
2026-07-31 04:21:07.238981,VIN-453426,1820,92,P0300,⚠️ CRITICAL DEVIATION DETECTED,2026-07-31 02:38:39.034999
2026-07-31 04:21:08.238981,VIN-479688,2433,87,P0300,⚠️ CRITICAL DEVIATION DETECTED,2026-07-31 02:38:39.038081
2026-07-31 04:21:10.238981,VIN-891520,0,93,P0420,⚠️ CRITICAL DEVIATION DETECTED,2026-07-31 02:38:39.041853
2026-07-31 04:21:11.238981,VIN-546869,2951,94,P0171,⚠️ CRITICAL DEVIATION DETECTED,2026-07-31 02:38:39.045580
2026-07-31 04:21:15.238981,VIN-024640,3458,92,P0420,⚠️ CRITICAL DEVIATION DETECTED,2026-07-31 02:38:39.049974
2026-07-31 04:21:18.238981,VIN-943433,0,92,P0300,⚠️ CRITICAL DEVIATION DETECTED,2026-07-31 02:38:39.056504
2026-07-31 04:21:19.238981,VIN-920037,1622,95,P0420,⚠️ CRITICAL DEVIATION DETECTED,2026-07-31 02:38:39.067855
2026-07-31 04:21:20.238981,VIN-857035,3015,87,P0300,⚠️ CRITICAL DEVIATION DETECTED,2026-07-31 02:38:39.071603
2026-07-31 04:21:21.238981,VIN-055297,2812,96,P0420,⚠️ CRITICAL DEVIATION DETECTED,2026-07-31 02:38:39.084611
2026-07-31 04:21:24.238981,VIN-097643,2495,90,P0420,⚠️ CRITICAL DEVIATION DETECTED,2026-07-31 02:38:39.089800
2026-07-31 04:21:25.238981,VIN-256815,2376,87,P0420,⚠️ CRITICAL DEVIATION DETECTED,2026-07-31 02:38:39.099050
2026-07-31 04:21:29.238981,VIN-514946,0,85,P0300,⚠️ CRITICAL DEVIATION DETECTED,2026-07-31 02:38:39.106096
2026-07-31 04:21:30.238981,VIN-086952,2408,88,P0420,⚠️ CRITICAL DEVIATION DETECTED,2026-07-31 02:38:39.111550
2026-07-31 04:21:33.238981,VIN-138908,3108,97,P0420,⚠️ CRITICAL DEVIATION DETECTED,2026-07-31 02:38:39.115529
2026-07-31 04:21:35.238981,VIN-359516,2262,95,P0420,⚠️ CRITICAL DEVIATION DETECTED,2026-07-31 02:38:39.120039
2026-07-31 04:21:37.238981,VIN-766579,2610,104,P0171,⚠️ CRITICAL DEVIATION DETECTED,2026-07-31 02:38:39.130184
2026-07-31 04:21:40.238981,VIN-402998,2049,102,P0300,⚠️ CRITICAL DEVIATION DETECTED,2026-07-31 02:38:39.135858
2026-07-31 04:21:41.238981,VIN-766399,2115,85,P0171,⚠️ CRITICAL DEVIATION DETECTED,2026-07-31 02:38:39.139858
2026-07-31 04:21:44.238981,VIN-822755,3432,102,P0171,⚠️ CRITICAL DEVIATION DETECTED,2026-07-31 02:38:39.146668
2026-07-31 04:21:45.238981,VIN-300568,1997,94,P0171,⚠️ CRITICAL DEVIATION DETECTED,2026-07-31 02:38:39.151737
2026-07-31 04:21:47.238981,VIN-922731,3335,87,P0300,⚠️ CRITICAL DEVIATION DETECTED,2026-07-31 02:38:39.156037
2026-07-31 04:21:51.238981,VIN-945288,2720,99,P0420,⚠️ CRITICAL DEVIATION DETECTED,2026-07-31 02:38:39.165446
2026-07-31 04:21:52.238981,VIN-067553,1986,99,P0171,⚠️ CRITICAL DEVIATION DETECTED,2026-07-31 02:38:39.169568
2026-07-31 04:21:53.238981,VIN-389734,1706,93,P0300,⚠️ CRITICAL DEVIATION DETECTED,2026-07-31 02:38:39.173643
2026-07-31 04:21:54.238981,VIN-469537,3223,102,P0171,⚠️ CRITICAL DEVIATION DETECTED,2026-07-31 02:38:39.178814
2026-07-31 04:21:58.238981,VIN-920762,2283,104,P0300,⚠️ CRITICAL DEVIATION DETECTED,2026-07-31 02:38:39.183315
2026-07-31 04:22:02.238981,VIN-692827,2920,93,P0420,⚠️ CRITICAL DEVIATION DETECTED,2026-07-31 02:38:39.193903
2026-07-31 04:22:03.238981,VIN-610254,2406,87,P0420,⚠️ CRITICAL DEVIATION DETECTED,2026-07-31 02:38:39.203927
2026-07-31 04:22:04.238981,VIN-366907,2552,86,P0300,⚠️ CRITICAL DEVIATION DETECTED,2026-07-31 02:38:39.210929
2026-07-31 04:22:05.238981,VIN-376847,1967,87,P0171,⚠️ CRITICAL DEVIATION DETECTED,2026-07-31 02:38:39.220260
2026-07-31 04:22:06.238981,VIN-224566,0,97,P0171,⚠️ CRITICAL DEVIATION DETECTED,2026-07-31 02:38:39.231201
2026-07-31 04:22:10.238981,VIN-341905,1875,102,P0420,⚠️ CRITICAL DEVIATION DETECTED,2026-07-31 02:38:39.236089
2026-07-31 04:22:18.238981,VIN-952103,2702,98,P0171,⚠️ CRITICAL DEVIATION DETECTED,2026-07-31 02:38:39.247048
2026-07-31 04:22:19.238981,VIN-808780,2139,96,P0420,⚠️ CRITICAL DEVIATION DETECTED,2026-07-31 02:38:39.250887
2026-07-31 04:22:25.238981,VIN-168683,1739,89,P0300,⚠️ CRITICAL DEVIATION DETECTED,2026-07-31 02:38:39.260042
2026-07-31 04:22:26.238981,VIN-373106,1555,99,P0171,⚠️ CRITICAL DEVIATION DETECTED,2026-07-31 02:38:39.267148
2026-07-31 04:22:29.238981,VIN-077021,3247,88,P0300,⚠️ CRITICAL DEVIATION DETECTED,2026-07-31 02:38:39.271758
2026-07-31 04:22:30.238981,VIN-011130,1640,87,P0300,⚠️ CRITICAL DEVIATION DETECTED,2026-07-31 02:38:39.275756
2026-07-31 04:22:33.238981,VIN-299756,1602,95,P0171,⚠️ CRITICAL DEVIATION DETECTED,2026-07-31 02:38:39.279843
2026-07-31 04:22:39.238981,VIN-810079,3288,105,P0420,⚠️ CRITICAL DEVIATION DETECTED,2026-07-31 02:38:39.284046
2026-07-31 04:22:40.238981,VIN-823247,3457,85,P0300,⚠️ CRITICAL DEVIATION DETECTED,2026-07-31 02:38:39.288436
2026-07-31 04:22:42.238981,VIN-282818,3118,104,P0420,⚠️ CRITICAL DEVIATION DETECTED,2026-07-31 02:38:39.294729
2026-07-31 04:22:45.238981,VIN-005701,1623,89,P0420,⚠️ CRITICAL DEVIATION DETECTED,2026-07-31 02:38:39.299593
2026-07-31 04:22:46.238981,VIN-201422,2580,88,P0420,⚠️ CRITICAL DEVIATION DETECTED,2026-07-31 02:38:39.304446
2026-07-31 04:22:47.238981,VIN-271748,2328,100,P0300,⚠️ CRITICAL DEVIATION DETECTED,2026-07-31 02:38:39.309817
2026-07-31 04:22:48.238981,VIN-742855,2798,102,P0300,⚠️ CRITICAL DEVIATION DETECTED,2026-07-31 02:38:39.314630
2026-07-31 04:22:49.238981,VIN-808568,3385,100,P0420,⚠️ CRITICAL DEVIATION DETECTED,2026-07-31 02:38:39.319544
2026-07-31 04:22:52.238981,VIN-232623,2614,92,P0300,⚠️ CRITICAL DEVIATION DETECTED,2026-07-31 02:38:39.324298
2026-07-31 04:22:53.238981,VIN-004313,2895,101,P0420,⚠️ CRITICAL DEVIATION DETECTED,2026-07-31 02:38:39.331668
2026-07-31 04:22:55.238981,VIN-073413,0,97,P0171,⚠️ CRITICAL DEVIATION DETECTED,2026-07-31 02:38:39.335807
2026-07-31 04:22:56.238981,VIN-611105,1592,89,P0420,⚠️ CRITICAL DEVIATION DETECTED,2026-07-31 02:38:39.339130
2026-07-31 04:22:57.238981,VIN-984246,2542,93,P0300,⚠️ CRITICAL DEVIATION DETECTED,2026-07-31 02:38:39.342922
2026-07-31 04:22:59.238981,VIN-105172,2227,91,P0171,⚠️ CRITICAL DEVIATION DETECTED,2026-07-31 02:38:39.346214
2026-07-31 04:23:01.238981,VIN-956425,3384,92,P0420,⚠️ CRITICAL DEVIATION DETECTED,2026-07-31 02:38:39.349676
2026-07-31 04:23:03.238981,VIN-995874,2501,103,P0420,⚠️ CRITICAL DEVIATION DETECTED,2026-07-31 02:38:39.353140
2026-07-31 04:23:04.238981,VIN-180837,2386,92,P0171,⚠️ CRITICAL DEVIATION DETECTED,2026-07-31 02:38:39.361248
2026-07-31 04:23:06.238981,VIN-562703,3296,102,P0171,⚠️ CRITICAL DEVIATION DETECTED,2026-07-31 02:38:39.366841
2026-07-31 04:23:07.238981,VIN-547258,2522,93,P0171,⚠️ CRITICAL DEVIATION DETECTED,2026-07-31 02:38:39.371731
2026-07-31 04:23:08.238981,VIN-158417,1704,101,P0171,⚠️ CRITICAL DEVIATION DETECTED,2026-07-31 02:38:39.374626
2026-07-31 04:23:10.238981,VIN-044576,3125,88,P0300,⚠️ CRITICAL DEVIATION DETECTED,2026-07-31 02:38:39.378123
2026-07-31 04:23:12.238981,VIN-371152,1765,102,P0300,⚠️ CRITICAL DEVIATION DETECTED,2026-07-31 02:38:39.381127
2026-07-31 04:23:14.238981,VIN-754802,2934,90,P0300,⚠️ CRITICAL DEVIATION DETECTED,2026-07-31 02:38:39.383996
2026-07-31 04:23:19.238981,VIN-318627,1746,97,P0420,⚠️ CRITICAL DEVIATION DETECTED,2026-07-31 02:38:39.387348
2026-07-31 04:23:20.238981,VIN-583808,0,91,P0300,⚠️ CRITICAL DEVIATION DETECTED,2026-07-31 02:38:39.397756
2026-07-31 04:23:23.238981,VIN-425713,2551,102,P0300,⚠️ CRITICAL DEVIATION DETECTED,2026-07-31 02:38:39.415589
2026-07-31 04:23:25.238981,VIN-890051,1839,97,P0171,⚠️ CRITICAL DEVIATION DETECTED,2026-07-31 02:38:39.419378
2026-07-31 04:23:26.238981,VIN-447959,2534,99,P0300,⚠️ CRITICAL DEVIATION DETECTED,2026-07-31 02:38:39.431747
2026-07-31 04:23:27.238981,VIN-626311,2284,97,P0300,⚠️ CRITICAL DEVIATION DETECTED,2026-07-31 02:38:39.436543
2026-07-31 04:23:28.238981,VIN-812805,2409,97,P0171,⚠️ CRITICAL DEVIATION DETECTED,2026-07-31 02:38:39.440296
2026-07-31 04:23:29.238981,VIN-334287,3469,100,P0420,⚠️ CRITICAL DEVIATION DETECTED,2026-07-31 02:38:39.443402
2026-07-31 04:23:30.238981,VIN-573807,3026,98,P0300,⚠️ CRITICAL DEVIATION DETECTED,2026-07-31 02:38:39.446415
2026-07-31 04:23:31.238981,VIN-857149,3145,95,P0171,⚠️ CRITICAL DEVIATION DETECTED,2026-07-31 02:38:39.449573
2026-07-31 04:23:32.238981,VIN-278270,2755,98,P0420,⚠️ CRITICAL DEVIATION DETECTED,2026-07-31 02:38:39.452655
2026-07-31 04:23:33.238981,VIN-956626,2107,104,P0300,⚠️ CRITICAL DEVIATION DETECTED,2026-07-31 02:38:39.455766
2026-07-31 04:23:34.238981,VIN-140749,3103,99,P0420,⚠️ CRITICAL DEVIATION DETECTED,2026-07-31 02:38:39.459732
2026-07-31 04:23:35.238981,VIN-015406,2932,89,P0171,⚠️ CRITICAL DEVIATION DETECTED,2026-07-31 02:38:39.467378
2026-07-31 04:23:38.238981,VIN-354519,2770,94,P0171,⚠️ CRITICAL DEVIATION DETECTED,2026-07-31 02:38:39.471008
2026-07-31 04:23:40.238981,VIN-140362,2712,90,P0300,⚠️ CRITICAL DEVIATION DETECTED,2026-07-31 02:38:39.473646
2026-07-31 04:23:42.238981,VIN-354727,1558,90,P0171,⚠️ CRITICAL DEVIATION DETECTED,2026-07-31 02:38:39.476767
2026-07-31 04:23:43.238981,VIN-866724,1930,98,P0420,⚠️ CRITICAL DEVIATION DETECTED,2026-07-31 02:38:39.480276
2026-07-31 04:23:44.238981,VIN-543501,2883,89,P0420,⚠️ CRITICAL DEVIATION DETECTED,2026-07-31 02:38:39.482792
2026-07-31 04:23:45.238981,VIN-518848,2418,96,P0171,⚠️ CRITICAL DEVIATION DETECTED,2026-07-31 02:38:39.485393
2026-07-31 04:23:47.238981,VIN-379295,3100,102,P0171,⚠️ CRITICAL DEVIATION DETECTED,2026-07-31 02:38:39.488217
2026-07-31 04:23:48.238981,VIN-132656,2536,85,P0171,⚠️ CRITICAL DEVIATION DETECTED,2026-07-31 02:38:39.491812
2026-07-31 04:23:49.238981,VIN-550469,2603,99,P0300,⚠️ CRITICAL DEVIATION DETECTED,2026-07-31 02:38:39.496224
2026-07-31 04:23:51.238981,VIN-299578,1822,94,P0300,⚠️ CRITICAL DEVIATION DETECTED,2026-07-31 02:38:39.499881
2026-07-31 04:23:52.238981,VIN-631309,1937,93,P0171,⚠️ CRITICAL DEVIATION DETECTED,2026-07-31 02:38:39.503072
2026-07-31 04:23:53.238981,VIN-534925,0,102,P0171,⚠️ CRITICAL DEVIATION DETECTED,2026-07-31 02:38:39.505683
2026-07-31 04:24:02.238981,VIN-389271,2058,87,P0420,⚠️ CRITICAL DEVIATION DETECTED,2026-07-31 02:38:39.508952
2026-07-31 04:24:03.238981,VIN-575665,2393,92,P0171,⚠️ CRITICAL DEVIATION DETECTED,2026-07-31 02:38:39.511431
2026-07-31 04:24:06.238981,VIN-809877,1896,105,P0300,⚠️ CRITICAL DEVIATION DETECTED,2026-07-31 02:38:39.515054
2026-07-31 04:24:09.238981,VIN-566769,3469,89,P0300,⚠️ CRITICAL DEVIATION DETECTED,2026-07-31 02:38:39.518304
2026-07-31 04:24:13.238981,VIN-697180,1732,90,P0171,⚠️ CRITICAL DEVIATION DETECTED,2026-07-31 02:38:39.520624
2026-07-31 04:24:14.238981,VIN-552760,3237,86,P0300,⚠️ CRITICAL DEVIATION DETECTED,2026-07-31 02:38:39.523862
2026-07-31 04:24:16.238981,VIN-473538,2002,94,P0420,⚠️ CRITICAL DEVIATION DETECTED,2026-07-31 02:38:39.527813
2026-07-31 04:24:17.238981,VIN-793118,3078,105,P0171,⚠️ CRITICAL DEVIATION DETECTED,2026-07-31 02:38:39.532089
2026-07-31 04:24:18.238981,VIN-838459,1977,105,P0171,⚠️ CRITICAL DEVIATION DETECTED,2026-07-31 02:38:39.535932
2026-07-31 04:24:20.238981,VIN-911825,0,103,P0171,⚠️ CRITICAL DEVIATION DETECTED,2026-07-31 02:38:39.538526
2026-07-31 04:24:21.238981,VIN-416149,2923,96,P0171,⚠️ CRITICAL DEVIATION DETECTED,2026-07-31 02:38:39.542009
2026-07-31 04:24:23.238981,VIN-337179,1563,98,P0171,⚠️ CRITICAL DEVIATION DETECTED,2026-07-31 02:38:39.544834
2026-07-31 04:24:25.238981,VIN-922315,3452,90,P0300,⚠️ CRITICAL DEVIATION DETECTED,2026-07-31 02:38:39.547815
2026-07-31 04:24:31.238981,VIN-223682,2365,99,P0171,⚠️ CRITICAL DEVIATION DETECTED,2026-07-31 02:38:39.550727
2026-07-31 04:24:32.238981,VIN-253428,1904,101,P0420,⚠️ CRITICAL DEVIATION DETECTED,2026-07-31 02:38:39.553381
2026-07-31 04:24:33.238981,VIN-071249,1580,94,P0420,⚠️ CRITICAL DEVIATION DETECTED,2026-07-31 02:38:39.557470
2026-07-31 04:24:38.238981,VIN-514731,2795,103,P0420,⚠️ CRITICAL DEVIATION DETECTED,2026-07-31 02:38:39.561620
2026-07-31 04:24:39.238981,VIN-021732,2006,88,P0300,⚠️ CRITICAL DEVIATION DETECTED,2026-07-31 02:38:39.565342
2026-07-31 04:24:40.238981,VIN-448498,3092,99,P0171,⚠️ CRITICAL DEVIATION DETECTED,2026-07-31 02:38:39.567856
2026-07-31 04:24:41.238981,VIN-965157,2205,90,P0300,⚠️ CRITICAL DEVIATION DETECTED,2026-07-31 02:38:39.570966
2026-07-31 04:24:43.238981,VIN-522046,1880,88,P0300,⚠️ CRITICAL DEVIATION DETECTED,2026-07-31 02:38:39.574289
2026-07-31 04:24:47.238981,VIN-866165,2040,86,P0171,⚠️ CRITICAL DEVIATION DETECTED,2026-07-31 02:38:39.578795
2026-07-31 04:24:49.238981,VIN-009190,2978,93,P0171,⚠️ CRITICAL DEVIATION DETECTED,2026-07-31 02:38:39.582481
2026-07-31 04:24:50.238981,VIN-396623,2426,102,P0420,⚠️ CRITICAL DEVIATION DETECTED,2026-07-31 02:38:39.585718
2026-07-31 04:24:52.238981,VIN-960193,3495,93,P0420,⚠️ CRITICAL DEVIATION DETECTED,2026-07-31 02:38:39.589241
2026-07-31 04:24:57.238981,VIN-815570,3273,88,P0300,⚠️ CRITICAL DEVIATION DETECTED,2026-07-31 02:38:39.594042
2026-07-31 04:24:58.238981,VIN-563329,2479,87,P0171,⚠️ CRITICAL DEVIATION DETECTED,2026-07-31 02:38:39.598504
2026-07-31 04:25:00.238981,VIN-949351,2107,105,P0420,⚠️ CRITICAL DEVIATION DETECTED,2026-07-31 02:38:39.605623
2026-07-31 04:25:05.238981,VIN-702444,3408,94,P0420,⚠️ CRITICAL DEVIATION DETECTED,2026-07-31 02:38:39.608632
2026-07-31 04:25:08.238981,VIN-906412,1680,103,P0420,⚠️ CRITICAL DEVIATION DETECTED,2026-07-31 02:38:39.611103
2026-07-31 04:25:10.238981,VIN-202776,3054,89,P0300,⚠️ CRITICAL DEVIATION DETECTED,2026-07-31 02:38:39.614919
2026-07-31 04:25:12.238981,VIN-969922,3212,93,P0171,⚠️ CRITICAL DEVIATION DETECTED,2026-07-31 02:38:39.619023
2026-07-31 04:25:15.238981,VIN-491089,3186,97,P0300,⚠️ CRITICAL DEVIATION DETECTED,2026-07-31 02:38:39.624144
2026-07-31 04:25:16.238981,VIN-206157,3462,91,P0300,⚠️ CRITICAL DEVIATION DETECTED,2026-07-31 02:38:39.628272
2026-07-31 04:25:17.238981,VIN-690756,3455,102,P0300,⚠️ CRITICAL DEVIATION DETECTED,2026-07-31 02:38:39.633634
2026-07-31 04:25:19.238981,VIN-553405,3229,101,P0300,⚠️ CRITICAL DEVIATION DETECTED,2026-07-31 02:38:39.636710
2026-07-31 04:25:22.238981,VIN-629750,2922,85,P0300,⚠️ CRITICAL DEVIATION DETECTED,2026-07-31 02:38:39.640048
2026-07-31 04:25:24.238981,VIN-473791,1607,95,P0171,⚠️ CRITICAL DEVIATION DETECTED,2026-07-31 02:38:39.643329
2026-07-31 04:25:25.238981,VIN-860798,1830,86,P0300,⚠️ CRITICAL DEVIATION DETECTED,2026-07-31 02:38:39.646622
2026-07-31 04:25:26.238981,VIN-226375,0,104,P0300,⚠️ CRITICAL DEVIATION DETECTED,2026-07-31 02:38:39.649507
2026-07-31 04:25:28.238981,VIN-774369,3486,90,P0420,⚠️ CRITICAL DEVIATION DETECTED,2026-07-31 02:38:39.651980
2026-07-31 04:25:29.238981,VIN-293904,1651,96,P0171,⚠️ CRITICAL DEVIATION DETECTED,2026-07-31 02:38:39.654485
2026-07-31 04:25:30.238981,VIN-299736,3329,105,P0420,⚠️ CRITICAL DEVIATION DETECTED,2026-07-31 02:38:39.657721
2026-07-31 04:25:31.238981,VIN-184654,1903,85,P0420,⚠️ CRITICAL DEVIATION DETECTED,2026-07-31 02:38:39.666145
2026-07-31 04:25:32.238981,VIN-685319,2745,103,P0300,⚠️ CRITICAL DEVIATION DETECTED,2026-07-31 02:38:39.669647
2026-07-31 04:25:34.238981,VIN-946317,1691,104,P0171,⚠️ CRITICAL DEVIATION DETECTED,2026-07-31 02:38:39.673935
2026-07-31 04:25:35.238981,VIN-000241,2597,93,P0420,⚠️ CRITICAL DEVIATION DETECTED,2026-07-31 02:38:39.679016
2026-07-31 04:25:39.238981,VIN-703884,2801,99,P0171,⚠️ CRITICAL DEVIATION DETECTED,2026-07-31 02:38:39.682525
2026-07-31 04:25:41.238981,VIN-755399,3247,102,P0420,⚠️ CRITICAL DEVIATION DETECTED,2026-07-31 02:38:39.685999
2026-07-31 04:25:42.238981,VIN-952409,2848,89,P0420,⚠️ CRITICAL DEVIATION DETECTED,2026-07-31 02:38:39.689080
2026-07-31 04:25:44.238981,VIN-438590,3312,102,P0171,⚠️ CRITICAL DEVIATION DETECTED,2026-07-31 02:38:39.696932
2026-07-31 04:25:48.238981,VIN-750637,0,101,P0300,⚠️ CRITICAL DEVIATION DETECTED,2026-07-31 02:38:39.701766
2026-07-31 04:25:50.238981,VIN-336547,3495,105,P0420,⚠️ CRITICAL DEVIATION DETECTED,2026-07-31 02:38:39.706657
2026-07-31 04:25:51.238981,VIN-911020,3383,88,P0171,⚠️ CRITICAL DEVIATION DETECTED,2026-07-31 02:38:39.710437
2026-07-31 04:25:53.238981,VIN-199680,2763,105,P0171,⚠️ CRITICAL DEVIATION DETECTED,2026-07-31 02:38:39.720908
2026-07-31 04:25:54.238981,VIN-111532,2803,101,P0300,⚠️ CRITICAL DEVIATION DETECTED,2026-07-31 02:38:39.742932
2026-07-31 04:25:59.238981,VIN-591498,1800,98,P0300,⚠️ CRITICAL DEVIATION DETECTED,2026-07-31 02:38:39.757914
2026-07-31 04:26:00.238981,VIN-303152,3213,105,P0171,⚠️ CRITICAL DEVIATION DETECTED,2026-07-31 02:38:39.764222
2026-07-31 04:26:01.238981,VIN-088115,2845,104,P0420,⚠️ CRITICAL DEVIATION DETECTED,2026-07-31 02:38:39.774842
2026-07-31 04:26:04.238981,VIN-400110,2401,97,P0300,⚠️ CRITICAL DEVIATION DETECTED,2026-07-31 02:38:39.780100
2026-07-31 04:26:05.238981,VIN-333153,2807,94,P0420,⚠️ CRITICAL DEVIATION DETECTED,2026-07-31 02:38:39.783266
2026-07-31 04:26:07.238981,VIN-416029,1551,102,P0420,⚠️ CRITICAL DEVIATION DETECTED,2026-07-31 02:38:39.789763
2026-07-31 04:26:10.238981,VIN-577974,1630,89,P0171,⚠️ CRITICAL DEVIATION DETECTED,2026-07-31 02:38:39.799273
2026-07-31 04:26:11.238981,VIN-599206,2361,93,P0420,⚠️ CRITICAL DEVIATION DETECTED,2026-07-31 02:38:39.806145
2026-07-31 04:26:14.238981,VIN-748857,2757,101,P0171,⚠️ CRITICAL DEVIATION DETECTED,2026-07-31 02:38:39.809259
2026-07-31 04:26:18.238981,VIN-301998,2128,96,P0171,⚠️ CRITICAL DEVIATION DETECTED,2026-07-31 02:38:39.812845
2026-07-31 04:26:19.238981,VIN-878812,2686,96,P0420,⚠️ CRITICAL DEVIATION DETECTED,2026-07-31 02:38:39.816028
2026-07-31 04:26:21.238981,VIN-581291,3099,96,P0171,⚠️ CRITICAL DEVIATION DETECTED,2026-07-31 02:38:39.820250
2026-07-31 04:26:23.238981,VIN-647409,2036,90,P0300,⚠️ CRITICAL DEVIATION DETECTED,2026-07-31 02:38:39.834573
2026-07-31 04:26:25.238981,VIN-903470,1748,99,P0171,⚠️ CRITICAL DEVIATION DETECTED,2026-07-31 02:38:39.840382
2026-07-31 04:26:27.238981,VIN-699722,2423,102,P0171,⚠️ CRITICAL DEVIATION DETECTED,2026-07-31 02:38:39.847626
2026-07-31 04:26:28.238981,VIN-844023,2855,88,P0171,⚠️ CRITICAL DEVIATION DETECTED,2026-07-31 02:38:39.852147
2026-07-31 04:26:29.238981,VIN-495132,1830,94,P0420,⚠️ CRITICAL DEVIATION DETECTED,2026-07-31 02:38:39.855818
2026-07-31 04:26:32.238981,VIN-147687,0,96,P0420,⚠️ CRITICAL DEVIATION DETECTED,2026-07-31 02:38:39.861302
2026-07-31 04:26:38.238981,VIN-648050,2037,94,P0300,⚠️ CRITICAL DEVIATION DETECTED,2026-07-31 02:38:39.866328
2026-07-31 04:26:39.238981,VIN-906351,2473,101,P0171,⚠️ CRITICAL DEVIATION DETECTED,2026-07-31 02:38:39.875969
2026-07-31 04:26:41.238981,VIN-541460,2799,97,P0171,⚠️ CRITICAL DEVIATION DETECTED,2026-07-31 02:38:39.881124
2026-07-31 04:26:45.238981,VIN-045547,1989,101,P0300,⚠️ CRITICAL DEVIATION DETECTED,2026-07-31 02:38:39.884430
2026-07-31 04:26:48.238981,VIN-333461,2356,91,P0171,⚠️ CRITICAL DEVIATION DETECTED,2026-07-31 02:38:39.898797
2026-07-31 04:26:49.238981,VIN-506224,1912,86,P0300,⚠️ CRITICAL DEVIATION DETECTED,2026-07-31 02:38:39.904141
2026-07-31 04:26:50.238981,VIN-422165,2851,100,P0300,⚠️ CRITICAL DEVIATION DETECTED,2026-07-31 02:38:39.908179
2026-07-31 04:26:52.238981,VIN-886761,0,92,P0171,⚠️ CRITICAL DEVIATION DETECTED,2026-07-31 02:38:39.913833
2026-07-31 04:26:56.238981,VIN-385944,1760,87,P0171,⚠️ CRITICAL DEVIATION DETECTED,2026-07-31 02:38:39.918345
2026-07-31 04:26:57.238981,VIN-368366,2912,100,P0300,⚠️ CRITICAL DEVIATION DETECTED,2026-07-31 02:38:39.922158
2026-07-31 04:26:58.238981,VIN-702144,2848,94,P0300,⚠️ CRITICAL DEVIATION DETECTED,2026-07-31 02:38:39.935850
2026-07-31 04:26:59.238981,VIN-221894,2363,105,P0420,⚠️ CRITICAL DEVIATION DETECTED,2026-07-31 02:38:39.940768
2026-07-31 04:27:00.238981,VIN-305226,2289,88,P0300,⚠️ CRITICAL DEVIATION DETECTED,2026-07-31 02:38:39.946773
2026-07-31 04:27:05.238981,VIN-938797,2895,100,P0171,⚠️ CRITICAL DEVIATION DETECTED,2026-07-31 02:38:39.950761
2026-07-31 04:27:06.238981,VIN-000723,1946,105,P0171,⚠️ CRITICAL DEVIATION DETECTED,2026-07-31 02:38:39.953820
2026-07-31 04:27:11.238981,VIN-735018,3359,87,P0300,⚠️ CRITICAL DEVIATION DETECTED,2026-07-31 02:38:39.957913
2026-07-31 04:27:12.238981,VIN-558250,3461,90,P0300,⚠️ CRITICAL DEVIATION DETECTED,2026-07-31 02:38:39.964877
2026-07-31 04:27:14.238981,VIN-061921,2993,87,P0420,⚠️ CRITICAL DEVIATION DETECTED,2026-07-31 02:38:39.970188
2026-07-31 04:27:15.238981,VIN-213252,1743,86,P0420,⚠️ CRITICAL DEVIATION DETECTED,2026-07-31 02:38:39.973287
2026-07-31 04:27:16.238981,VIN-270447,3040,95,P0420,⚠️ CRITICAL DEVIATION DETECTED,2026-07-31 02:38:39.977883
2026-07-31 04:27:21.238981,VIN-710540,3393,99,P0420,⚠️ CRITICAL DEVIATION DETECTED,2026-07-31 02:38:39.981577
2026-07-31 04:27:26.238981,VIN-731050,3485,104,P0300,⚠️ CRITICAL DEVIATION DETECTED,2026-07-31 02:38:39.985901
2026-07-31 04:27:28.238981,VIN-567864,2737,87,P0171,⚠️ CRITICAL DEVIATION DETECTED,2026-07-31 02:38:39.995250
2026-07-31 04:27:32.238981,VIN-497526,2019,88,P0420,⚠️ CRITICAL DEVIATION DETECTED,2026-07-31 02:38:40.002588
2026-07-31 04:27:34.238981,VIN-947530,3411,97,P0420,⚠️ CRITICAL DEVIATION DETECTED,2026-07-31 02:38:40.005733
2026-07-31 04:27:36.238981,VIN-685956,2100,100,P0171,⚠️ CRITICAL DEVIATION DETECTED,2026-07-31 02:38:40.009249
2026-07-31 04:27:38.238981,VIN-268692,2261,86,P0171,⚠️ CRITICAL DEVIATION DETECTED,2026-07-31 02:38:40.013340
2026-07-31 04:27:41.238981,VIN-016195,1789,95,P0300,⚠️ CRITICAL DEVIATION DETECTED,2026-07-31 02:38:40.017390
2026-07-31 04:27:46.238981,VIN-409564,2797,103,P0300,⚠️ CRITICAL DEVIATION DETECTED,2026-07-31 02:38:40.021557
2026-07-31 04:27:47.238981,VIN-543825,2550,99,P0171,⚠️ CRITICAL DEVIATION DETECTED,2026-07-31 02:38:40.032379
2026-07-31 04:27:48.238981,VIN-778687,2246,90,P0171,⚠️ CRITICAL DEVIATION DETECTED,2026-07-31 02:38:40.037584
2026-07-31 04:27:50.238981,VIN-131955,3017,105,P0420,⚠️ CRITICAL DEVIATION DETECTED,2026-07-31 02:38:40.042229
2026-07-31 04:27:51.238981,VIN-720286,2603,96,P0300,⚠️ CRITICAL DEVIATION DETECTED,2026-07-31 02:38:40.047270
2026-07-31 04:27:53.238981,VIN-652357,2839,104,P0171,⚠️ CRITICAL DEVIATION DETECTED,2026-07-31 02:38:40.050185
2026-07-31 04:27:57.238981,VIN-430919,2181,86,P0171,⚠️ CRITICAL DEVIATION DETECTED,2026-07-31 02:38:40.052996
2026-07-31 04:28:02.238981,VIN-710899,1568,90,P0300,⚠️ CRITICAL DEVIATION DETECTED,2026-07-31 02:38:40.059783
2026-07-31 04:28:03.238981,VIN-357537,1773,90,P0171,⚠️ CRITICAL DEVIATION DETECTED,2026-07-31 02:38:40.072135
2026-07-31 04:28:04.238981,VIN-501108,2333,86,P0420,⚠️ CRITICAL DEVIATION DETECTED,2026-07-31 02:38:40.076230
2026-07-31 04:28:10.238981,VIN-287477,2966,95,P0420,⚠️ CRITICAL DEVIATION DETECTED,2026-07-31 02:38:40.079971
2026-07-31 04:28:14.238981,VIN-550208,0,92,P0300,⚠️ CRITICAL DEVIATION DETECTED,2026-07-31 02:38:40.084668
2026-07-31 04:28:15.238981,VIN-921246,3287,96,P0300,⚠️ CRITICAL DEVIATION DETECTED,2026-07-31 02:38:40.090917
2026-07-31 04:28:17.238981,VIN-364389,2983,99,P0171,⚠️ CRITICAL DEVIATION DETECTED,2026-07-31 02:38:40.102306
2026-07-31 04:28:21.238981,VIN-488566,3383,100,P0420,⚠️ CRITICAL DEVIATION DETECTED,2026-07-31 02:38:40.106141
2026-07-31 04:28:23.238981,VIN-273530,2241,87,P0420,⚠️ CRITICAL DEVIATION DETECTED,2026-07-31 02:38:40.109939
2026-07-31 04:28:26.238981,VIN-594470,3187,94,P0300,⚠️ CRITICAL DEVIATION DETECTED,2026-07-31 02:38:40.115035
2026-07-31 04:28:27.238981,VIN-204150,2254,101,P0171,⚠️ CRITICAL DEVIATION DETECTED,2026-07-31 02:38:40.118731
2026-07-31 04:28:28.238981,VIN-421738,3113,88,P0420,⚠️ CRITICAL DEVIATION DETECTED,2026-07-31 02:38:40.124808
2026-07-31 04:28:31.238981,VIN-767570,2277,90,P0420,⚠️ CRITICAL DEVIATION DETECTED,2026-07-31 02:38:40.134011
2026-07-31 04:28:34.238981,VIN-370055,1711,100,P0300,⚠️ CRITICAL DEVIATION DETECTED,2026-07-31 02:38:40.142635
2026-07-31 04:28:36.238981,VIN-775795,1796,100,P0420,⚠️ CRITICAL DEVIATION DETECTED,2026-07-31 02:38:40.147080
2026-07-31 04:28:38.238981,VIN-502153,3248,88,P0171,⚠️ CRITICAL DEVIATION DETECTED,2026-07-31 02:38:40.150925
2026-07-31 04:28:39.238981,VIN-980139,2049,102,P0420,⚠️ CRITICAL DEVIATION DETECTED,2026-07-31 02:38:40.155176
2026-07-31 04:28:44.238981,VIN-439566,1791,102,P0420,⚠️ CRITICAL DEVIATION DETECTED,2026-07-31 02:38:40.166159
2026-07-31 04:28:45.238981,VIN-480336,2156,88,P0171,⚠️ CRITICAL DEVIATION DETECTED,2026-07-31 02:38:40.173977
2026-07-31 04:28:46.238981,VIN-364434,2065,101,P0300,⚠️ CRITICAL DEVIATION DETECTED,2026-07-31 02:38:40.177448
2026-07-31 04:28:51.238981,VIN-378614,1564,90,P0300,⚠️ CRITICAL DEVIATION DETECTED,2026-07-31 02:38:40.180676
2026-07-31 04:28:53.238981,VIN-033011,2253,99,P0420,⚠️ CRITICAL DEVIATION DETECTED,2026-07-31 02:38:40.184013
2026-07-31 04:28:57.238981,VIN-711035,2768,105,P0171,⚠️ CRITICAL DEVIATION DETECTED,2026-07-31 02:38:40.186755
2026-07-31 04:29:03.238981,VIN-642685,3320,92,P0420,⚠️ CRITICAL DEVIATION DETECTED,2026-07-31 02:38:40.190082
2026-07-31 04:29:05.238981,VIN-466146,2753,89,P0420,⚠️ CRITICAL DEVIATION DETECTED,2026-07-31 02:38:40.201532
2026-07-31 04:29:08.238981,VIN-679195,2411,91,P0171,⚠️ CRITICAL DEVIATION DETECTED,2026-07-31 02:38:40.207710
2026-07-31 04:29:09.238981,VIN-304898,2821,91,P0300,⚠️ CRITICAL DEVIATION DETECTED,2026-07-31 02:38:40.211153
2026-07-31 04:29:11.238981,VIN-003372,1655,90,P0171,⚠️ CRITICAL DEVIATION DETECTED,2026-07-31 02:38:40.214817
2026-07-31 04:29:12.238981,VIN-432540,1626,89,P0300,⚠️ CRITICAL DEVIATION DETECTED,2026-07-31 02:38:40.219026
2026-07-31 04:29:13.238981,VIN-146842,3444,90,P0171,⚠️ CRITICAL DEVIATION DETECTED,2026-07-31 02:38:40.222551
2026-07-31 04:29:14.238981,VIN-539699,3043,92,P0300,⚠️ CRITICAL DEVIATION DETECTED,2026-07-31 02:38:40.229894
2026-07-31 04:29:15.238981,VIN-188258,2555,88,P0171,⚠️ CRITICAL DEVIATION DETECTED,2026-07-31 02:38:40.236453
2026-07-31 04:29:23.238981,VIN-088575,2253,98,P0420,⚠️ CRITICAL DEVIATION DETECTED,2026-07-31 02:38:40.239485
2026-07-31 04:29:24.238981,VIN-618410,1668,88,P0300,⚠️ CRITICAL DEVIATION DETECTED,2026-07-31 02:38:40.242799
2026-07-31 04:29:25.238981,VIN-741039,2822,99,P0420,⚠️ CRITICAL DEVIATION DETECTED,2026-07-31 02:38:40.246913
2026-07-31 04:29:26.238981,VIN-760350,2769,96,P0171,⚠️ CRITICAL DEVIATION DETECTED,2026-07-31 02:38:40.249721
2026-07-31 04:29:27.238981,VIN-530664,1531,86,P0420,⚠️ CRITICAL DEVIATION DETECTED,2026-07-31 02:38:40.253974
2026-07-31 04:29:30.238981,VIN-372235,2281,85,P0171,⚠️ CRITICAL DEVIATION DETECTED,2026-07-31 02:38:40.260105
2026-07-31 04:29:32.238981,VIN-529968,2570,102,P0171,⚠️ CRITICAL DEVIATION DETECTED,2026-07-31 02:38:40.265000
2026-07-31 04:29:35.238981,VIN-518659,0,89,P0171,⚠️ CRITICAL DEVIATION DETECTED,2026-07-31 02:38:40.271776
2026-07-31 04:29:37.238981,VIN-347326,1796,95,P0300,⚠️ CRITICAL DEVIATION DETECTED,2026-07-31 02:38:40.275859
2026-07-31 04:29:40.238981,VIN-231452,2037,96,P0300,⚠️ CRITICAL DEVIATION DETECTED,2026-07-31 02:38:40.279310
2026-07-31 04:29:45.238981,VIN-596017,2259,105,P0171,⚠️ CRITICAL DEVIATION DETECTED,2026-07-31 02:38:40.282462
2026-07-31 04:29:46.238981,VIN-375833,3012,104,P0420,⚠️ CRITICAL DEVIATION DETECTED,2026-07-31 02:38:40.286978
2026-07-31 04:29:47.238981,VIN-443618,2932,105,P0171,⚠️ CRITICAL DEVIATION DETECTED,2026-07-31 02:38:40.290253
2026-07-31 04:29:48.238981,VIN-768892,3332,87,P0171,⚠️ CRITICAL DEVIATION DETECTED,2026-07-31 02:38:40.301580
2026-07-31 04:29:50.238981,VIN-405281,2077,96,P0420,⚠️ CRITICAL DEVIATION DETECTED,2026-07-31 02:38:40.307858
2026-07-31 04:29:51.238981,VIN-107200,2703,92,P0300,⚠️ CRITICAL DEVIATION DETECTED,2026-07-31 02:38:40.311304
2026-07-31 04:29:53.238981,VIN-408655,2423,94,P0171,⚠️ CRITICAL DEVIATION DETECTED,2026-07-31 02:38:40.314703
2026-07-31 04:29:55.238981,VIN-400248,3107,93,P0300,⚠️ CRITICAL DEVIATION DETECTED,2026-07-31 02:38:40.318226
2026-07-31 04:29:57.238981,VIN-837635,1875,101,P0300,⚠️ CRITICAL DEVIATION DETECTED,2026-07-31 02:38:40.322039
2026-07-31 04:29:59.238981,VIN-311167,2618,86,P0420,⚠️ CRITICAL DEVIATION DETECTED,2026-07-31 02:38:40.327853
2026-07-31 04:30:00.238981,VIN-187562,3319,95,P0171,⚠️ CRITICAL DEVIATION DETECTED,2026-07-31 02:38:40.333787
2026-07-31 04:30:04.238981,VIN-241715,3390,105,P0171,⚠️ CRITICAL DEVIATION DETECTED,2026-07-31 02:38:40.337416
2026-07-31 04:30:07.238981,VIN-889144,1555,104,P0420,⚠️ CRITICAL DEVIATION DETECTED,2026-07-31 02:38:40.342033
2026-07-31 04:30:14.238981,VIN-294277,2556,102,P0420,⚠️ CRITICAL DEVIATION DETECTED,2026-07-31 02:38:40.345268
2026-07-31 04:30:18.238981,VIN-776635,2094,90,P0420,⚠️ CRITICAL DEVIATION DETECTED,2026-07-31 02:38:40.348317
2026-07-31 04:30:19.238981,VIN-369505,1868,93,P0171,⚠️ CRITICAL DEVIATION DETECTED,2026-07-31 02:38:40.353753
2026-07-31 04:30:21.238981,VIN-598467,3462,105,P0171,⚠️ CRITICAL DEVIATION DETECTED,2026-07-31 02:38:40.360488
2026-07-31 04:30:22.238981,VIN-650083,3039,102,P0171,⚠️ CRITICAL DEVIATION DETECTED,2026-07-31 02:38:40.364996
2026-07-31 04:30:23.238981,VIN-211574,1664,99,P0171,⚠️ CRITICAL DEVIATION DETECTED,2026-07-31 02:38:40.370341
2026-07-31 04:30:26.238981,VIN-802010,1860,93,P0420,⚠️ CRITICAL DEVIATION DETECTED,2026-07-31 02:38:40.373861
2026-07-31 04:30:29.238981,VIN-261619,3254,105,P0420,⚠️ CRITICAL DEVIATION DETECTED,2026-07-31 02:38:40.379995
2026-07-31 04:30:31.238981,VIN-645263,1784,105,P0420,⚠️ CRITICAL DEVIATION DETECTED,2026-07-31 02:38:40.383748
2026-07-31 04:30:35.238981,VIN-014483,2254,94,P0171,⚠️ CRITICAL DEVIATION DETECTED,2026-07-31 02:38:40.387131
2026-07-31 04:30:37.238981,VIN-233022,2339,105,P0420,⚠️ CRITICAL DEVIATION DETECTED,2026-07-31 02:38:40.395698
2026-07-31 04:30:42.238981,VIN-227297,3073,87,P0300,⚠️ CRITICAL DEVIATION DETECTED,2026-07-31 02:38:40.410310
2026-07-31 04:30:43.238981,VIN-777242,2615,101,P0171,⚠️ CRITICAL DEVIATION DETECTED,2026-07-31 02:38:40.414277
2026-07-31 04:30:44.238981,VIN-472606,2086,99,P0300,⚠️ CRITICAL DEVIATION DETECTED,2026-07-31 02:38:40.419819
2026-07-31 04:30:48.238981,VIN-617270,1950,101,P0420,⚠️ CRITICAL DEVIATION DETECTED,2026-07-31 02:38:40.422754
2026-07-31 04:30:51.238981,VIN-535309,2705,100,P0420,⚠️ CRITICAL DEVIATION DETECTED,2026-07-31 02:38:40.437248
2026-07-31 04:30:52.238981,VIN-537490,1587,94,P0420,⚠️ CRITICAL DEVIATION DETECTED,2026-07-31 02:38:40.444062
2026-07-31 04:30:53.238981,VIN-413260,1630,89,P0420,⚠️ CRITICAL DEVIATION DETECTED,2026-07-31 02:38:40.453952
2026-07-31 04:30:54.238981,VIN-482243,2084,88,P0300,⚠️ CRITICAL DEVIATION DETECTED,2026-07-31 02:38:40.459117
2026-07-31 04:30:55.238981,VIN-789418,2113,85,P0420,⚠️ CRITICAL DEVIATION DETECTED,2026-07-31 02:38:40.470714
2026-07-31 04:30:56.238981,VIN-077065,3010,102,P0300,⚠️ CRITICAL DEVIATION DETECTED,2026-07-31 02:38:40.474648
2026-07-31 04:30:58.238981,VIN-038397,2417,96,P0171,⚠️ CRITICAL DEVIATION DETECTED,2026-07-31 02:38:40.483622
2026-07-31 04:30:59.238981,VIN-385287,2120,88,P0171,⚠️ CRITICAL DEVIATION DETECTED,2026-07-31 02:38:40.488867
2026-07-31 04:31:04.238981,VIN-182034,0,85,P0171,⚠️ CRITICAL DEVIATION DETECTED,2026-07-31 02:38:40.509045
2026-07-31 04:31:07.238981,VIN-919632,3104,104,P0420,⚠️ CRITICAL DEVIATION DETECTED,2026-07-31 02:38:40.547321
2026-07-31 04:31:08.238981,VIN-886860,1507,97,P0171,⚠️ CRITICAL DEVIATION DETECTED,2026-07-31 02:38:40.553227
2026-07-31 04:31:12.238981,VIN-868757,3412,90,P0171,⚠️ CRITICAL DEVIATION DETECTED,2026-07-31 02:38:40.565213
2026-07-31 04:31:13.238981,VIN-436319,2013,92,P0300,⚠️ CRITICAL DEVIATION DETECTED,2026-07-31 02:38:40.575043
2026-07-31 04:31:14.238981,VIN-489782,2013,100,P0420,⚠️ CRITICAL DEVIATION DETECTED,2026-07-31 02:38:40.578987
2026-07-31 04:31:16.238981,VIN-618414,2011,88,P0171,⚠️ CRITICAL DEVIATION DETECTED,2026-07-31 02:38:40.584125
2026-07-31 04:31:18.238981,VIN-933859,1960,93,P0420,⚠️ CRITICAL DEVIATION DETECTED,2026-07-31 02:38:40.601169
2026-07-31 04:31:20.238981,VIN-094357,1953,95,P0300,⚠️ CRITICAL DEVIATION DETECTED,2026-07-31 02:38:40.608911
2026-07-31 04:31:23.238981,VIN-773982,1899,90,P0300,⚠️ CRITICAL DEVIATION DETECTED,2026-07-31 02:38:40.616982
2026-07-31 04:31:24.238981,VIN-510963,3470,103,P0300,⚠️ CRITICAL DEVIATION DETECTED,2026-07-31 02:38:40.623003
2026-07-31 04:31:25.238981,VIN-523733,2555,98,P0171,⚠️ CRITICAL DEVIATION DETECTED,2026-07-31 02:38:40.633646
2026-07-31 04:31:30.238981,VIN-103654,1951,103,P0420,⚠️ CRITICAL DEVIATION DETECTED,2026-07-31 02:38:40.646065
2026-07-31 04:31:31.238981,VIN-603278,3226,88,P0171,⚠️ CRITICAL DEVIATION DETECTED,2026-07-31 02:38:40.655649
2026-07-31 04:31:32.238981,VIN-508095,3387,98,P0171,⚠️ CRITICAL DEVIATION DETECTED,2026-07-31 02:38:40.675221
2026-07-31 04:31:33.238981,VIN-525869,3158,102,P0171,⚠️ CRITICAL DEVIATION DETECTED,2026-07-31 02:38:40.685057
2026-07-31 04:31:35.238981,VIN-427469,2340,87,P0420,⚠️ CRITICAL DEVIATION DETECTED,2026-07-31 02:38:40.692385
2026-07-31 04:31:37.238981,VIN-910445,2995,94,P0420,⚠️ CRITICAL DEVIATION DETECTED,2026-07-31 02:38:40.708448
2026-07-31 04:31:38.238981,VIN-653501,2635,91,P0171,⚠️ CRITICAL DEVIATION DETECTED,2026-07-31 02:38:40.714027
2026-07-31 04:31:40.238981,VIN-882259,2011,98,P0300,⚠️ CRITICAL DEVIATION DETECTED,2026-07-31 02:38:40.720253
2026-07-31 04:31:44.238981,VIN-613825,1780,85,P0420,⚠️ CRITICAL DEVIATION DETECTED,2026-07-31 02:38:40.728886
2026-07-31 04:31:45.238981,VIN-929605,2500,97,P0420,⚠️ CRITICAL DEVIATION DETECTED,2026-07-31 02:38:40.741284
2026-07-31 04:31:49.238981,VIN-161134,1736,91,P0300,⚠️ CRITICAL DEVIATION DETECTED,2026-07-31 02:38:40.744922
2026-07-31 04:31:50.238981,VIN-876898,1800,102,P0171,⚠️ CRITICAL DEVIATION DETECTED,2026-07-31 02:38:40.752112
2026-07-31 04:31:53.238981,VIN-544078,2073,88,P0300,⚠️ CRITICAL DEVIATION DETECTED,2026-07-31 02:38:40.772192
2026-07-31 04:31:54.238981,VIN-814169,3413,86,P0171,⚠️ CRITICAL DEVIATION DETECTED,2026-07-31 02:38:40.779824
2026-07-31 04:31:57.238981,VIN-882411,3019,98,P0420,⚠️ CRITICAL DEVIATION DETECTED,2026-07-31 02:38:40.789100
2026-07-31 04:32:01.238981,VIN-491368,2283,92,P0300,⚠️ CRITICAL DEVIATION DETECTED,2026-07-31 02:38:40.805146
2026-07-31 04:32:07.238981,VIN-770344,2888,85,P0171,⚠️ CRITICAL DEVIATION DETECTED,2026-07-31 02:38:40.809728
2026-07-31 04:32:10.238981,VIN-845313,2859,87,P0420,⚠️ CRITICAL DEVIATION DETECTED,2026-07-31 02:38:40.813359
2026-07-31 04:32:17.238981,VIN-888259,1810,86,P0171,⚠️ CRITICAL DEVIATION DETECTED,2026-07-31 02:38:40.817613
2026-07-31 04:32:19.238981,VIN-286518,1644,86,P0300,⚠️ CRITICAL DEVIATION DETECTED,2026-07-31 02:38:40.821956
2026-07-31 04:32:26.238981,VIN-179101,2486,105,P0171,⚠️ CRITICAL DEVIATION DETECTED,2026-07-31 02:38:40.831383
2026-07-31 04:32:31.238981,VIN-190088,2455,90,P0171,⚠️ CRITICAL DEVIATION DETECTED,2026-07-31 02:38:40.840210
2026-07-31 04:32:32.238981,VIN-917673,1946,93,P0171,⚠️ CRITICAL DEVIATION DETECTED,2026-07-31 02:38:40.845084
2026-07-31 04:32:33.238981,VIN-292503,2784,94,P0420,⚠️ CRITICAL DEVIATION DETECTED,2026-07-31 02:38:40.849789
2026-07-31 04:32:35.238981,VIN-253068,3403,89,P0420,⚠️ CRITICAL DEVIATION DETECTED,2026-07-31 02:38:40.853445
2026-07-31 04:32:40.238981,VIN-272448,2731,85,P0300,⚠️ CRITICAL DEVIATION DETECTED,2026-07-31 02:38:40.857678
2026-07-31 04:32:41.238981,VIN-216924,2995,104,P0171,⚠️ CRITICAL DEVIATION DETECTED,2026-07-31 02:38:40.866030
2026-07-31 04:32:42.238981,VIN-508400,3391,94,P0420,⚠️ CRITICAL DEVIATION DETECTED,2026-07-31 02:38:40.874451
2026-07-31 04:32:46.238981,VIN-781622,2347,104,P0171,⚠️ CRITICAL DEVIATION DETECTED,2026-07-31 02:38:40.880043
2026-07-31 04:32:47.238981,VIN-862570,2476,94,P0300,⚠️ CRITICAL DEVIATION DETECTED,2026-07-31 02:38:40.884830
2026-07-31 04:32:49.238981,VIN-316883,2119,89,P0300,⚠️ CRITICAL DEVIATION DETECTED,2026-07-31 02:38:40.889997
2026-07-31 04:32:50.238981,VIN-142023,2200,86,P0300,⚠️ CRITICAL DEVIATION DETECTED,2026-07-31 02:38:40.901635
2026-07-31 04:32:55.238981,VIN-200366,2060,87,P0300,⚠️ CRITICAL DEVIATION DETECTED,2026-07-31 02:38:40.932083
2026-07-31 04:32:56.238981,VIN-764325,3220,87,P0300,⚠️ CRITICAL DEVIATION DETECTED,2026-07-31 02:38:40.941670
2026-07-31 04:32:57.238981,VIN-829590,1990,100,P0300,⚠️ CRITICAL DEVIATION DETECTED,2026-07-31 02:38:40.946780
2026-07-31 04:32:58.238981,VIN-988359,2601,95,P0171,⚠️ CRITICAL DEVIATION DETECTED,2026-07-31 02:38:40.952344
2026-07-31 04:32:59.238981,VIN-516426,2235,89,P0171,⚠️ CRITICAL DEVIATION DETECTED,2026-07-31 02:38:40.955740
2026-07-31 04:33:00.238981,VIN-079301,2584,91,P0420,⚠️ CRITICAL DEVIATION DETECTED,2026-07-31 02:38:40.962385
2026-07-31 04:33:02.238981,VIN-239135,2145,101,P0420,⚠️ CRITICAL DEVIATION DETECTED,2026-07-31 02:38:40.970381
2026-07-31 04:33:04.238981,VIN-384323,2288,88,P0420,⚠️ CRITICAL DEVIATION DETECTED,2026-07-31 02:38:40.982818
2026-07-31 04:33:05.238981,VIN-909947,1775,100,P0300,⚠️ CRITICAL DEVIATION DETECTED,2026-07-31 02:38:40.986851
2026-07-31 04:33:08.238981,VIN-744188,2459,93,P0171,⚠️ CRITICAL DEVIATION DETECTED,2026-07-31 02:38:41.005338
2026-07-31 04:33:19.238981,VIN-077106,3147,98,P0300,⚠️ CRITICAL DEVIATION DETECTED,2026-07-31 02:38:41.022440
2026-07-31 04:33:24.238981,VIN-321567,1713,87,P0171,⚠️ CRITICAL DEVIATION DETECTED,2026-07-31 02:38:41.055651
2026-07-31 04:33:25.238981,VIN-546642,3192,97,P0300,⚠️ CRITICAL DEVIATION DETECTED,2026-07-31 02:38:41.121173
2026-07-31 04:33:26.238981,VIN-129695,1767,93,P0300,⚠️ CRITICAL DEVIATION DETECTED,2026-07-31 02:38:41.169495
2026-07-31 04:33:27.238981,VIN-008285,3238,103,P0300,⚠️ CRITICAL DEVIATION DETECTED,2026-07-31 02:38:41.174559
2026-07-31 04:33:32.238981,VIN-353832,2269,95,P0420,⚠️ CRITICAL DEVIATION DETECTED,2026-07-31 02:38:41.180257
2026-07-31 04:33:35.238981,VIN-488808,3195,103,P0171,⚠️ CRITICAL DEVIATION DETECTED,2026-07-31 02:38:41.187687
2026-07-31 04:33:36.238981,VIN-411182,1822,94,P0300,⚠️ CRITICAL DEVIATION DETECTED,2026-07-31 02:38:41.192530
2026-07-31 04:33:38.238981,VIN-306370,2665,87,P0420,⚠️ CRITICAL DEVIATION DETECTED,2026-07-31 02:38:41.197580
2026-07-31 04:33:40.238981,VIN-197667,2551,89,P0171,⚠️ CRITICAL DEVIATION DETECTED,2026-07-31 02:38:41.201782
2026-07-31 04:33:41.238981,VIN-539410,0,92,P0420,⚠️ CRITICAL DEVIATION DETECTED,2026-07-31 02:38:41.208220
2026-07-31 04:33:46.238981,VIN-220103,2819,101,P0300,⚠️ CRITICAL DEVIATION DETECTED,2026-07-31 02:38:41.212123
2026-07-31 04:33:47.238981,VIN-187495,1948,91,P0300,⚠️ CRITICAL DEVIATION DETECTED,2026-07-31 02:38:41.216820
2026-07-31 04:33:49.238981,VIN-205871,2163,99,P0420,⚠️ CRITICAL DEVIATION DETECTED,2026-07-31 02:38:41.221202
2026-07-31 04:33:52.238981,VIN-610001,1745,87,P0171,⚠️ CRITICAL DEVIATION DETECTED,2026-07-31 02:38:41.225124
2026-07-31 04:33:54.238981,VIN-926696,2497,92,P0420,⚠️ CRITICAL DEVIATION DETECTED,2026-07-31 02:38:41.231509
2026-07-31 04:33:57.238981,VIN-969729,0,87,P0171,⚠️ CRITICAL DEVIATION DETECTED,2026-07-31 02:38:41.239105
2026-07-31 04:33:58.238981,VIN-535369,2515,91,P0420,⚠️ CRITICAL DEVIATION DETECTED,2026-07-31 02:38:41.242874
2026-07-31 04:33:59.238981,VIN-941449,3203,91,P0300,⚠️ CRITICAL DEVIATION DETECTED,2026-07-31 02:38:41.245911
2026-07-31 04:34:00.238981,VIN-550936,2084,93,P0300,⚠️ CRITICAL DEVIATION DETECTED,2026-07-31 02:38:41.249008
2026-07-31 04:34:03.238981,VIN-559342,1790,105,P0300,⚠️ CRITICAL DEVIATION DETECTED,2026-07-31 02:38:41.252832
2026-07-31 04:34:04.238981,VIN-127901,3405,85,P0300,⚠️ CRITICAL DEVIATION DETECTED,2026-07-31 02:38:41.256585
2026-07-31 04:34:06.238981,VIN-919845,3271,104,P0300,⚠️ CRITICAL DEVIATION DETECTED,2026-07-31 02:38:41.269955
2026-07-31 04:34:09.238981,VIN-738683,1742,90,P0300,⚠️ CRITICAL DEVIATION DETECTED,2026-07-31 02:38:41.274853
2026-07-31 04:34:10.238981,VIN-758890,2614,91,P0300,⚠️ CRITICAL DEVIATION DETECTED,2026-07-31 02:38:41.278914
2026-07-31 04:34:16.238981,VIN-802503,1759,90,P0300,⚠️ CRITICAL DEVIATION DETECTED,2026-07-31 02:38:41.290173
2026-07-31 04:34:17.238981,VIN-577517,0,94,P0171,⚠️ CRITICAL DEVIATION DETECTED,2026-07-31 02:38:41.299750
2026-07-31 04:34:25.238981,VIN-885483,3188,90,P0171,⚠️ CRITICAL DEVIATION DETECTED,2026-07-31 02:38:41.304268
2026-07-31 04:34:26.238981,VIN-239398,1773,91,P0300,⚠️ CRITICAL DEVIATION DETECTED,2026-07-31 02:38:41.307949
2026-07-31 04:34:27.238981,VIN-490636,2457,104,P0300,⚠️ CRITICAL DEVIATION DETECTED,2026-07-31 02:38:41.311075
2026-07-31 04:34:28.238981,VIN-046119,2769,105,P0420,⚠️ CRITICAL DEVIATION DETECTED,2026-07-31 02:38:41.314238
2026-07-31 04:34:31.238981,VIN-550879,1771,95,P0300,⚠️ CRITICAL DEVIATION DETECTED,2026-07-31 02:38:41.318026
2026-07-31 04:34:36.238981,VIN-198420,3332,92,P0300,⚠️ CRITICAL DEVIATION DETECTED,2026-07-31 02:38:41.322187
2026-07-31 04:34:38.238981,VIN-408287,3058,99,P0420,⚠️ CRITICAL DEVIATION DETECTED,2026-07-31 02:38:41.327588
2026-07-31 04:34:40.238981,VIN-207439,2778,91,P0300,⚠️ CRITICAL DEVIATION DETECTED,2026-07-31 02:38:41.332921
2026-07-31 04:34:41.238981,VIN-805811,3442,100,P0420,⚠️ CRITICAL DEVIATION DETECTED,2026-07-31 02:38:41.337004
2026-07-31 04:34:46.238981,VIN-611116,2210,86,P0420,⚠️ CRITICAL DEVIATION DETECTED,2026-07-31 02:38:41.340038
2026-07-31 04:34:50.238981,VIN-069642,3216,88,P0420,⚠️ CRITICAL DEVIATION DETECTED,2026-07-31 02:38:41.343876
2026-07-31 04:34:52.238981,VIN-722191,2267,100,P0300,⚠️ CRITICAL DEVIATION DETECTED,2026-07-31 02:38:41.347217
2026-07-31 04:34:53.238981,VIN-159254,3376,92,P0171,⚠️ CRITICAL DEVIATION DETECTED,2026-07-31 02:38:41.351420
2026-07-31 04:34:55.238981,VIN-933603,2398,98,P0171,⚠️ CRITICAL DEVIATION DETECTED,2026-07-31 02:38:41.355764
2026-07-31 04:35:02.238981,VIN-037293,1639,91,P0171,⚠️ CRITICAL DEVIATION DETECTED,2026-07-31 02:38:41.360010
2026-07-31 04:35:03.238981,VIN-696957,3190,88,P0300,⚠️ CRITICAL DEVIATION DETECTED,2026-07-31 02:38:41.369811
2026-07-31 04:35:05.238981,VIN-447351,2348,85,P0300,⚠️ CRITICAL DEVIATION DETECTED,2026-07-31 02:38:41.374927
2026-07-31 04:35:07.238981,VIN-413065,1965,93,P0171,⚠️ CRITICAL DEVIATION DETECTED,2026-07-31 02:38:41.379143
2026-07-31 04:35:08.238981,VIN-730008,2094,91,P0171,⚠️ CRITICAL DEVIATION DETECTED,2026-07-31 02:38:41.383676
2026-07-31 04:35:11.238981,VIN-453974,2197,98,P0420,⚠️ CRITICAL DEVIATION DETECTED,2026-07-31 02:38:41.387237
2026-07-31 04:35:14.238981,VIN-017653,0,94,P0171,⚠️ CRITICAL DEVIATION DETECTED,2026-07-31 02:38:41.391207
2026-07-31 04:35:15.238981,VIN-099098,1559,98,P0300,⚠️ CRITICAL DEVIATION DETECTED,2026-07-31 02:38:41.396266
2026-07-31 04:35:19.238981,VIN-115483,2003,103,P0300,⚠️ CRITICAL DEVIATION DETECTED,2026-07-31 02:38:41.400284
2026-07-31 04:35:21.238981,VIN-199230,2670,99,P0420,⚠️ CRITICAL DEVIATION DETECTED,2026-07-31 02:38:41.416326
2026-07-31 04:35:23.238981,VIN-170968,3126,88,P0420,⚠️ CRITICAL DEVIATION DETECTED,2026-07-31 02:38:41.420441
2026-07-31 04:35:25.238981,VIN-291277,1951,105,P0171,⚠️ CRITICAL DEVIATION DETECTED,2026-07-31 02:38:41.424545
2026-07-31 04:35:27.238981,VIN-241548,1664,100,P0171,⚠️ CRITICAL DEVIATION DETECTED,2026-07-31 02:38:41.430045
2026-07-31 04:35:29.238981,VIN-242217,2607,99,P0420,⚠️ CRITICAL DEVIATION DETECTED,2026-07-31 02:38:41.435800
2026-07-31 04:35:30.238981,VIN-539449,2751,86,P0171,⚠️ CRITICAL DEVIATION DETECTED,2026-07-31 02:38:41.439639
2026-07-31 04:35:31.238981,VIN-926099,2415,104,P0171,⚠️ CRITICAL DEVIATION DETECTED,2026-07-31 02:38:41.443902
2026-07-31 04:35:33.238981,VIN-881549,3381,100,P0171,⚠️ CRITICAL DEVIATION DETECTED,2026-07-31 02:38:41.448236
2026-07-31 04:35:34.238981,VIN-449022,2760,100,P0300,⚠️ CRITICAL DEVIATION DETECTED,2026-07-31 02:38:41.453212
2026-07-31 04:35:35.238981,VIN-554569,3155,86,P0171,⚠️ CRITICAL DEVIATION DETECTED,2026-07-31 02:38:41.457117
2026-07-31 04:35:36.238981,VIN-873390,2142,96,P0420,⚠️ CRITICAL DEVIATION DETECTED,2026-07-31 02:38:41.461477
2026-07-31 04:35:37.238981,VIN-889400,2818,93,P0420,⚠️ CRITICAL DEVIATION DETECTED,2026-07-31 02:38:41.465401
2026-07-31 04:35:38.238981,VIN-591720,2870,99,P0300,⚠️ CRITICAL DEVIATION DETECTED,2026-07-31 02:38:41.469110
2026-07-31 04:35:39.238981,VIN-841575,1557,98,P0171,⚠️ CRITICAL DEVIATION DETECTED,2026-07-31 02:38:41.472936
2026-07-31 04:35:41.238981,VIN-277053,2547,103,P0300,⚠️ CRITICAL DEVIATION DETECTED,2026-07-31 02:38:41.477037
2026-07-31 04:35:44.238981,VIN-659474,3130,104,P0171,⚠️ CRITICAL DEVIATION DETECTED,2026-07-31 02:38:41.481089
2026-07-31 04:35:46.238981,VIN-852534,2423,101,P0420,⚠️ CRITICAL DEVIATION DETECTED,2026-07-31 02:38:41.485277
2026-07-31 04:35:47.238981,VIN-002006,3178,89,P0171,⚠️ CRITICAL DEVIATION DETECTED,2026-07-31 02:38:41.489539
2026-07-31 04:35:52.238981,VIN-653720,3005,105,P0300,⚠️ CRITICAL DEVIATION DETECTED,2026-07-31 02:38:41.493537
2026-07-31 04:35:57.238981,VIN-928580,1942,92,P0300,⚠️ CRITICAL DEVIATION DETECTED,2026-07-31 02:38:41.498216
2026-07-31 04:35:59.238981,VIN-497502,2825,86,P0300,⚠️ CRITICAL DEVIATION DETECTED,2026-07-31 02:38:41.502078
2026-07-31 04:36:09.238981,VIN-123595,3021,101,P0171,⚠️ CRITICAL DEVIATION DETECTED,2026-07-31 02:38:41.506166
2026-07-31 04:36:11.238981,VIN-845001,2641,105,P0420,⚠️ CRITICAL DEVIATION DETECTED,2026-07-31 02:38:41.509584
2026-07-31 04:36:12.238981,VIN-415032,2089,94,P0300,⚠️ CRITICAL DEVIATION DETECTED,2026-07-31 02:38:41.512704
2026-07-31 04:36:14.238981,VIN-019029,1771,102,P0171,⚠️ CRITICAL DEVIATION DETECTED,2026-07-31 02:38:41.515476
2026-07-31 04:36:17.238981,VIN-190117,1844,89,P0420,⚠️ CRITICAL DEVIATION DETECTED,2026-07-31 02:38:41.519217
2026-07-31 04:36:19.238981,VIN-758026,1938,95,P0300,⚠️ CRITICAL DEVIATION DETECTED,2026-07-31 02:38:41.522406
2026-07-31 04:36:21.238981,VIN-340973,3007,102,P0171,⚠️ CRITICAL DEVIATION DETECTED,2026-07-31 02:38:41.527718
2026-07-31 04:36:24.238981,VIN-030580,1507,94,P0171,⚠️ CRITICAL DEVIATION DETECTED,2026-07-31 02:38:41.530991
2026-07-31 04:36:26.238981,VIN-687813,2881,92,P0300,⚠️ CRITICAL DEVIATION DETECTED,2026-07-31 02:38:41.533933
2026-07-31 04:36:28.238981,VIN-512509,3444,101,P0300,⚠️ CRITICAL DEVIATION DETECTED,2026-07-31 02:38:41.537722
2026-07-31 04:36:32.238981,VIN-014553,2643,98,P0420,⚠️ CRITICAL DEVIATION DETECTED,2026-07-31 02:38:41.541733
2026-07-31 04:36:36.238981,VIN-710895,3383,105,P0300,⚠️ CRITICAL DEVIATION DETECTED,2026-07-31 02:38:41.545066
2026-07-31 04:36:38.238981,VIN-882862,1661,94,P0300,⚠️ CRITICAL DEVIATION DETECTED,2026-07-31 02:38:41.548006
2026-07-31 04:36:39.238981,VIN-501306,1850,91,P0171,⚠️ CRITICAL DEVIATION DETECTED,2026-07-31 02:38:41.551246
2026-07-31 04:36:40.238981,VIN-711462,3357,86,P0171,⚠️ CRITICAL DEVIATION DETECTED,2026-07-31 02:38:41.554645
2026-07-31 04:36:42.238981,VIN-882944,1529,91,P0171,⚠️ CRITICAL DEVIATION DETECTED,2026-07-31 02:38:41.557777
2026-07-31 04:36:46.238981,VIN-651833,3015,89,P0300,⚠️ CRITICAL DEVIATION DETECTED,2026-07-31 02:38:41.562254
2026-07-31 04:36:47.238981,VIN-115384,3173,95,P0300,⚠️ CRITICAL DEVIATION DETECTED,2026-07-31 02:38:41.565323
2026-07-31 04:36:50.238981,VIN-714944,3142,93,P0300,⚠️ CRITICAL DEVIATION DETECTED,2026-07-31 02:38:41.569977
2026-07-31 04:36:53.238981,VIN-882904,2954,92,P0420,⚠️ CRITICAL DEVIATION DETECTED,2026-07-31 02:38:41.573049
2026-07-31 04:36:54.238981,VIN-750776,2805,87,P0300,⚠️ CRITICAL DEVIATION DETECTED,2026-07-31 02:38:41.575374
2026-07-31 04:36:59.238981,VIN-809755,1578,85,P0420,⚠️ CRITICAL DEVIATION DETECTED,2026-07-31 02:38:41.578366
2026-07-31 04:37:00.238981,VIN-051634,1756,91,P0171,⚠️ CRITICAL DEVIATION DETECTED,2026-07-31 02:38:41.581251
2026-07-31 04:37:01.238981,VIN-050801,2221,92,P0171,⚠️ CRITICAL DEVIATION DETECTED,2026-07-31 02:38:41.584477
2026-07-31 04:37:02.238981,VIN-801367,2297,86,P0300,⚠️ CRITICAL DEVIATION DETECTED,2026-07-31 02:38:41.587997
2026-07-31 04:37:05.238981,VIN-617716,2131,93,P0300,⚠️ CRITICAL DEVIATION DETECTED,2026-07-31 02:38:41.591657
2026-07-31 04:37:08.238981,VIN-188922,1738,97,P0171,⚠️ CRITICAL DEVIATION DETECTED,2026-07-31 02:38:41.596207
2026-07-31 04:37:09.238981,VIN-908445,3441,90,P0420,⚠️ CRITICAL DEVIATION DETECTED,2026-07-31 02:38:41.601775
2026-07-31 04:37:10.238981,VIN-167197,1877,90,P0171,⚠️ CRITICAL DEVIATION DETECTED,2026-07-31 02:38:41.607119
2026-07-31 04:37:11.238981,VIN-082060,3294,89,P0300,⚠️ CRITICAL DEVIATION DETECTED,2026-07-31 02:38:41.610841
2026-07-31 04:37:12.238981,VIN-551167,2983,88,P0300,⚠️ CRITICAL DEVIATION DETECTED,2026-07-31 02:38:41.614111
2026-07-31 04:37:14.238981,VIN-127140,3129,99,P0300,⚠️ CRITICAL DEVIATION DETECTED,2026-07-31 02:38:41.618138
2026-07-31 04:37:15.238981,VIN-439694,3131,104,P0171,⚠️ CRITICAL DEVIATION DETECTED,2026-07-31 02:38:41.621061
2026-07-31 04:37:17.238981,VIN-105817,1793,103,P0420,⚠️ CRITICAL DEVIATION DETECTED,2026-07-31 02:38:41.624623
2026-07-31 04:37:18.238981,VIN-542538,1800,85,P0420,⚠️ CRITICAL DEVIATION DETECTED,2026-07-31 02:38:41.629913
2026-07-31 04:37:24.238981,VIN-467771,3218,90,P0420,⚠️ CRITICAL DEVIATION DETECTED,2026-07-31 02:38:41.634773
2026-07-31 04:37:28.238981,VIN-853641,3498,90,P0171,⚠️ CRITICAL DEVIATION DETECTED,2026-07-31 02:38:41.638710
2026-07-31 04:37:30.238981,VIN-709433,2712,93,P0420,⚠️ CRITICAL DEVIATION DETECTED,2026-07-31 02:38:41.642016
2026-07-31 04:37:33.238981,VIN-137517,2205,96,P0171,⚠️ CRITICAL DEVIATION DETECTED,2026-07-31 02:38:41.645580
2026-07-31 04:37:34.238981,VIN-695886,3426,95,P0171,⚠️ CRITICAL DEVIATION DETECTED,2026-07-31 02:38:41.649306
2026-07-31 04:37:37.238981,VIN-306809,1767,93,P0300,⚠️ CRITICAL DEVIATION DETECTED,2026-07-31 02:38:41.653191
2026-07-31 04:37:38.238981,VIN-943541,2174,94,P0420,⚠️ CRITICAL DEVIATION DETECTED,2026-07-31 02:38:41.656800
2026-07-31 04:37:40.238981,VIN-987837,2283,100,P0300,⚠️ CRITICAL DEVIATION DETECTED,2026-07-31 02:38:41.662450
2026-07-31 04:37:41.238981,VIN-832077,3467,103,P0420,⚠️ CRITICAL DEVIATION DETECTED,2026-07-31 02:38:41.672129
2026-07-31 04:37:42.238981,VIN-724219,3425,97,P0300,⚠️ CRITICAL DEVIATION DETECTED,2026-07-31 02:38:41.677763
2026-07-31 04:37:43.238981,VIN-435175,2571,97,P0420,⚠️ CRITICAL DEVIATION DETECTED,2026-07-31 02:38:41.681991
2026-07-31 04:37:44.238981,VIN-760868,2120,101,P0420,⚠️ CRITICAL DEVIATION DETECTED,2026-07-31 02:38:41.688542
2026-07-31 04:37:46.238981,VIN-856390,3068,101,P0171,⚠️ CRITICAL DEVIATION DETECTED,2026-07-31 02:38:41.698745
2026-07-31 04:37:50.238981,VIN-861760,1981,97,P0171,⚠️ CRITICAL DEVIATION DETECTED,2026-07-31 02:38:41.703643
2026-07-31 04:37:51.238981,VIN-986647,3145,91,P0171,⚠️ CRITICAL DEVIATION DETECTED,2026-07-31 02:38:41.707229
2026-07-31 04:37:53.238981,VIN-841013,1733,100,P0420,⚠️ CRITICAL DEVIATION DETECTED,2026-07-31 02:38:41.711092
2026-07-31 04:38:03.238981,VIN-117891,2557,101,P0420,⚠️ CRITICAL DEVIATION DETECTED,2026-07-31 02:38:41.715231
2026-07-31 04:38:05.238981,VIN-538305,2171,90,P0420,⚠️ CRITICAL DEVIATION DETECTED,2026-07-31 02:38:41.718767
2026-07-31 04:38:06.238981,VIN-564673,2029,87,P0420,⚠️ CRITICAL DEVIATION DETECTED,2026-07-31 02:38:41.721808
2026-07-31 04:38:08.238981,VIN-278613,2620,104,P0300,⚠️ CRITICAL DEVIATION DETECTED,2026-07-31 02:38:41.725407
2026-07-31 04:38:09.238981,VIN-826784,1860,96,P0171,⚠️ CRITICAL DEVIATION DETECTED,2026-07-31 02:38:41.730352
2026-07-31 04:38:10.238981,VIN-084753,3499,85,P0420,⚠️ CRITICAL DEVIATION DETECTED,2026-07-31 02:38:41.735802
2026-07-31 04:38:11.238981,VIN-377179,2729,92,P0420,⚠️ CRITICAL DEVIATION DETECTED,2026-07-31 02:38:41.740442
2026-07-31 04:38:14.238981,VIN-058701,2340,101,P0171,⚠️ CRITICAL DEVIATION DETECTED,2026-07-31 02:38:41.744217
2026-07-31 04:38:15.238981,VIN-210242,2565,91,P0171,⚠️ CRITICAL DEVIATION DETECTED,2026-07-31 02:38:41.748058
2026-07-31 04:38:18.238981,VIN-367821,2264,103,P0171,⚠️ CRITICAL DEVIATION DETECTED,2026-07-31 02:38:41.752047
2026-07-31 04:38:19.238981,VIN-624116,2173,102,P0420,⚠️ CRITICAL DEVIATION DETECTED,2026-07-31 02:38:41.755500
2026-07-31 04:38:23.238981,VIN-765489,2001,90,P0420,⚠️ CRITICAL DEVIATION DETECTED,2026-07-31 02:38:41.759899
2026-07-31 04:38:24.238981,VIN-937762,1594,89,P0300,⚠️ CRITICAL DEVIATION DETECTED,2026-07-31 02:38:41.765087
2026-07-31 04:38:26.238981,VIN-166829,2653,89,P0171,⚠️ CRITICAL DEVIATION DETECTED,2026-07-31 02:38:41.769761
2026-07-31 04:38:27.238981,VIN-122392,2678,95,P0171,⚠️ CRITICAL DEVIATION DETECTED,2026-07-31 02:38:41.773888
2026-07-31 04:38:28.238981,VIN-530628,2795,87,P0171,⚠️ CRITICAL DEVIATION DETECTED,2026-07-31 02:38:41.778020
2026-07-31 04:38:32.238981,VIN-536604,1969,88,P0300,⚠️ CRITICAL DEVIATION DETECTED,2026-07-31 02:38:41.782088
2026-07-31 04:38:33.238981,VIN-841029,2906,95,P0300,⚠️ CRITICAL DEVIATION DETECTED,2026-07-31 02:38:41.785444
2026-07-31 04:38:34.238981,VIN-705591,2906,98,P0420,⚠️ CRITICAL DEVIATION DETECTED,2026-07-31 02:38:41.789134
2026-07-31 04:38:35.238981,VIN-689495,1662,100,P0300,⚠️ CRITICAL DEVIATION DETECTED,2026-07-31 02:38:41.793187
2026-07-31 04:38:36.238981,VIN-796239,2493,90,P0420,⚠️ CRITICAL DEVIATION DETECTED,2026-07-31 02:38:41.801216
2026-07-31 04:38:38.238981,VIN-326869,1865,87,P0300,⚠️ CRITICAL DEVIATION DETECTED,2026-07-31 02:38:41.806135
2026-07-31 04:38:40.238981,VIN-331053,2692,104,P0300,⚠️ CRITICAL DEVIATION DETECTED,2026-07-31 02:38:41.809361
2026-07-31 04:38:41.238981,VIN-234789,2963,88,P0171,⚠️ CRITICAL DEVIATION DETECTED,2026-07-31 02:38:41.812696
2026-07-31 04:38:44.238981,VIN-172422,3131,100,P0420,⚠️ CRITICAL DEVIATION DETECTED,2026-07-31 02:38:41.816399
2026-07-31 04:38:54.238981,VIN-610458,2418,87,P0171,⚠️ CRITICAL DEVIATION DETECTED,2026-07-31 02:38:41.820005
2026-07-31 04:39:04.238981,VIN-248441,1750,88,P0420,⚠️ CRITICAL DEVIATION DETECTED,2026-07-31 02:38:41.822810
2026-07-31 04:39:06.238981,VIN-386795,1905,85,P0420,⚠️ CRITICAL DEVIATION DETECTED,2026-07-31 02:38:41.828106
2026-07-31 04:39:07.238981,VIN-513707,1911,88,P0171,⚠️ CRITICAL DEVIATION DETECTED,2026-07-31 02:38:41.832765
2026-07-31 04:39:09.238981,VIN-249836,2667,94,P0300,⚠️ CRITICAL DEVIATION DETECTED,2026-07-31 02:38:41.837013
2026-07-31 04:39:12.238981,VIN-802935,2715,105,P0300,⚠️ CRITICAL DEVIATION DETECTED,2026-07-31 02:38:41.840048
2026-07-31 04:39:13.238981,VIN-295510,3334,98,P0420,⚠️ CRITICAL DEVIATION DETECTED,2026-07-31 02:38:41.845024
2026-07-31 04:39:17.238981,VIN-550348,3496,89,P0171,⚠️ CRITICAL DEVIATION DETECTED,2026-07-31 02:38:41.848127
2026-07-31 04:39:18.238981,VIN-501923,1689,105,P0300,⚠️ CRITICAL DEVIATION DETECTED,2026-07-31 02:38:41.851700
2026-07-31 04:39:19.238981,VIN-896454,3300,93,P0300,⚠️ CRITICAL DEVIATION DETECTED,2026-07-31 02:38:41.853908
2026-07-31 04:39:20.238981,VIN-060889,0,91,P0420,⚠️ CRITICAL DEVIATION DETECTED,2026-07-31 02:38:41.857033
2026-07-31 04:39:21.238981,VIN-418901,2659,93,P0420,⚠️ CRITICAL DEVIATION DETECTED,2026-07-31 02:38:41.860200
2026-07-31 04:39:22.238981,VIN-584920,3469,86,P0300,⚠️ CRITICAL DEVIATION DETECTED,2026-07-31 02:38:41.864107
2026-07-31 04:39:25.238981,VIN-133480,2562,86,P0171,⚠️ CRITICAL DEVIATION DETECTED,2026-07-31 02:38:41.867217
2026-07-31 04:39:26.238981,VIN-255536,3287,87,P0420,⚠️ CRITICAL DEVIATION DETECTED,2026-07-31 02:38:41.870563
2026-07-31 04:39:28.238981,VIN-803061,2247,89,P0420,⚠️ CRITICAL DEVIATION DETECTED,2026-07-31 02:38:41.873601
2026-07-31 04:39:37.238981,VIN-035038,3126,89,P0171,⚠️ CRITICAL DEVIATION DETECTED,2026-07-31 02:38:41.876426
2026-07-31 04:39:40.238981,VIN-360531,2300,92,P0420,⚠️ CRITICAL DEVIATION DETECTED,2026-07-31 02:38:41.880005
2026-07-31 04:39:42.238981,VIN-688265,2838,99,P0420,⚠️ CRITICAL DEVIATION DETECTED,2026-07-31 02:38:41.882815
2026-07-31 04:39:44.238981,VIN-138225,2454,103,P0300,⚠️ CRITICAL DEVIATION DETECTED,2026-07-31 02:38:41.885932
2026-07-31 04:39:46.238981,VIN-946765,3397,105,P0420,⚠️ CRITICAL DEVIATION DETECTED,2026-07-31 02:38:41.889441
2026-07-31 04:39:47.238981,VIN-518773,2568,90,P0171,⚠️ CRITICAL DEVIATION DETECTED,2026-07-31 02:38:41.897343
2026-07-31 04:39:48.238981,VIN-643828,3033,95,P0300,⚠️ CRITICAL DEVIATION DETECTED,2026-07-31 02:38:41.903789
2026-07-31 04:39:51.238981,VIN-750927,1606,101,P0300,⚠️ CRITICAL DEVIATION DETECTED,2026-07-31 02:38:41.906740
2026-07-31 04:39:54.238981,VIN-337195,1595,86,P0171,⚠️ CRITICAL DEVIATION DETECTED,2026-07-31 02:38:41.909721
2026-07-31 04:39:55.238981,VIN-908457,2128,102,P0300,⚠️ CRITICAL DEVIATION DETECTED,2026-07-31 02:38:41.912973
2026-07-31 04:39:58.238981,VIN-277268,2548,87,P0420,⚠️ CRITICAL DEVIATION DETECTED,2026-07-31 02:38:41.916186
2026-07-31 04:39:59.238981,VIN-252776,3314,93,P0171,⚠️ CRITICAL DEVIATION DETECTED,2026-07-31 02:38:41.919607
2026-07-31 04:40:01.238981,VIN-163925,3106,89,P0300,⚠️ CRITICAL DEVIATION DETECTED,2026-07-31 02:38:41.922217
2026-07-31 04:40:04.238981,VIN-670677,1891,105,P0171,⚠️ CRITICAL DEVIATION DETECTED,2026-07-31 02:38:41.925195
2026-07-31 04:40:05.238981,VIN-777531,2195,103,P0420,⚠️ CRITICAL DEVIATION DETECTED,2026-07-31 02:38:41.935260
2026-07-31 04:40:07.238981,VIN-141152,2642,91,P0171,⚠️ CRITICAL DEVIATION DETECTED,2026-07-31 02:38:41.939457
2026-07-31 04:40:10.238981,VIN-859930,0,85,P0171,⚠️ CRITICAL DEVIATION DETECTED,2026-07-31 02:38:41.942324
2026-07-31 04:40:12.238981,VIN-357151,0,97,P0300,⚠️ CRITICAL DEVIATION DETECTED,2026-07-31 02:38:41.947317
2026-07-31 04:40:13.238981,VIN-114097,1619,105,P0420,⚠️ CRITICAL DEVIATION DETECTED,2026-07-31 02:38:41.950660
2026-07-31 04:40:14.238981,VIN-919984,0,102,P0171,⚠️ CRITICAL DEVIATION DETECTED,2026-07-31 02:38:41.953992
2026-07-31 04:40:15.238981,VIN-731019,1531,86,P0171,⚠️ CRITICAL DEVIATION DETECTED,2026-07-31 02:38:41.956954
2026-07-31 04:40:17.238981,VIN-998826,3275,89,P0300,⚠️ CRITICAL DEVIATION DETECTED,2026-07-31 02:38:41.960359
2026-07-31 04:40:21.238981,VIN-719728,2325,89,P0300,⚠️ CRITICAL DEVIATION DETECTED,2026-07-31 02:38:41.968210
2026-07-31 04:40:23.238981,VIN-817922,1539,92,P0420,⚠️ CRITICAL DEVIATION DETECTED,2026-07-31 02:38:41.971054
2026-07-31 04:40:24.238981,VIN-028818,1953,97,P0171,⚠️ CRITICAL DEVIATION DETECTED,2026-07-31 02:38:41.974243
2026-07-31 04:40:31.238981,VIN-195663,1864,87,P0171,⚠️ CRITICAL DEVIATION DETECTED,2026-07-31 02:38:41.977075
2026-07-31 04:40:33.238981,VIN-039206,1956,89,P0171,⚠️ CRITICAL DEVIATION DETECTED,2026-07-31 02:38:41.980276
2026-07-31 04:40:37.238981,VIN-147518,2602,87,P0420,⚠️ CRITICAL DEVIATION DETECTED,2026-07-31 02:38:41.983233
2026-07-31 04:40:38.238981,VIN-857098,3254,100,P0420,⚠️ CRITICAL DEVIATION DETECTED,2026-07-31 02:38:41.986796
2026-07-31 04:40:40.238981,VIN-562482,3026,93,P0171,⚠️ CRITICAL DEVIATION DETECTED,2026-07-31 02:38:41.989919
2026-07-31 04:40:41.238981,VIN-428555,3089,95,P0420,⚠️ CRITICAL DEVIATION DETECTED,2026-07-31 02:38:41.994081
2026-07-31 04:40:42.238981,VIN-890701,2607,103,P0300,⚠️ CRITICAL DEVIATION DETECTED,2026-07-31 02:38:41.998343
2026-07-31 04:40:44.238981,VIN-712891,2724,102,P0300,⚠️ CRITICAL DEVIATION DETECTED,2026-07-31 02:38:42.011610
2026-07-31 04:40:45.238981,VIN-688314,2515,101,P0300,⚠️ CRITICAL DEVIATION DETECTED,2026-07-31 02:38:42.023984
2026-07-31 04:40:48.238981,VIN-585857,2173,99,P0420,⚠️ CRITICAL DEVIATION DETECTED,2026-07-31 02:38:42.031910
2026-07-31 04:40:51.238981,VIN-962429,1701,86,P0171,⚠️ CRITICAL DEVIATION DETECTED,2026-07-31 02:38:42.035965
2026-07-31 04:40:53.238981,VIN-213985,1971,86,P0171,⚠️ CRITICAL DEVIATION DETECTED,2026-07-31 02:38:42.039705
2026-07-31 04:40:54.238981,VIN-109862,3215,96,P0300,⚠️ CRITICAL DEVIATION DETECTED,2026-07-31 02:38:42.045665
2026-07-31 04:40:55.238981,VIN-510681,2859,86,P0420,⚠️ CRITICAL DEVIATION DETECTED,2026-07-31 02:38:42.050060
2026-07-31 04:40:57.238981,VIN-892269,3069,96,P0420,⚠️ CRITICAL DEVIATION DETECTED,2026-07-31 02:38:42.052986
2026-07-31 04:41:01.238981,VIN-887459,2268,86,P0171,⚠️ CRITICAL DEVIATION DETECTED,2026-07-31 02:38:42.062437
2026-07-31 04:41:03.238981,VIN-941105,3064,97,P0300,⚠️ CRITICAL DEVIATION DETECTED,2026-07-31 02:38:42.069686
2026-07-31 04:41:05.238981,VIN-469921,1559,100,P0300,⚠️ CRITICAL DEVIATION DETECTED,2026-07-31 02:38:42.085409
2026-07-31 04:41:09.238981,VIN-468262,3357,90,P0171,⚠️ CRITICAL DEVIATION DETECTED,2026-07-31 02:38:42.095410
2026-07-31 04:41:11.238981,VIN-465169,2084,100,P0171,⚠️ CRITICAL DEVIATION DETECTED,2026-07-31 02:38:42.122559
2026-07-31 04:41:13.238981,VIN-239689,1597,92,P0420,⚠️ CRITICAL DEVIATION DETECTED,2026-07-31 02:38:42.137816
2026-07-31 04:41:16.238981,VIN-385357,3102,87,P0300,⚠️ CRITICAL DEVIATION DETECTED,2026-07-31 02:38:42.141376
2026-07-31 04:41:18.238981,VIN-390492,2619,104,P0171,⚠️ CRITICAL DEVIATION DETECTED,2026-07-31 02:38:42.144875
2026-07-31 04:41:22.238981,VIN-291869,3482,95,P0171,⚠️ CRITICAL DEVIATION DETECTED,2026-07-31 02:38:42.150393
2026-07-31 04:41:26.238981,VIN-875448,1736,96,P0420,⚠️ CRITICAL DEVIATION DETECTED,2026-07-31 02:38:42.155247
2026-07-31 04:41:30.238981,VIN-732796,3103,101,P0420,⚠️ CRITICAL DEVIATION DETECTED,2026-07-31 02:38:42.160743
2026-07-31 04:41:33.238981,VIN-009524,2125,85,P0300,⚠️ CRITICAL DEVIATION DETECTED,2026-07-31 02:38:42.168408
2026-07-31 04:41:36.238981,VIN-467331,2961,94,P0171,⚠️ CRITICAL DEVIATION DETECTED,2026-07-31 02:38:42.175601
2026-07-31 04:41:40.238981,VIN-914485,0,89,P0420,⚠️ CRITICAL DEVIATION DETECTED,2026-07-31 02:38:42.183546
2026-07-31 04:41:41.238981,VIN-189175,1772,102,P0171,⚠️ CRITICAL DEVIATION DETECTED,2026-07-31 02:38:42.187718
2026-07-31 04:41:47.238981,VIN-309339,3166,90,P0171,⚠️ CRITICAL DEVIATION DETECTED,2026-07-31 02:38:42.193015
2026-07-31 04:41:50.238981,VIN-739684,1807,96,P0420,⚠️ CRITICAL DEVIATION DETECTED,2026-07-31 02:38:42.201163
2026-07-31 04:41:51.238981,VIN-291565,2144,97,P0171,⚠️ CRITICAL DEVIATION DETECTED,2026-07-31 02:38:42.216797
2026-07-31 04:41:52.238981,VIN-460745,2679,97,P0420,⚠️ CRITICAL DEVIATION DETECTED,2026-07-31 02:38:42.222290
2026-07-31 04:41:54.238981,VIN-767523,1517,89,P0420,⚠️ CRITICAL DEVIATION DETECTED,2026-07-31 02:38:42.226288
2026-07-31 04:41:59.238981,VIN-319683,3427,93,P0420,⚠️ CRITICAL DEVIATION DETECTED,2026-07-31 02:38:42.230550
2026-07-31 04:42:00.238981,VIN-491977,1744,86,P0420,⚠️ CRITICAL DEVIATION DETECTED,2026-07-31 02:38:42.234366
2026-07-31 04:42:01.238981,VIN-956709,2335,96,P0300,⚠️ CRITICAL DEVIATION DETECTED,2026-07-31 02:38:42.238460
2026-07-31 04:42:03.238981,VIN-668793,1687,95,P0420,⚠️ CRITICAL DEVIATION DETECTED,2026-07-31 02:38:42.242982
2026-07-31 04:42:07.238981,VIN-831337,1945,105,P0171,⚠️ CRITICAL DEVIATION DETECTED,2026-07-31 02:38:42.246043
2026-07-31 04:42:09.238981,VIN-099603,2009,95,P0300,⚠️ CRITICAL DEVIATION DETECTED,2026-07-31 02:38:42.249170
2026-07-31 04:42:10.238981,VIN-220634,3114,90,P0300,⚠️ CRITICAL DEVIATION DETECTED,2026-07-31 02:38:42.252322
2026-07-31 04:42:12.238981,VIN-717728,1618,99,P0420,⚠️ CRITICAL DEVIATION DETECTED,2026-07-31 02:38:42.255799
2026-07-31 04:42:15.238981,VIN-251505,2764,98,P0300,⚠️ CRITICAL DEVIATION DETECTED,2026-07-31 02:38:42.259336
2026-07-31 04:42:16.238981,VIN-813659,2560,102,P0300,⚠️ CRITICAL DEVIATION DETECTED,2026-07-31 02:38:42.265438
2026-07-31 04:42:18.238981,VIN-494672,2914,99,P0420,⚠️ CRITICAL DEVIATION DETECTED,2026-07-31 02:38:42.270055
2026-07-31 04:42:22.238981,VIN-337901,2661,89,P0300,⚠️ CRITICAL DEVIATION DETECTED,2026-07-31 02:38:42.273869
2026-07-31 04:42:23.238981,VIN-834160,2688,91,P0420,⚠️ CRITICAL DEVIATION DETECTED,2026-07-31 02:38:42.277938
2026-07-31 04:42:24.238981,VIN-429644,3355,89,P0171,⚠️ CRITICAL DEVIATION DETECTED,2026-07-31 02:38:42.282357
2026-07-31 04:42:26.238981,VIN-911612,0,87,P0420,⚠️ CRITICAL DEVIATION DETECTED,2026-07-31 02:38:42.287219
2026-07-31 04:42:28.238981,VIN-078771,0,91,P0420,⚠️ CRITICAL DEVIATION DETECTED,2026-07-31 02:38:42.291421
2026-07-31 04:42:31.238981,VIN-017068,2153,100,P0300,⚠️ CRITICAL DEVIATION DETECTED,2026-07-31 02:38:42.297040
2026-07-31 04:42:32.238981,VIN-051579,3480,97,P0420,⚠️ CRITICAL DEVIATION DETECTED,2026-07-31 02:38:42.304069
2026-07-31 04:42:34.238981,VIN-496661,1778,91,P0171,⚠️ CRITICAL DEVIATION DETECTED,2026-07-31 02:38:42.312275
2026-07-31 04:42:35.238981,VIN-850456,2498,98,P0300,⚠️ CRITICAL DEVIATION DETECTED,2026-07-31 02:38:42.320345
2026-07-31 04:42:36.238981,VIN-617142,0,103,P0171,⚠️ CRITICAL DEVIATION DETECTED,2026-07-31 02:38:42.324769
2026-07-31 04:42:40.238981,VIN-247781,3370,98,P0300,⚠️ CRITICAL DEVIATION DETECTED,2026-07-31 02:38:42.340945
2026-07-31 04:42:43.238981,VIN-587585,1659,87,P0420,⚠️ CRITICAL DEVIATION DETECTED,2026-07-31 02:38:42.345824
2026-07-31 04:42:47.238981,VIN-470445,1581,105,P0171,⚠️ CRITICAL DEVIATION DETECTED,2026-07-31 02:38:42.351796
2026-07-31 04:42:48.238981,VIN-803375,2970,96,P0171,⚠️ CRITICAL DEVIATION DETECTED,2026-07-31 02:38:42.355322
2026-07-31 04:42:52.238981,VIN-919205,3199,87,P0420,⚠️ CRITICAL DEVIATION DETECTED,2026-07-31 02:38:42.358234
2026-07-31 04:42:53.238981,VIN-604039,3126,93,P0300,⚠️ CRITICAL DEVIATION DETECTED,2026-07-31 02:38:42.364819
2026-07-31 04:42:55.238981,VIN-496815,3248,97,P0300,⚠️ CRITICAL DEVIATION DETECTED,2026-07-31 02:38:42.369268
2026-07-31 04:43:02.238981,VIN-086271,2443,86,P0420,⚠️ CRITICAL DEVIATION DETECTED,2026-07-31 02:38:42.374069
2026-07-31 04:43:06.238981,VIN-872758,3145,105,P0300,⚠️ CRITICAL DEVIATION DETECTED,2026-07-31 02:38:42.377135
2026-07-31 04:43:08.238981,VIN-321819,3226,92,P0300,⚠️ CRITICAL DEVIATION DETECTED,2026-07-31 02:38:42.380131
2026-07-31 04:43:09.238981,VIN-807458,1984,85,P0420,⚠️ CRITICAL DEVIATION DETECTED,2026-07-31 02:38:42.384726
2026-07-31 04:43:13.238981,VIN-614919,1731,105,P0300,⚠️ CRITICAL DEVIATION DETECTED,2026-07-31 02:38:42.388357
2026-07-31 04:43:14.238981,VIN-303063,3452,99,P0420,⚠️ CRITICAL DEVIATION DETECTED,2026-07-31 02:38:42.391609
2026-07-31 04:43:15.238981,VIN-438612,2374,105,P0171,⚠️ CRITICAL DEVIATION DETECTED,2026-07-31 02:38:42.397385
2026-07-31 04:43:16.238981,VIN-305320,1782,95,P0420,⚠️ CRITICAL DEVIATION DETECTED,2026-07-31 02:38:42.403217
2026-07-31 04:43:20.238981,VIN-747314,1746,87,P0420,⚠️ CRITICAL DEVIATION DETECTED,2026-07-31 02:38:42.406823
2026-07-31 04:43:22.238981,VIN-488619,3335,93,P0300,⚠️ CRITICAL DEVIATION DETECTED,2026-07-31 02:38:42.410102
2026-07-31 04:43:24.238981,VIN-694227,3126,95,P0171,⚠️ CRITICAL DEVIATION DETECTED,2026-07-31 02:38:42.413029
2026-07-31 04:43:27.238981,VIN-299916,0,90,P0171,⚠️ CRITICAL DEVIATION DETECTED,2026-07-31 02:38:42.416099
2026-07-31 04:43:28.238981,VIN-033846,2741,103,P0300,⚠️ CRITICAL DEVIATION DETECTED,2026-07-31 02:38:42.418902
2026-07-31 04:43:31.238981,VIN-701024,2704,85,P0171,⚠️ CRITICAL DEVIATION DETECTED,2026-07-31 02:38:42.421791
2026-07-31 04:43:32.238981,VIN-337985,1814,86,P0300,⚠️ CRITICAL DEVIATION DETECTED,2026-07-31 02:38:42.424715
2026-07-31 04:43:35.238981,VIN-449230,0,95,P0420,⚠️ CRITICAL DEVIATION DETECTED,2026-07-31 02:38:42.428928
2026-07-31 04:43:36.238981,VIN-507116,1818,90,P0420,⚠️ CRITICAL DEVIATION DETECTED,2026-07-31 02:38:42.433888
2026-07-31 04:43:37.238981,VIN-450754,3228,96,P0420,⚠️ CRITICAL DEVIATION DETECTED,2026-07-31 02:38:42.437981
2026-07-31 04:43:38.238981,VIN-032347,1898,95,P0300,⚠️ CRITICAL DEVIATION DETECTED,2026-07-31 02:38:42.440944
2026-07-31 04:43:43.238981,VIN-262051,2702,97,P0171,⚠️ CRITICAL DEVIATION DETECTED,2026-07-31 02:38:42.443924
2026-07-31 04:43:45.238981,VIN-613049,0,90,P0171,⚠️ CRITICAL DEVIATION DETECTED,2026-07-31 02:38:42.447946
2026-07-31 04:43:51.238981,VIN-994206,2182,105,P0300,⚠️ CRITICAL DEVIATION DETECTED,2026-07-31 02:38:42.451692
2026-07-31 04:43:53.238981,VIN-204962,1934,91,P0300,⚠️ CRITICAL DEVIATION DETECTED,2026-07-31 02:38:42.455575
2026-07-31 04:43:54.238981,VIN-240469,2875,101,P0420,⚠️ CRITICAL DEVIATION DETECTED,2026-07-31 02:38:42.459035
2026-07-31 04:43:55.238981,VIN-757731,3242,91,P0300,⚠️ CRITICAL DEVIATION DETECTED,2026-07-31 02:38:42.468440
2026-07-31 04:43:56.238981,VIN-214923,3200,90,P0171,⚠️ CRITICAL DEVIATION DETECTED,2026-07-31 02:38:42.472114
2026-07-31 04:44:02.238981,VIN-166118,3157,85,P0300,⚠️ CRITICAL DEVIATION DETECTED,2026-07-31 02:38:42.476918
2026-07-31 04:44:04.238981,VIN-473412,2989,97,P0171,⚠️ CRITICAL DEVIATION DETECTED,2026-07-31 02:38:42.480218
2026-07-31 04:44:05.238981,VIN-101112,2425,88,P0420,⚠️ CRITICAL DEVIATION DETECTED,2026-07-31 02:38:42.483224
2026-07-31 04:44:09.238981,VIN-684092,3090,100,P0171,⚠️ CRITICAL DEVIATION DETECTED,2026-07-31 02:38:42.486696
2026-07-31 04:44:10.238981,VIN-050653,2438,98,P0171,⚠️ CRITICAL DEVIATION DETECTED,2026-07-31 02:38:42.490107
2026-07-31 04:44:15.238981,VIN-601378,2152,96,P0420,⚠️ CRITICAL DEVIATION DETECTED,2026-07-31 02:38:42.493924
2026-07-31 04:44:23.238981,VIN-447859,3282,90,P0171,⚠️ CRITICAL DEVIATION DETECTED,2026-07-31 02:38:42.498873
2026-07-31 04:44:24.238981,VIN-121037,2990,86,P0300,⚠️ CRITICAL DEVIATION DETECTED,2026-07-31 02:38:42.502881
2026-07-31 04:44:26.238981,VIN-070377,2104,100,P0420,⚠️ CRITICAL DEVIATION DETECTED,2026-07-31 02:38:42.506201
2026-07-31 04:44:29.238981,VIN-761989,3106,93,P0420,⚠️ CRITICAL DEVIATION DETECTED,2026-07-31 02:38:42.509808
2026-07-31 04:44:31.238981,VIN-447010,2712,105,P0300,⚠️ CRITICAL DEVIATION DETECTED,2026-07-31 02:38:42.513127
2026-07-31 04:44:33.238981,VIN-523448,2927,98,P0300,⚠️ CRITICAL DEVIATION DETECTED,2026-07-31 02:38:42.516758
2026-07-31 04:44:36.238981,VIN-837986,2186,86,P0300,⚠️ CRITICAL DEVIATION DETECTED,2026-07-31 02:38:42.520416
2026-07-31 04:44:40.238981,VIN-845148,1736,87,P0420,⚠️ CRITICAL DEVIATION DETECTED,2026-07-31 02:38:42.523905
2026-07-31 04:44:41.238981,VIN-118814,2762,97,P0420,⚠️ CRITICAL DEVIATION DETECTED,2026-07-31 02:38:42.530818
2026-07-31 04:44:42.238981,VIN-197784,3364,95,P0420,⚠️ CRITICAL DEVIATION DETECTED,2026-07-31 02:38:42.538574
2026-07-31 04:44:43.238981,VIN-559072,3254,97,P0420,⚠️ CRITICAL DEVIATION DETECTED,2026-07-31 02:38:42.545074
2026-07-31 04:44:49.238981,VIN-874897,2907,98,P0420,⚠️ CRITICAL DEVIATION DETECTED,2026-07-31 02:38:42.548991
2026-07-31 04:44:53.238981,VIN-355370,1885,104,P0171,⚠️ CRITICAL DEVIATION DETECTED,2026-07-31 02:38:42.552230
2026-07-31 04:44:56.238981,VIN-836417,3246,100,P0420,⚠️ CRITICAL DEVIATION DETECTED,2026-07-31 02:38:42.555634
2026-07-31 04:44:57.238981,VIN-300854,3265,94,P0300,⚠️ CRITICAL DEVIATION DETECTED,2026-07-31 02:38:42.558762
2026-07-31 04:44:59.238981,VIN-186292,2253,86,P0171,⚠️ CRITICAL DEVIATION DETECTED,2026-07-31 02:38:42.562888
2026-07-31 04:45:00.238981,VIN-588476,2939,103,P0171,⚠️ CRITICAL DEVIATION DETECTED,2026-07-31 02:38:42.567416
2026-07-31 04:45:03.238981,VIN-139603,1666,99,P0171,⚠️ CRITICAL DEVIATION DETECTED,2026-07-31 02:38:42.572292
2026-07-31 04:45:06.238981,VIN-566196,1596,101,P0171,⚠️ CRITICAL DEVIATION DETECTED,2026-07-31 02:38:42.575618
2026-07-31 04:45:08.238981,VIN-088876,3400,103,P0420,⚠️ CRITICAL DEVIATION DETECTED,2026-07-31 02:38:42.578680
2026-07-31 04:45:09.238981,VIN-558323,2723,95,P0300,⚠️ CRITICAL DEVIATION DETECTED,2026-07-31 02:38:42.581740
2026-07-31 04:45:11.238981,VIN-332133,1640,105,P0171,⚠️ CRITICAL DEVIATION DETECTED,2026-07-31 02:38:42.585669
2026-07-31 04:45:14.238981,VIN-756137,2906,92,P0171,⚠️ CRITICAL DEVIATION DETECTED,2026-07-31 02:38:42.588545
2026-07-31 04:45:17.238981,VIN-102979,3220,93,P0420,⚠️ CRITICAL DEVIATION DETECTED,2026-07-31 02:38:42.592326
2026-07-31 04:45:18.238981,VIN-606641,2733,87,P0420,⚠️ CRITICAL DEVIATION DETECTED,2026-07-31 02:38:42.597109
2026-07-31 04:45:21.238981,VIN-251838,1845,85,P0300,⚠️ CRITICAL DEVIATION DETECTED,2026-07-31 02:38:42.600833
2026-07-31 04:45:23.238981,VIN-092018,1945,103,P0300,⚠️ CRITICAL DEVIATION DETECTED,2026-07-31 02:38:42.607337
2026-07-31 04:45:25.238981,VIN-054145,1779,93,P0171,⚠️ CRITICAL DEVIATION DETECTED,2026-07-31 02:38:42.611829
2026-07-31 04:45:26.238981,VIN-135681,3145,91,P0420,⚠️ CRITICAL DEVIATION DETECTED,2026-07-31 02:38:42.618637
2026-07-31 04:45:29.238981,VIN-532642,2851,90,P0171,⚠️ CRITICAL DEVIATION DETECTED,2026-07-31 02:38:42.621851
2026-07-31 04:45:30.238981,VIN-525916,2742,95,P0300,⚠️ CRITICAL DEVIATION DETECTED,2026-07-31 02:38:42.626206
2026-07-31 04:45:32.238981,VIN-503965,1983,89,P0420,⚠️ CRITICAL DEVIATION DETECTED,2026-07-31 02:38:42.631975
2026-07-31 04:45:33.238981,VIN-110889,3495,93,P0300,⚠️ CRITICAL DEVIATION DETECTED,2026-07-31 02:38:42.636590
2026-07-31 04:45:35.238981,VIN-992142,3287,94,P0420,⚠️ CRITICAL DEVIATION DETECTED,2026-07-31 02:38:42.640649
2026-07-31 04:45:37.238981,VIN-435020,3285,96,P0300,⚠️ CRITICAL DEVIATION DETECTED,2026-07-31 02:38:42.644915
2026-07-31 04:45:38.238981,VIN-548865,2027,86,P0171,⚠️ CRITICAL DEVIATION DETECTED,2026-07-31 02:38:42.648603
2026-07-31 04:45:39.238981,VIN-457585,2982,105,P0171,⚠️ CRITICAL DEVIATION DETECTED,2026-07-31 02:38:42.651969
2026-07-31 04:45:40.238981,VIN-701204,3460,98,P0171,⚠️ CRITICAL DEVIATION DETECTED,2026-07-31 02:38:42.655244
2026-07-31 04:45:41.238981,VIN-179670,2979,101,P0420,⚠️ CRITICAL DEVIATION DETECTED,2026-07-31 02:38:42.659550
2026-07-31 04:45:42.238981,VIN-799699,1720,103,P0171,⚠️ CRITICAL DEVIATION DETECTED,2026-07-31 02:38:42.672583
2026-07-31 04:45:43.238981,VIN-472812,1936,87,P0171,⚠️ CRITICAL DEVIATION DETECTED,2026-07-31 02:38:42.676942
2026-07-31 04:45:46.238981,VIN-322185,1944,85,P0300,⚠️ CRITICAL DEVIATION DETECTED,2026-07-31 02:38:42.680868
2026-07-31 04:45:48.238981,VIN-167519,2408,92,P0171,⚠️ CRITICAL DEVIATION DETECTED,2026-07-31 02:38:42.684638
2026-07-31 04:45:49.238981,VIN-949231,1640,96,P0171,⚠️ CRITICAL DEVIATION DETECTED,2026-07-31 02:38:42.688031
2026-07-31 04:45:51.238981,VIN-017509,2497,85,P0300,⚠️ CRITICAL DEVIATION DETECTED,2026-07-31 02:38:42.691312
2026-07-31 04:46:03.238981,VIN-833926,2328,92,P0420,⚠️ CRITICAL DEVIATION DETECTED,2026-07-31 02:38:42.696060
2026-07-31 04:46:04.238981,VIN-941067,1880,100,P0420,⚠️ CRITICAL DEVIATION DETECTED,2026-07-31 02:38:42.701959
2026-07-31 04:46:09.238981,VIN-367218,2184,101,P0300,⚠️ CRITICAL DEVIATION DETECTED,2026-07-31 02:38:42.704709
2026-07-31 04:46:10.238981,VIN-185548,1704,88,P0300,⚠️ CRITICAL DEVIATION DETECTED,2026-07-31 02:38:42.707562
2026-07-31 04:46:12.238981,VIN-745998,2573,93,P0300,⚠️ CRITICAL DEVIATION DETECTED,2026-07-31 02:38:42.710628
2026-07-31 04:46:16.238981,VIN-151272,2160,100,P0171,⚠️ CRITICAL DEVIATION DETECTED,2026-07-31 02:38:42.716243
2026-07-31 04:46:17.238981,VIN-144635,3220,105,P0420,⚠️ CRITICAL DEVIATION DETECTED,2026-07-31 02:38:42.718918
2026-07-31 04:46:21.238981,VIN-562920,3182,90,P0420,⚠️ CRITICAL DEVIATION DETECTED,2026-07-31 02:38:42.721411
2026-07-31 04:46:29.238981,VIN-015643,2965,103,P0420,⚠️ CRITICAL DEVIATION DETECTED,2026-07-31 02:38:42.723904
2026-07-31 04:46:30.238981,VIN-207410,2862,94,P0420,⚠️ CRITICAL DEVIATION DETECTED,2026-07-31 02:38:42.726590
2026-07-31 04:46:31.238981,VIN-907494,2302,92,P0420,⚠️ CRITICAL DEVIATION DETECTED,2026-07-31 02:38:42.730546
2026-07-31 04:46:40.238981,VIN-629861,3481,102,P0420,⚠️ CRITICAL DEVIATION DETECTED,2026-07-31 02:38:42.734984
2026-07-31 04:46:41.238981,VIN-017032,2390,86,P0300,⚠️ CRITICAL DEVIATION DETECTED,2026-07-31 02:38:42.738027
2026-07-31 04:46:46.238981,VIN-785948,2041,96,P0300,⚠️ CRITICAL DEVIATION DETECTED,2026-07-31 02:38:42.741422
2026-07-31 04:46:48.238981,VIN-959108,2680,87,P0300,⚠️ CRITICAL DEVIATION DETECTED,2026-07-31 02:38:42.744787
2026-07-31 04:46:49.238981,VIN-609795,2293,95,P0300,⚠️ CRITICAL DEVIATION DETECTED,2026-07-31 02:38:42.747505
2026-07-31 04:46:52.238981,VIN-880150,2019,92,P0420,⚠️ CRITICAL DEVIATION DETECTED,2026-07-31 02:38:42.750761
2026-07-31 04:46:57.238981,VIN-168541,2635,103,P0420,⚠️ CRITICAL DEVIATION DETECTED,2026-07-31 02:38:42.753703
2026-07-31 04:46:59.238981,VIN-981549,3051,101,P0420,⚠️ CRITICAL DEVIATION DETECTED,2026-07-31 02:38:42.757711
2026-07-31 04:47:00.238981,VIN-878334,2692,99,P0171,⚠️ CRITICAL DEVIATION DETECTED,2026-07-31 02:38:42.761895
2026-07-31 04:47:04.238981,VIN-099203,2928,92,P0300,⚠️ CRITICAL DEVIATION DETECTED,2026-07-31 02:38:42.768486
2026-07-31 04:47:05.238981,VIN-347230,2375,103,P0420,⚠️ CRITICAL DEVIATION DETECTED,2026-07-31 02:38:42.777800
2026-07-31 04:47:07.238981,VIN-074205,2825,98,P0300,⚠️ CRITICAL DEVIATION DETECTED,2026-07-31 02:38:42.780781
2026-07-31 04:47:08.238981,VIN-859634,3156,87,P0300,⚠️ CRITICAL DEVIATION DETECTED,2026-07-31 02:38:42.784181
2026-07-31 04:47:09.238981,VIN-605232,3196,87,P0300,⚠️ CRITICAL DEVIATION DETECTED,2026-07-31 02:38:42.787860
2026-07-31 04:47:11.238981,VIN-388139,1850,85,P0300,⚠️ CRITICAL DEVIATION DETECTED,2026-07-31 02:38:42.790413
2026-07-31 04:47:12.238981,VIN-915645,1600,105,P0300,⚠️ CRITICAL DEVIATION DETECTED,2026-07-31 02:38:42.793577
2026-07-31 04:47:14.238981,VIN-105513,3024,98,P0171,⚠️ CRITICAL DEVIATION DETECTED,2026-07-31 02:38:42.810369
2026-07-31 04:47:20.238981,VIN-227507,2115,89,P0420,⚠️ CRITICAL DEVIATION DETECTED,2026-07-31 02:38:42.814438
2026-07-31 04:47:22.238981,VIN-598778,1941,89,P0300,⚠️ CRITICAL DEVIATION DETECTED,2026-07-31 02:38:42.817496
2026-07-31 04:47:25.238981,VIN-664447,1751,101,P0171,⚠️ CRITICAL DEVIATION DETECTED,2026-07-31 02:38:42.820582
2026-07-31 04:47:32.238981,VIN-480447,3325,90,P0171,⚠️ CRITICAL DEVIATION DETECTED,2026-07-31 02:38:42.823791
2026-07-31 04:47:33.238981,VIN-114027,1710,91,P0300,⚠️ CRITICAL DEVIATION DETECTED,2026-07-31 02:38:42.826742
2026-07-31 04:47:36.238981,VIN-470727,2017,103,P0420,⚠️ CRITICAL DEVIATION DETECTED,2026-07-31 02:38:42.830805
2026-07-31 04:47:38.238981,VIN-687866,3374,104,P0300,⚠️ CRITICAL DEVIATION DETECTED,2026-07-31 02:38:42.835817
2026-07-31 04:47:39.238981,VIN-573699,1518,99,P0420,⚠️ CRITICAL DEVIATION DETECTED,2026-07-31 02:38:42.839735
2026-07-31 04:47:40.238981,VIN-052473,1685,98,P0171,⚠️ CRITICAL DEVIATION DETECTED,2026-07-31 02:38:42.844557
2026-07-31 04:47:42.238981,VIN-470305,1590,85,P0300,⚠️ CRITICAL DEVIATION DETECTED,2026-07-31 02:38:42.847458
2026-07-31 04:47:44.238981,VIN-150551,3328,94,P0171,⚠️ CRITICAL DEVIATION DETECTED,2026-07-31 02:38:42.851222
2026-07-31 04:47:45.238981,VIN-293407,1607,95,P0171,⚠️ CRITICAL DEVIATION DETECTED,2026-07-31 02:38:42.854436
2026-07-31 04:47:48.238981,VIN-646589,1862,95,P0300,⚠️ CRITICAL DEVIATION DETECTED,2026-07-31 02:38:42.858088
2026-07-31 04:47:49.238981,VIN-752259,1865,103,P0420,⚠️ CRITICAL DEVIATION DETECTED,2026-07-31 02:38:42.867247
2026-07-31 04:47:52.238981,VIN-062667,2016,104,P0171,⚠️ CRITICAL DEVIATION DETECTED,2026-07-31 02:38:42.873105
2026-07-31 04:47:53.238981,VIN-443148,2123,105,P0300,⚠️ CRITICAL DEVIATION DETECTED,2026-07-31 02:38:42.879784
2026-07-31 04:47:58.238981,VIN-293338,1747,90,P0420,⚠️ CRITICAL DEVIATION DETECTED,2026-07-31 02:38:42.882470
2026-07-31 04:48:00.238981,VIN-842862,2403,94,P0171,⚠️ CRITICAL DEVIATION DETECTED,2026-07-31 02:38:42.886157
2026-07-31 04:48:01.238981,VIN-660759,2428,90,P0420,⚠️ CRITICAL DEVIATION DETECTED,2026-07-31 02:38:42.890052
2026-07-31 04:48:04.238981,VIN-515886,1772,101,P0420,⚠️ CRITICAL DEVIATION DETECTED,2026-07-31 02:38:42.893304
2026-07-31 04:48:05.238981,VIN-913351,1923,96,P0300,⚠️ CRITICAL DEVIATION DETECTED,2026-07-31 02:38:42.898739
2026-07-31 04:48:08.238981,VIN-186655,3263,95,P0420,⚠️ CRITICAL DEVIATION DETECTED,2026-07-31 02:38:42.904990
2026-07-31 04:48:12.238981,VIN-672989,3303,87,P0171,⚠️ CRITICAL DEVIATION DETECTED,2026-07-31 02:38:42.910041
2026-07-31 04:48:13.238981,VIN-628651,3088,95,P0300,⚠️ CRITICAL DEVIATION DETECTED,2026-07-31 02:38:42.913529
2026-07-31 04:48:15.238981,VIN-880150,0,87,P0171,⚠️ CRITICAL DEVIATION DETECTED,2026-07-31 02:38:42.917025
2026-07-31 04:48:17.238981,VIN-748923,3072,91,P0300,⚠️ CRITICAL DEVIATION DETECTED,2026-07-31 02:38:42.920399
2026-07-31 04:48:18.238981,VIN-122923,3189,95,P0420,⚠️ CRITICAL DEVIATION DETECTED,2026-07-31 02:38:42.923982
2026-07-31 04:48:23.238981,VIN-204947,0,91,P0300,⚠️ CRITICAL DEVIATION DETECTED,2026-07-31 02:38:42.927634
2026-07-31 04:48:24.238981,VIN-783420,1514,89,P0300,⚠️ CRITICAL DEVIATION DETECTED,2026-07-31 02:38:42.942431
2026-07-31 04:48:31.238981,VIN-260347,3173,91,P0420,⚠️ CRITICAL DEVIATION DETECTED,2026-07-31 02:38:42.946954
2026-07-31 04:48:33.238981,VIN-864035,3109,89,P0420,⚠️ CRITICAL DEVIATION DETECTED,2026-07-31 02:38:42.949603
2026-07-31 04:48:36.238981,VIN-639366,2826,105,P0300,⚠️ CRITICAL DEVIATION DETECTED,2026-07-31 02:38:42.952116
2026-07-31 04:48:40.238981,VIN-950535,3017,92,P0420,⚠️ CRITICAL DEVIATION DETECTED,2026-07-31 02:38:42.954999
2026-07-31 04:48:41.238981,VIN-395360,3107,101,P0300,⚠️ CRITICAL DEVIATION DETECTED,2026-07-31 02:38:42.958333
2026-07-31 04:48:42.238981,VIN-348691,3065,104,P0300,⚠️ CRITICAL DEVIATION DETECTED,2026-07-31 02:38:42.961429
2026-07-31 04:48:43.238981,VIN-195431,2820,88,P0420,⚠️ CRITICAL DEVIATION DETECTED,2026-07-31 02:38:42.965846
2026-07-31 04:48:48.238981,VIN-634533,2724,95,P0171,⚠️ CRITICAL DEVIATION DETECTED,2026-07-31 02:38:42.970748
2026-07-31 04:48:49.238981,VIN-369787,1966,98,P0300,⚠️ CRITICAL DEVIATION DETECTED,2026-07-31 02:38:42.974638
2026-07-31 04:48:51.238981,VIN-645339,2526,92,P0171,⚠️ CRITICAL DEVIATION DETECTED,2026-07-31 02:38:42.978601
2026-07-31 04:49:00.238981,VIN-787025,2806,92,P0300,⚠️ CRITICAL DEVIATION DETECTED,2026-07-31 02:38:42.981715
2026-07-31 04:49:06.238981,VIN-616859,3053,100,P0420,⚠️ CRITICAL DEVIATION DETECTED,2026-07-31 02:38:42.985070
2026-07-31 04:49:09.238981,VIN-811377,2423,95,P0300,⚠️ CRITICAL DEVIATION DETECTED,2026-07-31 02:38:42.988843
2026-07-31 04:49:10.238981,VIN-001264,2310,95,P0420,⚠️ CRITICAL DEVIATION DETECTED,2026-07-31 02:38:42.992092
2026-07-31 04:49:11.238981,VIN-669817,2384,105,P0300,⚠️ CRITICAL DEVIATION DETECTED,2026-07-31 02:38:43.003912
2026-07-31 04:49:12.238981,VIN-196242,1749,100,P0420,⚠️ CRITICAL DEVIATION DETECTED,2026-07-31 02:38:43.009675
2026-07-31 04:49:14.238981,VIN-576952,0,94,P0300,⚠️ CRITICAL DEVIATION DETECTED,2026-07-31 02:38:43.012946
2026-07-31 04:49:16.238981,VIN-849707,3192,88,P0420,⚠️ CRITICAL DEVIATION DETECTED,2026-07-31 02:38:43.016144
2026-07-31 04:49:17.238981,VIN-335901,2039,101,P0171,⚠️ CRITICAL DEVIATION DETECTED,2026-07-31 02:38:43.019573
2026-07-31 04:49:19.238981,VIN-793774,1527,103,P0300,⚠️ CRITICAL DEVIATION DETECTED,2026-07-31 02:38:43.022517
2026-07-31 04:49:23.238981,VIN-233457,0,91,P0300,⚠️ CRITICAL DEVIATION DETECTED,2026-07-31 02:38:43.026550
2026-07-31 04:49:25.238981,VIN-021830,1543,94,P0300,⚠️ CRITICAL DEVIATION DETECTED,2026-07-31 02:38:43.033733
2026-07-31 04:49:26.238981,VIN-780430,2493,95,P0420,⚠️ CRITICAL DEVIATION DETECTED,2026-07-31 02:38:43.049395
2026-07-31 04:49:27.238981,VIN-666483,3470,85,P0300,⚠️ CRITICAL DEVIATION DETECTED,2026-07-31 02:38:43.056046
2026-07-31 04:49:31.238981,VIN-423431,2151,93,P0300,⚠️ CRITICAL DEVIATION DETECTED,2026-07-31 02:38:43.061337
2026-07-31 04:49:32.238981,VIN-393743,2251,99,P0420,⚠️ CRITICAL DEVIATION DETECTED,2026-07-31 02:38:43.079591
2026-07-31 04:49:38.238981,VIN-955229,2010,96,P0420,⚠️ CRITICAL DEVIATION DETECTED,2026-07-31 02:38:43.083084
2026-07-31 04:49:41.238981,VIN-257307,2914,85,P0300,⚠️ CRITICAL DEVIATION DETECTED,2026-07-31 02:38:43.086271
2026-07-31 04:49:42.238981,VIN-622054,1577,100,P0171,⚠️ CRITICAL DEVIATION DETECTED,2026-07-31 02:38:43.090937
2026-07-31 04:49:44.238981,VIN-894398,0,96,P0171,⚠️ CRITICAL DEVIATION DETECTED,2026-07-31 02:38:43.093867
2026-07-31 04:49:46.238981,VIN-447727,3202,105,P0171,⚠️ CRITICAL DEVIATION DETECTED,2026-07-31 02:38:43.098582
2026-07-31 04:49:48.238981,VIN-385765,1755,103,P0300,⚠️ CRITICAL DEVIATION DETECTED,2026-07-31 02:38:43.104217
2026-07-31 04:49:49.238981,VIN-915100,0,102,P0420,⚠️ CRITICAL DEVIATION DETECTED,2026-07-31 02:38:43.110086
2026-07-31 04:49:51.238981,VIN-309325,2198,91,P0171,⚠️ CRITICAL DEVIATION DETECTED,2026-07-31 02:38:43.113990
2026-07-31 04:49:56.238981,VIN-476463,2934,91,P0171,⚠️ CRITICAL DEVIATION DETECTED,2026-07-31 02:38:43.117408
2026-07-31 04:49:57.238981,VIN-871376,2628,95,P0171,⚠️ CRITICAL DEVIATION DETECTED,2026-07-31 02:38:43.121450
2026-07-31 04:50:03.238981,VIN-709307,2927,85,P0171,⚠️ CRITICAL DEVIATION DETECTED,2026-07-31 02:38:43.124308
2026-07-31 04:50:04.238981,VIN-261036,2751,89,P0171,⚠️ CRITICAL DEVIATION DETECTED,2026-07-31 02:38:43.127922
2026-07-31 04:50:08.238981,VIN-984228,3367,89,P0420,⚠️ CRITICAL DEVIATION DETECTED,2026-07-31 02:38:43.132730
2026-07-31 04:50:10.238981,VIN-918464,2058,95,P0300,⚠️ CRITICAL DEVIATION DETECTED,2026-07-31 02:38:43.138131
2026-07-31 04:50:15.238981,VIN-896565,2023,91,P0420,⚠️ CRITICAL DEVIATION DETECTED,2026-07-31 02:38:43.142709
2026-07-31 04:50:16.238981,VIN-688992,2325,104,P0300,⚠️ CRITICAL DEVIATION DETECTED,2026-07-31 02:38:43.146741
2026-07-31 04:50:18.238981,VIN-946401,2105,87,P0420,⚠️ CRITICAL DEVIATION DETECTED,2026-07-31 02:38:43.149681
2026-07-31 04:50:20.238981,VIN-724449,2503,98,P0171,⚠️ CRITICAL DEVIATION DETECTED,2026-07-31 02:38:43.154012
2026-07-31 04:50:21.238981,VIN-655931,2528,104,P0300,⚠️ CRITICAL DEVIATION DETECTED,2026-07-31 02:38:43.157523
2026-07-31 04:50:22.238981,VIN-991285,2038,102,P0171,⚠️ CRITICAL DEVIATION DETECTED,2026-07-31 02:38:43.161015
2026-07-31 04:50:23.238981,VIN-897450,2855,100,P0300,⚠️ CRITICAL DEVIATION DETECTED,2026-07-31 02:38:43.166494
2026-07-31 04:50:34.238981,VIN-885983,3323,105,P0420,⚠️ CRITICAL DEVIATION DETECTED,2026-07-31 02:38:43.171704
2026-07-31 04:50:37.238981,VIN-452964,3086,102,P0420,⚠️ CRITICAL DEVIATION DETECTED,2026-07-31 02:38:43.174711
2026-07-31 04:50:43.238981,VIN-394452,2996,88,P0171,⚠️ CRITICAL DEVIATION DETECTED,2026-07-31 02:38:43.177530
2026-07-31 04:50:53.238981,VIN-547895,0,86,P0171,⚠️ CRITICAL DEVIATION DETECTED,2026-07-31 02:38:43.180575
2026-07-31 04:50:54.238981,VIN-888162,3194,104,P0300,⚠️ CRITICAL DEVIATION DETECTED,2026-07-31 02:38:43.184272
2026-07-31 04:50:56.238981,VIN-961125,2530,93,P0171,⚠️ CRITICAL DEVIATION DETECTED,2026-07-31 02:38:43.186893
2026-07-31 04:50:57.238981,VIN-205553,3389,100,P0171,⚠️ CRITICAL DEVIATION DETECTED,2026-07-31 02:38:43.190078
2026-07-31 04:51:02.238981,VIN-677803,1870,96,P0171,⚠️ CRITICAL DEVIATION DETECTED,2026-07-31 02:38:43.193565
2026-07-31 04:51:10.238981,VIN-810329,3179,87,P0420,⚠️ CRITICAL DEVIATION DETECTED,2026-07-31 02:38:43.197720
2026-07-31 04:51:12.238981,VIN-185202,2520,98,P0420,⚠️ CRITICAL DEVIATION DETECTED,2026-07-31 02:38:43.202257
2026-07-31 04:51:13.238981,VIN-173586,2547,103,P0171,⚠️ CRITICAL DEVIATION DETECTED,2026-07-31 02:38:43.205393
2026-07-31 04:51:14.238981,VIN-641864,3239,85,P0420,⚠️ CRITICAL DEVIATION DETECTED,2026-07-31 02:38:43.213690
2026-07-31 04:51:16.238981,VIN-332316,2441,98,P0420,⚠️ CRITICAL DEVIATION DETECTED,2026-07-31 02:38:43.216829
2026-07-31 04:51:19.238981,VIN-694408,3106,85,P0171,⚠️ CRITICAL DEVIATION DETECTED,2026-07-31 02:38:43.234106
2026-07-31 04:51:20.238981,VIN-583634,2217,86,P0300,⚠️ CRITICAL DEVIATION DETECTED,2026-07-31 02:38:43.260333
2026-07-31 04:51:21.238981,VIN-278614,3106,98,P0300,⚠️ CRITICAL DEVIATION DETECTED,2026-07-31 02:38:43.279581
2026-07-31 04:51:22.238981,VIN-116017,2929,95,P0420,⚠️ CRITICAL DEVIATION DETECTED,2026-07-31 02:38:43.302729
2026-07-31 04:51:24.238981,VIN-432952,3386,89,P0300,⚠️ CRITICAL DEVIATION DETECTED,2026-07-31 02:38:43.317203
2026-07-31 04:51:25.238981,VIN-767155,2383,93,P0300,⚠️ CRITICAL DEVIATION DETECTED,2026-07-31 02:38:43.339070
2026-07-31 04:51:28.238981,VIN-187138,2843,97,P0171,⚠️ CRITICAL DEVIATION DETECTED,2026-07-31 02:38:43.345900
2026-07-31 04:51:29.238981,VIN-908217,0,87,P0300,⚠️ CRITICAL DEVIATION DETECTED,2026-07-31 02:38:43.355563
2026-07-31 04:51:30.238981,VIN-894447,2436,98,P0300,⚠️ CRITICAL DEVIATION DETECTED,2026-07-31 02:38:43.364139
2026-07-31 04:51:31.238981,VIN-617227,2545,105,P0420,⚠️ CRITICAL DEVIATION DETECTED,2026-07-31 02:38:43.374670
2026-07-31 04:51:33.238981,VIN-047204,2832,102,P0171,⚠️ CRITICAL DEVIATION DETECTED,2026-07-31 02:38:43.378349
2026-07-31 04:51:34.238981,VIN-606895,2386,88,P0300,⚠️ CRITICAL DEVIATION DETECTED,2026-07-31 02:38:43.385893
2026-07-31 04:51:35.238981,VIN-131850,2549,87,P0300,⚠️ CRITICAL DEVIATION DETECTED,2026-07-31 02:38:43.389073
2026-07-31 04:51:38.238981,VIN-250434,3088,102,P0171,⚠️ CRITICAL DEVIATION DETECTED,2026-07-31 02:38:43.392049
2026-07-31 04:51:40.238981,VIN-269932,2502,104,P0171,⚠️ CRITICAL DEVIATION DETECTED,2026-07-31 02:38:43.395651
2026-07-31 04:51:41.238981,VIN-151593,2965,100,P0171,⚠️ CRITICAL DEVIATION DETECTED,2026-07-31 02:38:43.401316
2026-07-31 04:51:42.238981,VIN-803252,2923,90,P0300,⚠️ CRITICAL DEVIATION DETECTED,2026-07-31 02:38:43.405397
2026-07-31 04:51:43.238981,VIN-327787,2747,96,P0171,⚠️ CRITICAL DEVIATION DETECTED,2026-07-31 02:38:43.409267
2026-07-31 04:51:45.238981,VIN-181099,2138,98,P0420,⚠️ CRITICAL DEVIATION DETECTED,2026-07-31 02:38:43.411910
2026-07-31 04:51:46.238981,VIN-790303,1847,98,P0420,⚠️ CRITICAL DEVIATION DETECTED,2026-07-31 02:38:43.414768
2026-07-31 04:51:49.238981,VIN-803231,3361,101,P0300,⚠️ CRITICAL DEVIATION DETECTED,2026-07-31 02:38:43.418266
2026-07-31 04:51:50.238981,VIN-326165,2441,86,P0420,⚠️ CRITICAL DEVIATION DETECTED,2026-07-31 02:38:43.421904
2026-07-31 04:51:51.238981,VIN-707793,0,100,P0420,⚠️ CRITICAL DEVIATION DETECTED,2026-07-31 02:38:43.425331
2026-07-31 04:51:54.238981,VIN-533196,2834,105,P0300,⚠️ CRITICAL DEVIATION DETECTED,2026-07-31 02:38:43.429320
2026-07-31 04:51:57.238981,VIN-454533,2306,93,P0420,⚠️ CRITICAL DEVIATION DETECTED,2026-07-31 02:38:43.433901
2026-07-31 04:51:59.238981,VIN-593071,3237,88,P0171,⚠️ CRITICAL DEVIATION DETECTED,2026-07-31 02:38:43.440465
2026-07-31 04:52:00.238981,VIN-938440,3284,96,P0171,⚠️ CRITICAL DEVIATION DETECTED,2026-07-31 02:38:43.443935
2026-07-31 04:52:01.238981,VIN-032770,3415,98,P0300,⚠️ CRITICAL DEVIATION DETECTED,2026-07-31 02:38:43.447710
2026-07-31 04:52:02.238981,VIN-947155,3067,91,P0420,⚠️ CRITICAL DEVIATION DETECTED,2026-07-31 02:38:43.450664
2026-07-31 04:52:03.238981,VIN-238955,2941,101,P0171,⚠️ CRITICAL DEVIATION DETECTED,2026-07-31 02:38:43.453466
2026-07-31 04:52:06.238981,VIN-520806,2555,86,P0171,⚠️ CRITICAL DEVIATION DETECTED,2026-07-31 02:38:43.457225
2026-07-31 04:52:07.238981,VIN-526438,3015,85,P0420,⚠️ CRITICAL DEVIATION DETECTED,2026-07-31 02:38:43.461094
2026-07-31 04:52:09.238981,VIN-017678,1947,85,P0171,⚠️ CRITICAL DEVIATION DETECTED,2026-07-31 02:38:43.472368
2026-07-31 04:52:11.238981,VIN-752755,3387,93,P0171,⚠️ CRITICAL DEVIATION DETECTED,2026-07-31 02:38:43.476233
2026-07-31 04:52:13.238981,VIN-642221,0,90,P0420,⚠️ CRITICAL DEVIATION DETECTED,2026-07-31 02:38:43.481787
2026-07-31 04:52:15.238981,VIN-041886,1900,90,P0420,⚠️ CRITICAL DEVIATION DETECTED,2026-07-31 02:38:43.485089
2026-07-31 04:52:16.238981,VIN-724074,3067,94,P0420,⚠️ CRITICAL DEVIATION DETECTED,2026-07-31 02:38:43.489379
2026-07-31 04:52:17.238981,VIN-467731,3073,86,P0420,⚠️ CRITICAL DEVIATION DETECTED,2026-07-31 02:38:43.493694
2026-07-31 04:52:18.238981,VIN-185221,2237,103,P0420,⚠️ CRITICAL DEVIATION DETECTED,2026-07-31 02:38:43.499480
2026-07-31 04:52:21.238981,VIN-339451,2896,90,P0420,⚠️ CRITICAL DEVIATION DETECTED,2026-07-31 02:38:43.507106
2026-07-31 04:52:25.238981,VIN-826116,0,92,P0171,⚠️ CRITICAL DEVIATION DETECTED,2026-07-31 02:38:43.510929
2026-07-31 04:52:26.238981,VIN-656557,1957,98,P0300,⚠️ CRITICAL DEVIATION DETECTED,2026-07-31 02:38:43.514109
2026-07-31 04:52:31.238981,VIN-823836,2296,95,P0420,⚠️ CRITICAL DEVIATION DETECTED,2026-07-31 02:38:43.517551
2026-07-31 04:52:32.238981,VIN-218579,1664,98,P0300,⚠️ CRITICAL DEVIATION DETECTED,2026-07-31 02:38:43.521275
2026-07-31 04:52:35.238981,VIN-863939,0,88,P0420,⚠️ CRITICAL DEVIATION DETECTED,2026-07-31 02:38:43.524007
2026-07-31 04:52:36.238981,VIN-410866,2790,97,P0171,⚠️ CRITICAL DEVIATION DETECTED,2026-07-31 02:38:43.526706
2026-07-31 04:52:38.238981,VIN-130812,2560,88,P0420,⚠️ CRITICAL DEVIATION DETECTED,2026-07-31 02:38:43.530832
2026-07-31 04:52:44.238981,VIN-962059,2605,96,P0171,⚠️ CRITICAL DEVIATION DETECTED,2026-07-31 02:38:43.534892
2026-07-31 04:52:46.238981,VIN-696832,3117,95,P0420,⚠️ CRITICAL DEVIATION DETECTED,2026-07-31 02:38:43.541959
2026-07-31 04:52:48.238981,VIN-180731,3401,93,P0171,⚠️ CRITICAL DEVIATION DETECTED,2026-07-31 02:38:43.545645
2026-07-31 04:52:49.238981,VIN-805755,2164,87,P0300,⚠️ CRITICAL DEVIATION DETECTED,2026-07-31 02:38:43.549061
2026-07-31 04:52:50.238981,VIN-931097,2675,96,P0171,⚠️ CRITICAL DEVIATION DETECTED,2026-07-31 02:38:43.552653
2026-07-31 04:52:53.238981,VIN-110229,3080,101,P0171,⚠️ CRITICAL DEVIATION DETECTED,2026-07-31 02:38:43.556574
2026-07-31 04:52:54.238981,VIN-000768,1805,101,P0300,⚠️ CRITICAL DEVIATION DETECTED,2026-07-31 02:38:43.559837
2026-07-31 04:52:56.238981,VIN-556312,2204,86,P0171,⚠️ CRITICAL DEVIATION DETECTED,2026-07-31 02:38:43.564374
2026-07-31 04:52:57.238981,VIN-870572,3499,93,P0300,⚠️ CRITICAL DEVIATION DETECTED,2026-07-31 02:38:43.568115
2026-07-31 04:53:01.238981,VIN-418192,2953,91,P0171,⚠️ CRITICAL DEVIATION DETECTED,2026-07-31 02:38:43.573002
2026-07-31 04:53:05.238981,VIN-551375,2215,90,P0420,⚠️ CRITICAL DEVIATION DETECTED,2026-07-31 02:38:43.576268
2026-07-31 04:53:07.238981,VIN-621934,3375,89,P0300,⚠️ CRITICAL DEVIATION DETECTED,2026-07-31 02:38:43.579342
2026-07-31 04:53:13.238981,VIN-743457,1622,104,P0300,⚠️ CRITICAL DEVIATION DETECTED,2026-07-31 02:38:43.582025
2026-07-31 04:53:14.238981,VIN-149471,2444,100,P0420,⚠️ CRITICAL DEVIATION DETECTED,2026-07-31 02:38:43.592735
2026-07-31 04:53:19.238981,VIN-077598,2368,91,P0420,⚠️ CRITICAL DEVIATION DETECTED,2026-07-31 02:38:43.596241
2026-07-31 04:53:20.238981,VIN-943867,1783,100,P0420,⚠️ CRITICAL DEVIATION DETECTED,2026-07-31 02:38:43.600452
2026-07-31 04:53:23.238981,VIN-364889,1736,97,P0420,⚠️ CRITICAL DEVIATION DETECTED,2026-07-31 02:38:43.608836
2026-07-31 04:53:26.238981,VIN-533074,3029,102,P0171,⚠️ CRITICAL DEVIATION DETECTED,2026-07-31 02:38:43.612132
2026-07-31 04:53:28.238981,VIN-445570,3055,101,P0171,⚠️ CRITICAL DEVIATION DETECTED,2026-07-31 02:38:43.615046
2026-07-31 04:53:30.238981,VIN-320883,2998,100,P0300,⚠️ CRITICAL DEVIATION DETECTED,2026-07-31 02:38:43.617868
2026-07-31 04:53:33.238981,VIN-181852,2275,98,P0171,⚠️ CRITICAL DEVIATION DETECTED,2026-07-31 02:38:43.620632
2026-07-31 04:53:35.238981,VIN-760596,3470,92,P0420,⚠️ CRITICAL DEVIATION DETECTED,2026-07-31 02:38:43.625047
2026-07-31 04:53:37.238981,VIN-802084,2424,90,P0171,⚠️ CRITICAL DEVIATION DETECTED,2026-07-31 02:38:43.628067
2026-07-31 04:53:42.238981,VIN-148876,2971,94,P0420,⚠️ CRITICAL DEVIATION DETECTED,2026-07-31 02:38:43.631794
2026-07-31 04:53:43.238981,VIN-319098,2070,96,P0171,⚠️ CRITICAL DEVIATION DETECTED,2026-07-31 02:38:43.636691
2026-07-31 04:53:48.238981,VIN-594077,3252,100,P0420,⚠️ CRITICAL DEVIATION DETECTED,2026-07-31 02:38:43.640985
2026-07-31 04:53:51.238981,VIN-985463,1838,98,P0171,⚠️ CRITICAL DEVIATION DETECTED,2026-07-31 02:38:43.644773
2026-07-31 04:53:53.238981,VIN-347606,2459,92,P0300,⚠️ CRITICAL DEVIATION DETECTED,2026-07-31 02:38:43.649924
2026-07-31 04:53:56.238981,VIN-442754,1763,105,P0300,⚠️ CRITICAL DEVIATION DETECTED,2026-07-31 02:38:43.655576
2026-07-31 04:54:07.238981,VIN-075246,1855,90,P0420,⚠️ CRITICAL DEVIATION DETECTED,2026-07-31 02:38:43.658897
2026-07-31 04:54:08.238981,VIN-298773,3476,85,P0420,⚠️ CRITICAL DEVIATION DETECTED,2026-07-31 02:38:43.675561
2026-07-31 04:54:09.238981,VIN-642618,1816,93,P0420,⚠️ CRITICAL DEVIATION DETECTED,2026-07-31 02:38:43.678427
2026-07-31 04:54:14.238981,VIN-646975,1629,88,P0171,⚠️ CRITICAL DEVIATION DETECTED,2026-07-31 02:38:43.681885
2026-07-31 04:54:18.238981,VIN-932746,2122,99,P0420,⚠️ CRITICAL DEVIATION DETECTED,2026-07-31 02:38:43.685831
2026-07-31 04:54:20.238981,VIN-900129,0,97,P0171,⚠️ CRITICAL DEVIATION DETECTED,2026-07-31 02:38:43.689265
2026-07-31 04:54:24.238981,VIN-063692,3073,105,P0300,⚠️ CRITICAL DEVIATION DETECTED,2026-07-31 02:38:43.692938
2026-07-31 04:54:25.238981,VIN-220524,1557,93,P0300,⚠️ CRITICAL DEVIATION DETECTED,2026-07-31 02:38:43.702735
2026-07-31 04:54:27.238981,VIN-116501,2350,96,P0300,⚠️ CRITICAL DEVIATION DETECTED,2026-07-31 02:38:43.712196
2026-07-31 04:54:28.238981,VIN-957569,1943,97,P0420,⚠️ CRITICAL DEVIATION DETECTED,2026-07-31 02:38:43.719551
2026-07-31 04:54:30.238981,VIN-083237,1758,94,P0171,⚠️ CRITICAL DEVIATION DETECTED,2026-07-31 02:38:43.723605
2026-07-31 04:54:35.238981,VIN-012676,3283,105,P0420,⚠️ CRITICAL DEVIATION DETECTED,2026-07-31 02:38:43.727758
2026-07-31 04:54:36.238981,VIN-800784,2553,89,P0171,⚠️ CRITICAL DEVIATION DETECTED,2026-07-31 02:38:43.734075
2026-07-31 04:54:39.238981,VIN-605023,3480,104,P0171,⚠️ CRITICAL DEVIATION DETECTED,2026-07-31 02:38:43.739242
2026-07-31 04:54:44.238981,VIN-093745,1802,85,P0171,⚠️ CRITICAL DEVIATION DETECTED,2026-07-31 02:38:43.744334
2026-07-31 04:54:45.238981,VIN-487708,2228,94,P0171,⚠️ CRITICAL DEVIATION DETECTED,2026-07-31 02:38:43.747950
2026-07-31 04:54:46.238981,VIN-555286,3115,99,P0420,⚠️ CRITICAL DEVIATION DETECTED,2026-07-31 02:38:43.751023
2026-07-31 04:54:48.238981,VIN-043641,1976,100,P0171,⚠️ CRITICAL DEVIATION DETECTED,2026-07-31 02:38:43.754772
2026-07-31 04:54:50.238981,VIN-049123,2366,96,P0300,⚠️ CRITICAL DEVIATION DETECTED,2026-07-31 02:38:43.757797
2026-07-31 04:54:52.238981,VIN-364186,3280,86,P0300,⚠️ CRITICAL DEVIATION DETECTED,2026-07-31 02:38:43.761349
2026-07-31 04:54:55.238981,VIN-071346,2559,93,P0300,⚠️ CRITICAL DEVIATION DETECTED,2026-07-31 02:38:43.767984
2026-07-31 04:54:57.238981,VIN-924626,2586,91,P0420,⚠️ CRITICAL DEVIATION DETECTED,2026-07-31 02:38:43.773701
2026-07-31 04:54:59.238981,VIN-761145,1893,100,P0300,⚠️ CRITICAL DEVIATION DETECTED,2026-07-31 02:38:43.777011
2026-07-31 04:55:03.238981,VIN-661555,3443,102,P0300,⚠️ CRITICAL DEVIATION DETECTED,2026-07-31 02:38:43.780715
2026-07-31 04:55:04.238981,VIN-642818,1735,95,P0300,⚠️ CRITICAL DEVIATION DETECTED,2026-07-31 02:38:43.783561
2026-07-31 04:55:05.238981,VIN-483302,1567,95,P0171,⚠️ CRITICAL DEVIATION DETECTED,2026-07-31 02:38:43.786985
2026-07-31 04:55:08.238981,VIN-841212,2447,88,P0171,⚠️ CRITICAL DEVIATION DETECTED,2026-07-31 02:38:43.789907
2026-07-31 04:55:09.238981,VIN-342763,2457,91,P0420,⚠️ CRITICAL DEVIATION DETECTED,2026-07-31 02:38:43.793219
2026-07-31 04:55:11.238981,VIN-851311,2414,97,P0300,⚠️ CRITICAL DEVIATION DETECTED,2026-07-31 02:38:43.796871
2026-07-31 04:55:13.238981,VIN-994084,1886,92,P0420,⚠️ CRITICAL DEVIATION DETECTED,2026-07-31 02:38:43.801729
2026-07-31 04:55:16.238981,VIN-207692,3241,98,P0420,⚠️ CRITICAL DEVIATION DETECTED,2026-07-31 02:38:43.806351
2026-07-31 04:55:21.238981,VIN-032977,1831,99,P0420,⚠️ CRITICAL DEVIATION DETECTED,2026-07-31 02:38:43.810197
2026-07-31 04:55:22.238981,VIN-604434,3299,98,P0300,⚠️ CRITICAL DEVIATION DETECTED,2026-07-31 02:38:43.815697
2026-07-31 04:55:23.238981,VIN-012190,3059,101,P0171,⚠️ CRITICAL DEVIATION DETECTED,2026-07-31 02:38:43.818901
2026-07-31 04:55:24.238981,VIN-040391,2075,96,P0420,⚠️ CRITICAL DEVIATION DETECTED,2026-07-31 02:38:43.822006
2026-07-31 04:55:26.238981,VIN-149196,3356,99,P0171,⚠️ CRITICAL DEVIATION DETECTED,2026-07-31 02:38:43.825132
2026-07-31 04:55:28.238981,VIN-723324,2054,88,P0171,⚠️ CRITICAL DEVIATION DETECTED,2026-07-31 02:38:43.829005
2026-07-31 04:55:30.238981,VIN-300274,1958,105,P0300,⚠️ CRITICAL DEVIATION DETECTED,2026-07-31 02:38:43.833163
2026-07-31 04:55:32.238981,VIN-182379,3234,93,P0171,⚠️ CRITICAL DEVIATION DETECTED,2026-07-31 02:38:43.837790
2026-07-31 04:55:33.238981,VIN-221414,3335,86,P0300,⚠️ CRITICAL DEVIATION DETECTED,2026-07-31 02:38:43.841010
2026-07-31 04:55:34.238981,VIN-416884,2504,105,P0300,⚠️ CRITICAL DEVIATION DETECTED,2026-07-31 02:38:43.844261
2026-07-31 04:55:37.238981,VIN-592057,1787,92,P0420,⚠️ CRITICAL DEVIATION DETECTED,2026-07-31 02:38:43.848174
2026-07-31 04:55:42.238981,VIN-551331,3099,104,P0420,⚠️ CRITICAL DEVIATION DETECTED,2026-07-31 02:38:43.851840
2026-07-31 04:55:43.238981,VIN-901656,2945,97,P0171,⚠️ CRITICAL DEVIATION DETECTED,2026-07-31 02:38:43.854985
2026-07-31 04:55:44.238981,VIN-358736,2474,90,P0171,⚠️ CRITICAL DEVIATION DETECTED,2026-07-31 02:38:43.858686
2026-07-31 04:55:46.238981,VIN-319269,3128,103,P0420,⚠️ CRITICAL DEVIATION DETECTED,2026-07-31 02:38:43.861687
2026-07-31 04:55:47.238981,VIN-369533,2200,90,P0300,⚠️ CRITICAL DEVIATION DETECTED,2026-07-31 02:38:43.866581
2026-07-31 04:55:48.238981,VIN-768632,3230,90,P0420,⚠️ CRITICAL DEVIATION DETECTED,2026-07-31 02:38:43.869855
2026-07-31 04:55:51.238981,VIN-665722,1746,97,P0300,⚠️ CRITICAL DEVIATION DETECTED,2026-07-31 02:38:43.874240
2026-07-31 04:55:52.238981,VIN-131645,2546,103,P0300,⚠️ CRITICAL DEVIATION DETECTED,2026-07-31 02:38:43.878189
2026-07-31 04:55:53.238981,VIN-266184,2345,94,P0171,⚠️ CRITICAL DEVIATION DETECTED,2026-07-31 02:38:43.881206
2026-07-31 04:55:54.238981,VIN-693091,2658,98,P0420,⚠️ CRITICAL DEVIATION DETECTED,2026-07-31 02:38:43.884825
2026-07-31 04:55:55.238981,VIN-771511,2926,92,P0171,⚠️ CRITICAL DEVIATION DETECTED,2026-07-31 02:38:43.888643
2026-07-31 04:55:58.238981,VIN-141598,2188,101,P0300,⚠️ CRITICAL DEVIATION DETECTED,2026-07-31 02:38:43.892234
2026-07-31 04:56:02.238981,VIN-528358,3191,89,P0420,⚠️ CRITICAL DEVIATION DETECTED,2026-07-31 02:38:43.896809
2026-07-31 04:56:03.238981,VIN-584847,2799,97,P0420,⚠️ CRITICAL DEVIATION DETECTED,2026-07-31 02:38:43.902369
2026-07-31 04:56:08.238981,VIN-665301,3239,94,P0300,⚠️ CRITICAL DEVIATION DETECTED,2026-07-31 02:38:43.906143
2026-07-31 04:56:11.238981,VIN-042585,2115,98,P0420,⚠️ CRITICAL DEVIATION DETECTED,2026-07-31 02:38:43.911171
2026-07-31 04:56:14.238981,VIN-367696,3079,91,P0300,⚠️ CRITICAL DEVIATION DETECTED,2026-07-31 02:38:43.914964
2026-07-31 04:56:15.238981,VIN-822679,2834,93,P0171,⚠️ CRITICAL DEVIATION DETECTED,2026-07-31 02:38:43.919013
2026-07-31 04:56:16.238981,VIN-183591,2795,96,P0420,⚠️ CRITICAL DEVIATION DETECTED,2026-07-31 02:38:43.922147
2026-07-31 04:56:18.238981,VIN-795561,3426,102,P0420,⚠️ CRITICAL DEVIATION DETECTED,2026-07-31 02:38:43.924972
2026-07-31 04:56:19.238981,VIN-804266,2803,91,P0171,⚠️ CRITICAL DEVIATION DETECTED,2026-07-31 02:38:43.928021
2026-07-31 04:56:21.238981,VIN-338616,2917,90,P0300,⚠️ CRITICAL DEVIATION DETECTED,2026-07-31 02:38:43.932406
2026-07-31 04:56:24.238981,VIN-907134,1578,86,P0300,⚠️ CRITICAL DEVIATION DETECTED,2026-07-31 02:38:43.937241
2026-07-31 04:56:28.238981,VIN-737130,2046,105,P0420,⚠️ CRITICAL DEVIATION DETECTED,2026-07-31 02:38:43.941375
2026-07-31 04:56:29.238981,VIN-534095,3135,95,P0420,⚠️ CRITICAL DEVIATION DETECTED,2026-07-31 02:38:43.944976
2026-07-31 04:56:35.238981,VIN-231425,1705,100,P0171,⚠️ CRITICAL DEVIATION DETECTED,2026-07-31 02:38:43.950011
2026-07-31 04:56:36.238981,VIN-761108,3478,104,P0300,⚠️ CRITICAL DEVIATION DETECTED,2026-07-31 02:38:43.953102
2026-07-31 04:56:37.238981,VIN-179857,3185,93,P0300,⚠️ CRITICAL DEVIATION DETECTED,2026-07-31 02:38:43.956062
2026-07-31 04:56:41.238981,VIN-864767,3056,89,P0300,⚠️ CRITICAL DEVIATION DETECTED,2026-07-31 02:38:43.959896
2026-07-31 04:56:43.238981,VIN-578884,1801,92,P0171,⚠️ CRITICAL DEVIATION DETECTED,2026-07-31 02:38:43.963962
2026-07-31 04:56:45.238981,VIN-297366,3198,104,P0420,⚠️ CRITICAL DEVIATION DETECTED,2026-07-31 02:38:43.970956
2026-07-31 04:56:46.238981,VIN-649143,1960,103,P0300,⚠️ CRITICAL DEVIATION DETECTED,2026-07-31 02:38:43.974740
2026-07-31 04:56:47.238981,VIN-259430,1513,91,P0420,⚠️ CRITICAL DEVIATION DETECTED,2026-07-31 02:38:43.978243
2026-07-31 04:56:49.238981,VIN-642832,3165,92,P0300,⚠️ CRITICAL DEVIATION DETECTED,2026-07-31 02:38:43.981749
2026-07-31 04:56:51.238981,VIN-193329,1803,87,P0420,⚠️ CRITICAL DEVIATION DETECTED,2026-07-31 02:38:43.984319
2026-07-31 04:56:53.238981,VIN-068679,1688,105,P0171,⚠️ CRITICAL DEVIATION DETECTED,2026-07-31 02:38:43.990483
2026-07-31 04:56:54.238981,VIN-019707,1581,99,P0300,⚠️ CRITICAL DEVIATION DETECTED,2026-07-31 02:38:43.995044
2026-07-31 04:56:55.238981,VIN-120639,2386,101,P0420,⚠️ CRITICAL DEVIATION DETECTED,2026-07-31 02:38:44.000924
2026-07-31 04:56:57.238981,VIN-247222,1855,105,P0300,⚠️ CRITICAL DEVIATION DETECTED,2026-07-31 02:38:44.010177
2026-07-31 04:56:58.238981,VIN-889046,2492,98,P0420,⚠️ CRITICAL DEVIATION DETECTED,2026-07-31 02:38:44.018968
2026-07-31 04:57:02.238981,VIN-419419,3123,97,P0300,⚠️ CRITICAL DEVIATION DETECTED,2026-07-31 02:38:44.023241
2026-07-31 04:57:08.238981,VIN-588662,3223,86,P0300,⚠️ CRITICAL DEVIATION DETECTED,2026-07-31 02:38:44.025721
2026-07-31 04:57:09.238981,VIN-098405,2390,101,P0300,⚠️ CRITICAL DEVIATION DETECTED,2026-07-31 02:38:44.028399
2026-07-31 04:57:10.238981,VIN-859144,1637,90,P0420,⚠️ CRITICAL DEVIATION DETECTED,2026-07-31 02:38:44.037126
2026-07-31 04:57:11.238981,VIN-103221,1886,100,P0420,⚠️ CRITICAL DEVIATION DETECTED,2026-07-31 02:38:44.048113
2026-07-31 04:57:15.238981,VIN-527506,3422,96,P0420,⚠️ CRITICAL DEVIATION DETECTED,2026-07-31 02:38:44.052249
2026-07-31 04:57:19.238981,VIN-516865,2161,92,P0171,⚠️ CRITICAL DEVIATION DETECTED,2026-07-31 02:38:44.055691
2026-07-31 04:57:22.238981,VIN-655881,2172,100,P0300,⚠️ CRITICAL DEVIATION DETECTED,2026-07-31 02:38:44.059023
2026-07-31 04:57:23.238981,VIN-646938,2249,95,P0420,⚠️ CRITICAL DEVIATION DETECTED,2026-07-31 02:38:44.068834
2026-07-31 04:57:25.238981,VIN-949652,2163,91,P0300,⚠️ CRITICAL DEVIATION DETECTED,2026-07-31 02:38:44.073991
2026-07-31 04:57:30.238981,VIN-670778,2606,90,P0300,⚠️ CRITICAL DEVIATION DETECTED,2026-07-31 02:38:44.077527
2026-07-31 04:57:33.238981,VIN-905645,3323,87,P0171,⚠️ CRITICAL DEVIATION DETECTED,2026-07-31 02:38:44.080172
2026-07-31 04:57:38.238981,VIN-498424,2044,101,P0300,⚠️ CRITICAL DEVIATION DETECTED,2026-07-31 02:38:44.083491
2026-07-31 04:57:40.238981,VIN-843555,2795,97,P0300,⚠️ CRITICAL DEVIATION DETECTED,2026-07-31 02:38:44.086998
2026-07-31 04:57:41.238981,VIN-554323,3172,104,P0420,⚠️ CRITICAL DEVIATION DETECTED,2026-07-31 02:38:44.096798
2026-07-31 04:57:42.238981,VIN-409895,1959,103,P0300,⚠️ CRITICAL DEVIATION DETECTED,2026-07-31 02:38:44.116982
2026-07-31 04:57:43.238981,VIN-372219,2437,85,P0300,⚠️ CRITICAL DEVIATION DETECTED,2026-07-31 02:38:44.121603
2026-07-31 04:57:44.238981,VIN-166765,1900,95,P0171,⚠️ CRITICAL DEVIATION DETECTED,2026-07-31 02:38:44.126057
2026-07-31 04:57:46.238981,VIN-778942,2138,102,P0300,⚠️ CRITICAL DEVIATION DETECTED,2026-07-31 02:38:44.130964
2026-07-31 04:57:48.238981,VIN-991235,1850,94,P0300,⚠️ CRITICAL DEVIATION DETECTED,2026-07-31 02:38:44.139167
2026-07-31 04:57:49.238981,VIN-114836,2358,102,P0300,⚠️ CRITICAL DEVIATION DETECTED,2026-07-31 02:38:44.143914
2026-07-31 04:57:52.238981,VIN-232852,2221,95,P0171,⚠️ CRITICAL DEVIATION DETECTED,2026-07-31 02:38:44.148016
2026-07-31 04:57:54.238981,VIN-471270,2356,96,P0420,⚠️ CRITICAL DEVIATION DETECTED,2026-07-31 02:38:44.150898
2026-07-31 04:57:55.238981,VIN-945472,2868,99,P0420,⚠️ CRITICAL DEVIATION DETECTED,2026-07-31 02:38:44.154687
2026-07-31 04:57:57.238981,VIN-425236,3468,105,P0420,⚠️ CRITICAL DEVIATION DETECTED,2026-07-31 02:38:44.157730
2026-07-31 04:57:59.238981,VIN-954642,2770,91,P0171,⚠️ CRITICAL DEVIATION DETECTED,2026-07-31 02:38:44.160242
2026-07-31 04:58:00.238981,VIN-386766,2781,101,P0300,⚠️ CRITICAL DEVIATION DETECTED,2026-07-31 02:38:44.164089
2026-07-31 04:58:06.238981,VIN-665233,2502,92,P0300,⚠️ CRITICAL DEVIATION DETECTED,2026-07-31 02:38:44.168911
2026-07-31 04:58:07.238981,VIN-450100,3100,95,P0300,⚠️ CRITICAL DEVIATION DETECTED,2026-07-31 02:38:44.174397
2026-07-31 04:58:10.238981,VIN-050011,2335,101,P0420,⚠️ CRITICAL DEVIATION DETECTED,2026-07-31 02:38:44.177630
2026-07-31 04:58:15.238981,VIN-692779,3078,101,P0300,⚠️ CRITICAL DEVIATION DETECTED,2026-07-31 02:38:44.180848
2026-07-31 04:58:22.238981,VIN-940165,3458,97,P0420,⚠️ CRITICAL DEVIATION DETECTED,2026-07-31 02:38:44.183688
2026-07-31 04:58:23.238981,VIN-807632,3105,105,P0300,⚠️ CRITICAL DEVIATION DETECTED,2026-07-31 02:38:44.186253
2026-07-31 04:58:30.238981,VIN-783943,2330,91,P0420,⚠️ CRITICAL DEVIATION DETECTED,2026-07-31 02:38:44.189001
2026-07-31 04:58:31.238981,VIN-394660,1850,87,P0420,⚠️ CRITICAL DEVIATION DETECTED,2026-07-31 02:38:44.191874
2026-07-31 04:58:32.238981,VIN-911321,2879,91,P0171,⚠️ CRITICAL DEVIATION DETECTED,2026-07-31 02:38:44.194960
2026-07-31 04:58:33.238981,VIN-761126,2363,88,P0300,⚠️ CRITICAL DEVIATION DETECTED,2026-07-31 02:38:44.198792
2026-07-31 04:58:36.238981,VIN-120510,2460,99,P0171,⚠️ CRITICAL DEVIATION DETECTED,2026-07-31 02:38:44.203936
2026-07-31 04:58:37.238981,VIN-863883,2524,94,P0171,⚠️ CRITICAL DEVIATION DETECTED,2026-07-31 02:38:44.210074
2026-07-31 04:58:38.238981,VIN-508073,2088,90,P0420,⚠️ CRITICAL DEVIATION DETECTED,2026-07-31 02:38:44.214010
2026-07-31 04:58:43.238981,VIN-812045,1814,101,P0300,⚠️ CRITICAL DEVIATION DETECTED,2026-07-31 02:38:44.217406
2026-07-31 04:58:48.238981,VIN-663136,2994,100,P0171,⚠️ CRITICAL DEVIATION DETECTED,2026-07-31 02:38:44.220635
2026-07-31 04:58:50.238981,VIN-431141,1978,103,P0420,⚠️ CRITICAL DEVIATION DETECTED,2026-07-31 02:38:44.223432
2026-07-31 04:58:53.238981,VIN-273446,3364,95,P0420,⚠️ CRITICAL DEVIATION DETECTED,2026-07-31 02:38:44.234904
2026-07-31 04:58:55.238981,VIN-618276,2670,94,P0171,⚠️ CRITICAL DEVIATION DETECTED,2026-07-31 02:38:44.239876
2026-07-31 04:58:57.238981,VIN-536939,2908,92,P0420,⚠️ CRITICAL DEVIATION DETECTED,2026-07-31 02:38:44.246040
2026-07-31 04:58:59.238981,VIN-108146,2776,94,P0420,⚠️ CRITICAL DEVIATION DETECTED,2026-07-31 02:38:44.249413
2026-07-31 04:59:01.238981,VIN-552591,3004,86,P0171,⚠️ CRITICAL DEVIATION DETECTED,2026-07-31 02:38:44.252440
2026-07-31 04:59:03.238981,VIN-906632,1663,86,P0300,⚠️ CRITICAL DEVIATION DETECTED,2026-07-31 02:38:44.257139
2026-07-31 04:59:04.238981,VIN-386441,2711,85,P0171,⚠️ CRITICAL DEVIATION DETECTED,2026-07-31 02:38:44.260532
2026-07-31 04:59:07.238981,VIN-595412,2231,89,P0420,⚠️ CRITICAL DEVIATION DETECTED,2026-07-31 02:38:44.268796
2026-07-31 04:59:10.238981,VIN-948153,3427,92,P0171,⚠️ CRITICAL DEVIATION DETECTED,2026-07-31 02:38:44.272908
2026-07-31 04:59:16.238981,VIN-836739,1616,101,P0171,⚠️ CRITICAL DEVIATION DETECTED,2026-07-31 02:38:44.276790
2026-07-31 04:59:18.238981,VIN-141952,2133,104,P0300,⚠️ CRITICAL DEVIATION DETECTED,2026-07-31 02:38:44.280643
2026-07-31 04:59:20.238981,VIN-060040,2018,104,P0420,⚠️ CRITICAL DEVIATION DETECTED,2026-07-31 02:38:44.283317
2026-07-31 04:59:21.238981,VIN-336408,1894,89,P0420,⚠️ CRITICAL DEVIATION DETECTED,2026-07-31 02:38:44.286572
2026-07-31 04:59:23.238981,VIN-105936,2465,96,P0420,⚠️ CRITICAL DEVIATION DETECTED,2026-07-31 02:38:44.289835
2026-07-31 04:59:24.238981,VIN-943911,2052,89,P0420,⚠️ CRITICAL DEVIATION DETECTED,2026-07-31 02:38:44.293216
2026-07-31 04:59:28.238981,VIN-619515,3141,87,P0300,⚠️ CRITICAL DEVIATION DETECTED,2026-07-31 02:38:44.297272
2026-07-31 04:59:29.238981,VIN-633478,2074,94,P0171,⚠️ CRITICAL DEVIATION DETECTED,2026-07-31 02:38:44.302206
2026-07-31 04:59:31.238981,VIN-184899,1596,104,P0300,⚠️ CRITICAL DEVIATION DETECTED,2026-07-31 02:38:44.314591
2026-07-31 04:59:32.238981,VIN-485027,3203,93,P0171,⚠️ CRITICAL DEVIATION DETECTED,2026-07-31 02:38:44.319572
2026-07-31 04:59:33.238981,VIN-434132,2095,100,P0420,⚠️ CRITICAL DEVIATION DETECTED,2026-07-31 02:38:44.323963
2026-07-31 04:59:34.238981,VIN-047523,2175,105,P0420,⚠️ CRITICAL DEVIATION DETECTED,2026-07-31 02:38:44.327847
2026-07-31 04:59:35.238981,VIN-001424,2772,85,P0300,⚠️ CRITICAL DEVIATION DETECTED,2026-07-31 02:38:44.332257
2026-07-31 04:59:37.238981,VIN-213531,2948,92,P0420,⚠️ CRITICAL DEVIATION DETECTED,2026-07-31 02:38:44.346062
2026-07-31 04:59:39.238981,VIN-012044,3061,96,P0420,⚠️ CRITICAL DEVIATION DETECTED,2026-07-31 02:38:44.349318
2026-07-31 04:59:40.238981,VIN-758821,3373,101,P0420,⚠️ CRITICAL DEVIATION DETECTED,2026-07-31 02:38:44.352015
2026-07-31 04:59:43.238981,VIN-353944,3387,94,P0300,⚠️ CRITICAL DEVIATION DETECTED,2026-07-31 02:38:44.354854
2026-07-31 04:59:44.238981,VIN-853051,2523,98,P0420,⚠️ CRITICAL DEVIATION DETECTED,2026-07-31 02:38:44.358717
2026-07-31 04:59:48.238981,VIN-825767,2387,98,P0420,⚠️ CRITICAL DEVIATION DETECTED,2026-07-31 02:38:44.361720
2026-07-31 04:59:51.238981,VIN-406219,2847,104,P0171,⚠️ CRITICAL DEVIATION DETECTED,2026-07-31 02:38:44.366507
2026-07-31 04:59:53.238981,VIN-284751,2597,95,P0171,⚠️ CRITICAL DEVIATION DETECTED,2026-07-31 02:38:44.370084
2026-07-31 04:59:54.238981,VIN-549219,2794,93,P0420,⚠️ CRITICAL DEVIATION DETECTED,2026-07-31 02:38:44.373204
2026-07-31 04:59:55.238981,VIN-171195,1631,86,P0171,⚠️ CRITICAL DEVIATION DETECTED,2026-07-31 02:38:44.377372
2026-07-31 04:59:56.238981,VIN-060196,1826,96,P0300,⚠️ CRITICAL DEVIATION DETECTED,2026-07-31 02:38:44.381632
2026-07-31 04:59:57.238981,VIN-255459,1878,92,P0171,⚠️ CRITICAL DEVIATION DETECTED,2026-07-31 02:38:44.384612
2026-07-31 04:59:58.238981,VIN-478854,1552,105,P0171,⚠️ CRITICAL DEVIATION DETECTED,2026-07-31 02:38:44.387339
2026-07-31 04:59:59.238981,VIN-989298,2834,92,P0300,⚠️ CRITICAL DEVIATION DETECTED,2026-07-31 02:38:44.390270
2026-07-31 05:00:00.238981,VIN-961496,1858,98,P0420,⚠️ CRITICAL DEVIATION DETECTED,2026-07-31 02:38:44.393799
2026-07-31 05:00:01.238981,VIN-612945,2659,85,P0300,⚠️ CRITICAL DEVIATION DETECTED,2026-07-31 02:38:44.397237
2026-07-31 05:00:02.238981,VIN-627430,1807,94,P0171,⚠️ CRITICAL DEVIATION DETECTED,2026-07-31 02:38:44.402794
2026-07-31 05:00:04.238981,VIN-053593,2948,86,P0300,⚠️ CRITICAL DEVIATION DETECTED,2026-07-31 02:38:44.419386
2026-07-31 05:00:05.238981,VIN-584613,3460,91,P0420,⚠️ CRITICAL DEVIATION DETECTED,2026-07-31 02:38:44.422963
2026-07-31 05:00:07.238981,VIN-742894,1545,100,P0171,⚠️ CRITICAL DEVIATION DETECTED,2026-07-31 02:38:44.433239
2026-07-31 05:00:08.238981,VIN-462882,2934,95,P0171,⚠️ CRITICAL DEVIATION DETECTED,2026-07-31 02:38:44.437101
2026-07-31 05:00:10.238981,VIN-063496,2051,95,P0420,⚠️ CRITICAL DEVIATION DETECTED,2026-07-31 02:38:44.441414
2026-07-31 05:00:11.238981,VIN-674592,2036,95,P0171,⚠️ CRITICAL DEVIATION DETECTED,2026-07-31 02:38:44.446205
2026-07-31 05:00:12.238981,VIN-891552,3092,93,P0300,⚠️ CRITICAL DEVIATION DETECTED,2026-07-31 02:38:44.449085
2026-07-31 05:00:20.238981,VIN-312829,3128,95,P0171,⚠️ CRITICAL DEVIATION DETECTED,2026-07-31 02:38:44.451707
2026-07-31 05:00:21.238981,VIN-434993,2165,92,P0300,⚠️ CRITICAL DEVIATION DETECTED,2026-07-31 02:38:44.454712
2026-07-31 05:00:24.238981,VIN-449693,2633,104,P0171,⚠️ CRITICAL DEVIATION DETECTED,2026-07-31 02:38:44.457250
2026-07-31 05:00:27.238981,VIN-414240,0,105,P0171,⚠️ CRITICAL DEVIATION DETECTED,2026-07-31 02:38:44.459674
2026-07-31 05:00:28.238981,VIN-605290,1862,102,P0300,⚠️ CRITICAL DEVIATION DETECTED,2026-07-31 02:38:44.462129
2026-07-31 05:00:29.238981,VIN-583446,1739,98,P0171,⚠️ CRITICAL DEVIATION DETECTED,2026-07-31 02:38:44.466451
2026-07-31 05:00:31.238981,VIN-445486,2054,98,P0420,⚠️ CRITICAL DEVIATION DETECTED,2026-07-31 02:38:44.471163
2026-07-31 05:00:33.238981,VIN-304634,2753,98,P0420,⚠️ CRITICAL DEVIATION DETECTED,2026-07-31 02:38:44.475516
2026-07-31 05:00:37.238981,VIN-699221,2639,95,P0171,⚠️ CRITICAL DEVIATION DETECTED,2026-07-31 02:38:44.478400
2026-07-31 05:00:38.238981,VIN-103011,2083,86,P0300,⚠️ CRITICAL DEVIATION DETECTED,2026-07-31 02:38:44.481221
2026-07-31 05:00:41.238981,VIN-874243,2713,90,P0171,⚠️ CRITICAL DEVIATION DETECTED,2026-07-31 02:38:44.484850
2026-07-31 05:00:45.238981,VIN-645192,2587,90,P0300,⚠️ CRITICAL DEVIATION DETECTED,2026-07-31 02:38:44.487561
2026-07-31 05:00:47.238981,VIN-153882,3101,100,P0171,⚠️ CRITICAL DEVIATION DETECTED,2026-07-31 02:38:44.489995
2026-07-31 05:00:50.238981,VIN-142462,2173,98,P0171,⚠️ CRITICAL DEVIATION DETECTED,2026-07-31 02:38:44.493370
2026-07-31 05:00:52.238981,VIN-271186,1654,86,P0420,⚠️ CRITICAL DEVIATION DETECTED,2026-07-31 02:38:44.496670
2026-07-31 05:00:53.238981,VIN-494143,3379,96,P0171,⚠️ CRITICAL DEVIATION DETECTED,2026-07-31 02:38:44.501453
2026-07-31 05:00:58.238981,VIN-948246,0,93,P0171,⚠️ CRITICAL DEVIATION DETECTED,2026-07-31 02:38:44.510070
2026-07-31 05:01:00.238981,VIN-725679,3036,101,P0171,⚠️ CRITICAL DEVIATION DETECTED,2026-07-31 02:38:44.514639
2026-07-31 05:01:01.238981,VIN-332196,2815,90,P0300,⚠️ CRITICAL DEVIATION DETECTED,2026-07-31 02:38:44.517937
2026-07-31 05:01:03.238981,VIN-090942,2440,102,P0171,⚠️ CRITICAL DEVIATION DETECTED,2026-07-31 02:38:44.521809
2026-07-31 05:01:05.238981,VIN-480113,2259,101,P0171,⚠️ CRITICAL DEVIATION DETECTED,2026-07-31 02:38:44.524796
2026-07-31 05:01:09.238981,VIN-372913,2343,95,P0171,⚠️ CRITICAL DEVIATION DETECTED,2026-07-31 02:38:44.533210
2026-07-31 05:01:12.238981,VIN-236896,2638,99,P0300,⚠️ CRITICAL DEVIATION DETECTED,2026-07-31 02:38:44.546285
2026-07-31 05:01:14.238981,VIN-396004,1598,96,P0420,⚠️ CRITICAL DEVIATION DETECTED,2026-07-31 02:38:44.555705
2026-07-31 05:01:16.238981,VIN-660587,2906,93,P0420,⚠️ CRITICAL DEVIATION DETECTED,2026-07-31 02:38:44.571507
2026-07-31 05:01:20.238981,VIN-791105,0,104,P0300,⚠️ CRITICAL DEVIATION DETECTED,2026-07-31 02:38:44.576680
2026-07-31 05:01:21.238981,VIN-502683,3099,105,P0300,⚠️ CRITICAL DEVIATION DETECTED,2026-07-31 02:38:44.579593
2026-07-31 05:01:23.238981,VIN-477325,3190,103,P0300,⚠️ CRITICAL DEVIATION DETECTED,2026-07-31 02:38:44.581863
2026-07-31 05:01:29.238981,VIN-608756,2405,104,P0171,⚠️ CRITICAL DEVIATION DETECTED,2026-07-31 02:38:44.584513
2026-07-31 05:01:31.238981,VIN-469035,2518,93,P0300,⚠️ CRITICAL DEVIATION DETECTED,2026-07-31 02:38:44.587853
2026-07-31 05:01:34.238981,VIN-409136,3162,95,P0300,⚠️ CRITICAL DEVIATION DETECTED,2026-07-31 02:38:44.590313
2026-07-31 05:01:35.238981,VIN-754448,1958,94,P0420,⚠️ CRITICAL DEVIATION DETECTED,2026-07-31 02:38:44.593261
2026-07-31 05:01:39.238981,VIN-678389,2245,91,P0420,⚠️ CRITICAL DEVIATION DETECTED,2026-07-31 02:38:44.595997
2026-07-31 05:01:45.238981,VIN-873103,3256,101,P0420,⚠️ CRITICAL DEVIATION DETECTED,2026-07-31 02:38:44.610479
2026-07-31 05:01:46.238981,VIN-907448,2050,101,P0420,⚠️ CRITICAL DEVIATION DETECTED,2026-07-31 02:38:44.618574
2026-07-31 05:01:47.238981,VIN-471266,2419,93,P0420,⚠️ CRITICAL DEVIATION DETECTED,2026-07-31 02:38:44.622064
2026-07-31 05:01:48.238981,VIN-543720,3325,99,P0420,⚠️ CRITICAL DEVIATION DETECTED,2026-07-31 02:38:44.624622
2026-07-31 05:01:49.238981,VIN-258618,2739,90,P0171,⚠️ CRITICAL DEVIATION DETECTED,2026-07-31 02:38:44.627851
2026-07-31 05:02:00.238981,VIN-527904,3239,100,P0420,⚠️ CRITICAL DEVIATION DETECTED,2026-07-31 02:38:44.630457
2026-07-31 05:02:03.238981,VIN-420036,1664,102,P0420,⚠️ CRITICAL DEVIATION DETECTED,2026-07-31 02:38:44.640281
2026-07-31 05:02:05.238981,VIN-896447,2929,95,P0300,⚠️ CRITICAL DEVIATION DETECTED,2026-07-31 02:38:44.650340
2026-07-31 05:02:06.238981,VIN-856228,1688,105,P0300,⚠️ CRITICAL DEVIATION DETECTED,2026-07-31 02:38:44.652938
2026-07-31 05:02:10.238981,VIN-975819,2925,90,P0171,⚠️ CRITICAL DEVIATION DETECTED,2026-07-31 02:38:44.655778
2026-07-31 05:02:12.238981,VIN-017986,2849,100,P0300,⚠️ CRITICAL DEVIATION DETECTED,2026-07-31 02:38:44.662018
2026-07-31 05:02:14.238981,VIN-171490,1664,95,P0300,⚠️ CRITICAL DEVIATION DETECTED,2026-07-31 02:38:44.672422
2026-07-31 05:02:15.238981,VIN-173557,2001,96,P0420,⚠️ CRITICAL DEVIATION DETECTED,2026-07-31 02:38:44.676701
2026-07-31 05:02:16.238981,VIN-728467,2452,86,P0420,⚠️ CRITICAL DEVIATION DETECTED,2026-07-31 02:38:44.680326
2026-07-31 05:02:17.238981,VIN-573144,2119,102,P0300,⚠️ CRITICAL DEVIATION DETECTED,2026-07-31 02:38:44.683609
2026-07-31 05:02:21.238981,VIN-440529,3379,93,P0420,⚠️ CRITICAL DEVIATION DETECTED,2026-07-31 02:38:44.687144
2026-07-31 05:02:22.238981,VIN-749271,1653,105,P0300,⚠️ CRITICAL DEVIATION DETECTED,2026-07-31 02:38:44.690968
2026-07-31 05:02:28.238981,VIN-297283,2958,94,P0171,⚠️ CRITICAL DEVIATION DETECTED,2026-07-31 02:38:44.694290
2026-07-31 05:02:34.238981,VIN-675594,1650,105,P0171,⚠️ CRITICAL DEVIATION DETECTED,2026-07-31 02:38:44.697921
2026-07-31 05:02:38.238981,VIN-683943,2566,85,P0420,⚠️ CRITICAL DEVIATION DETECTED,2026-07-31 02:38:44.703626
2026-07-31 05:02:39.238981,VIN-013882,2593,85,P0300,⚠️ CRITICAL DEVIATION DETECTED,2026-07-31 02:38:44.716159
2026-07-31 05:02:40.238981,VIN-083966,1975,93,P0171,⚠️ CRITICAL DEVIATION DETECTED,2026-07-31 02:38:44.722043
2026-07-31 05:02:41.238981,VIN-494741,3279,85,P0420,⚠️ CRITICAL DEVIATION DETECTED,2026-07-31 02:38:44.727379
2026-07-31 05:02:43.238981,VIN-588695,2086,92,P0420,⚠️ CRITICAL DEVIATION DETECTED,2026-07-31 02:38:44.734591
2026-07-31 05:02:46.238981,VIN-957309,2168,105,P0300,⚠️ CRITICAL DEVIATION DETECTED,2026-07-31 02:38:44.741180
2026-07-31 05:02:47.238981,VIN-524108,2881,94,P0420,⚠️ CRITICAL DEVIATION DETECTED,2026-07-31 02:38:44.744988
2026-07-31 05:02:51.238981,VIN-959885,2759,104,P0171,⚠️ CRITICAL DEVIATION DETECTED,2026-07-31 02:38:44.748034
2026-07-31 05:02:53.238981,VIN-691233,1785,90,P0300,⚠️ CRITICAL DEVIATION DETECTED,2026-07-31 02:38:44.751397
2026-07-31 05:02:54.238981,VIN-177198,2902,103,P0171,⚠️ CRITICAL DEVIATION DETECTED,2026-07-31 02:38:44.754306
2026-07-31 05:02:56.238981,VIN-543561,0,99,P0420,⚠️ CRITICAL DEVIATION DETECTED,2026-07-31 02:38:44.757373
2026-07-31 05:02:58.238981,VIN-498226,1920,88,P0420,⚠️ CRITICAL DEVIATION DETECTED,2026-07-31 02:38:44.761460
2026-07-31 05:03:03.238981,VIN-472152,1844,101,P0171,⚠️ CRITICAL DEVIATION DETECTED,2026-07-31 02:38:44.766774
2026-07-31 05:03:05.238981,VIN-729447,2143,104,P0171,⚠️ CRITICAL DEVIATION DETECTED,2026-07-31 02:38:44.771506
2026-07-31 05:03:22.238981,VIN-997885,2377,89,P0420,⚠️ CRITICAL DEVIATION DETECTED,2026-07-31 02:38:44.775362
2026-07-31 05:03:26.238981,VIN-723929,3260,98,P0420,⚠️ CRITICAL DEVIATION DETECTED,2026-07-31 02:38:44.779632
2026-07-31 05:03:27.238981,VIN-940399,2567,100,P0171,⚠️ CRITICAL DEVIATION DETECTED,2026-07-31 02:38:44.782651
2026-07-31 05:03:28.238981,VIN-384209,3022,94,P0300,⚠️ CRITICAL DEVIATION DETECTED,2026-07-31 02:38:44.785584
2026-07-31 05:03:33.238981,VIN-874375,2457,87,P0300,⚠️ CRITICAL DEVIATION DETECTED,2026-07-31 02:38:44.788947
2026-07-31 05:03:34.238981,VIN-962689,2300,102,P0420,⚠️ CRITICAL DEVIATION DETECTED,2026-07-31 02:38:44.792013
2026-07-31 05:03:44.238981,VIN-154111,2399,86,P0420,⚠️ CRITICAL DEVIATION DETECTED,2026-07-31 02:38:44.794822
2026-07-31 05:03:46.238981,VIN-564532,1776,86,P0171,⚠️ CRITICAL DEVIATION DETECTED,2026-07-31 02:38:44.799097
2026-07-31 05:03:47.238981,VIN-664192,2965,86,P0420,⚠️ CRITICAL DEVIATION DETECTED,2026-07-31 02:38:44.803606
2026-07-31 05:03:49.238981,VIN-064863,2988,90,P0300,⚠️ CRITICAL DEVIATION DETECTED,2026-07-31 02:38:44.807105
2026-07-31 05:03:50.238981,VIN-582345,1526,96,P0420,⚠️ CRITICAL DEVIATION DETECTED,2026-07-31 02:38:44.811688
2026-07-31 05:03:52.238981,VIN-234106,2904,94,P0420,⚠️ CRITICAL DEVIATION DETECTED,2026-07-31 02:38:44.815213
2026-07-31 05:03:57.238981,VIN-339296,2419,92,P0300,⚠️ CRITICAL DEVIATION DETECTED,2026-07-31 02:38:44.818771
2026-07-31 05:03:58.238981,VIN-215181,3326,87,P0171,⚠️ CRITICAL DEVIATION DETECTED,2026-07-31 02:38:44.822076
2026-07-31 05:03:59.238981,VIN-921925,0,91,P0300,⚠️ CRITICAL DEVIATION DETECTED,2026-07-31 02:38:44.826481
2026-07-31 05:04:00.238981,VIN-896647,2470,101,P0420,⚠️ CRITICAL DEVIATION DETECTED,2026-07-31 02:38:44.829909
2026-07-31 05:04:01.238981,VIN-961508,1571,92,P0420,⚠️ CRITICAL DEVIATION DETECTED,2026-07-31 02:38:44.834070
2026-07-31 05:04:02.238981,VIN-708515,3261,88,P0300,⚠️ CRITICAL DEVIATION DETECTED,2026-07-31 02:38:44.837448
2026-07-31 05:04:07.238981,VIN-226971,3489,89,P0420,⚠️ CRITICAL DEVIATION DETECTED,2026-07-31 02:38:44.841376
2026-07-31 05:04:11.238981,VIN-982684,1512,97,P0171,⚠️ CRITICAL DEVIATION DETECTED,2026-07-31 02:38:44.846005
2026-07-31 05:04:13.238981,VIN-996602,2700,90,P0171,⚠️ CRITICAL DEVIATION DETECTED,2026-07-31 02:38:44.849951
2026-07-31 05:04:15.238981,VIN-741865,1522,92,P0300,⚠️ CRITICAL DEVIATION DETECTED,2026-07-31 02:38:44.853046
2026-07-31 05:04:17.238981,VIN-299324,3489,105,P0420,⚠️ CRITICAL DEVIATION DETECTED,2026-07-31 02:38:44.857279
2026-07-31 05:04:18.238981,VIN-966299,3413,93,P0171,⚠️ CRITICAL DEVIATION DETECTED,2026-07-31 02:38:44.860662
2026-07-31 05:04:22.238981,VIN-842420,1901,98,P0171,⚠️ CRITICAL DEVIATION DETECTED,2026-07-31 02:38:44.863745
2026-07-31 05:04:25.238981,VIN-224827,1818,102,P0420,⚠️ CRITICAL DEVIATION DETECTED,2026-07-31 02:38:44.868666
2026-07-31 05:04:29.238981,VIN-110398,2186,86,P0300,⚠️ CRITICAL DEVIATION DETECTED,2026-07-31 02:38:44.873941
2026-07-31 05:04:30.238981,VIN-429625,2194,100,P0171,⚠️ CRITICAL DEVIATION DETECTED,2026-07-31 02:38:44.877650
2026-07-31 05:04:31.238981,VIN-838132,2831,95,P0300,⚠️ CRITICAL DEVIATION DETECTED,2026-07-31 02:38:44.880793
2026-07-31 05:04:32.238981,VIN-024381,1762,95,P0420,⚠️ CRITICAL DEVIATION DETECTED,2026-07-31 02:38:44.888236
2026-07-31 05:04:33.238981,VIN-522979,3150,92,P0171,⚠️ CRITICAL DEVIATION DETECTED,2026-07-31 02:38:44.891933
2026-07-31 05:04:36.238981,VIN-328279,1501,97,P0420,⚠️ CRITICAL DEVIATION DETECTED,2026-07-31 02:38:44.896159
2026-07-31 05:04:37.238981,VIN-370185,3422,85,P0300,⚠️ CRITICAL DEVIATION DETECTED,2026-07-31 02:38:44.901182
2026-07-31 05:04:39.238981,VIN-610385,2449,85,P0300,⚠️ CRITICAL DEVIATION DETECTED,2026-07-31 02:38:44.905931
2026-07-31 05:04:45.238981,VIN-386859,2048,99,P0300,⚠️ CRITICAL DEVIATION DETECTED,2026-07-31 02:38:44.911961
2026-07-31 05:04:48.238981,VIN-139972,2417,88,P0300,⚠️ CRITICAL DEVIATION DETECTED,2026-07-31 02:38:44.916995
2026-07-31 05:04:52.238981,VIN-551807,1651,95,P0171,⚠️ CRITICAL DEVIATION DETECTED,2026-07-31 02:38:44.920062
2026-07-31 05:04:53.238981,VIN-459883,2758,91,P0300,⚠️ CRITICAL DEVIATION DETECTED,2026-07-31 02:38:44.923857
2026-07-31 05:04:54.238981,VIN-308606,3311,94,P0300,⚠️ CRITICAL DEVIATION DETECTED,2026-07-31 02:38:44.927228
2026-07-31 05:04:56.238981,VIN-555352,2077,104,P0420,⚠️ CRITICAL DEVIATION DETECTED,2026-07-31 02:38:44.931445
2026-07-31 05:05:00.238981,VIN-782072,2594,99,P0300,⚠️ CRITICAL DEVIATION DETECTED,2026-07-31 02:38:44.936120
2026-07-31 05:05:01.238981,VIN-862212,3200,92,P0171,⚠️ CRITICAL DEVIATION DETECTED,2026-07-31 02:38:44.942775
2026-07-31 05:05:02.238981,VIN-275035,2103,97,P0420,⚠️ CRITICAL DEVIATION DETECTED,2026-07-31 02:38:44.952399
2026-07-31 05:05:04.238981,VIN-754246,2742,104,P0300,⚠️ CRITICAL DEVIATION DETECTED,2026-07-31 02:38:44.960938
2026-07-31 05:05:07.238981,VIN-045621,2277,88,P0300,⚠️ CRITICAL DEVIATION DETECTED,2026-07-31 02:38:44.967364
2026-07-31 05:05:09.238981,VIN-182144,2817,91,P0300,⚠️ CRITICAL DEVIATION DETECTED,2026-07-31 02:38:44.972595
2026-07-31 05:05:10.238981,VIN-003551,2958,93,P0420,⚠️ CRITICAL DEVIATION DETECTED,2026-07-31 02:38:44.977973
2026-07-31 05:05:12.238981,VIN-675228,3471,91,P0171,⚠️ CRITICAL DEVIATION DETECTED,2026-07-31 02:38:44.981180
2026-07-31 05:05:15.238981,VIN-032492,2818,97,P0171,⚠️ CRITICAL DEVIATION DETECTED,2026-07-31 02:38:44.984059
2026-07-31 05:05:20.238981,VIN-793709,2006,103,P0420,⚠️ CRITICAL DEVIATION DETECTED,2026-07-31 02:38:44.986940
2026-07-31 05:05:23.238981,VIN-436410,2972,94,P0300,⚠️ CRITICAL DEVIATION DETECTED,2026-07-31 02:38:44.991398
2026-07-31 05:05:24.238981,VIN-036027,1530,95,P0300,⚠️ CRITICAL DEVIATION DETECTED,2026-07-31 02:38:44.996888
2026-07-31 05:05:25.238981,VIN-172433,2350,97,P0300,⚠️ CRITICAL DEVIATION DETECTED,2026-07-31 02:38:45.000751
2026-07-31 05:05:26.238981,VIN-389728,3344,90,P0171,⚠️ CRITICAL DEVIATION DETECTED,2026-07-31 02:38:45.009984
2026-07-31 05:05:27.238981,VIN-531644,3216,86,P0171,⚠️ CRITICAL DEVIATION DETECTED,2026-07-31 02:38:45.013321
2026-07-31 05:05:28.238981,VIN-829224,1958,85,P0171,⚠️ CRITICAL DEVIATION DETECTED,2026-07-31 02:38:45.016849
2026-07-31 05:05:34.238981,VIN-384435,1577,85,P0300,⚠️ CRITICAL DEVIATION DETECTED,2026-07-31 02:38:45.019669
2026-07-31 05:05:40.238981,VIN-391744,2615,103,P0300,⚠️ CRITICAL DEVIATION DETECTED,2026-07-31 02:38:45.022681
2026-07-31 05:05:42.238981,VIN-185596,2326,95,P0420,⚠️ CRITICAL DEVIATION DETECTED,2026-07-31 02:38:45.026522
2026-07-31 05:05:43.238981,VIN-152751,2762,92,P0420,⚠️ CRITICAL DEVIATION DETECTED,2026-07-31 02:38:45.029827
2026-07-31 05:05:46.238981,VIN-936603,2305,92,P0300,⚠️ CRITICAL DEVIATION DETECTED,2026-07-31 02:38:45.032972
2026-07-31 05:05:51.238981,VIN-887487,2871,92,P0300,⚠️ CRITICAL DEVIATION DETECTED,2026-07-31 02:38:45.037969
2026-07-31 05:05:56.238981,VIN-105542,1879,100,P0300,⚠️ CRITICAL DEVIATION DETECTED,2026-07-31 02:38:45.045058
2026-07-31 05:05:57.238981,VIN-856721,2918,91,P0300,⚠️ CRITICAL DEVIATION DETECTED,2026-07-31 02:38:45.048650
2026-07-31 05:05:59.238981,VIN-558778,3419,91,P0171,⚠️ CRITICAL DEVIATION DETECTED,2026-07-31 02:38:45.051381
2026-07-31 05:06:03.238981,VIN-834339,0,105,P0171,⚠️ CRITICAL DEVIATION DETECTED,2026-07-31 02:38:45.053738
2026-07-31 05:06:04.238981,VIN-626786,0,100,P0171,⚠️ CRITICAL DEVIATION DETECTED,2026-07-31 02:38:45.056241
2026-07-31 05:06:06.238981,VIN-746273,2527,89,P0171,⚠️ CRITICAL DEVIATION DETECTED,2026-07-31 02:38:45.058788
2026-07-31 05:06:07.238981,VIN-740241,1573,95,P0171,⚠️ CRITICAL DEVIATION DETECTED,2026-07-31 02:38:45.062260
2026-07-31 05:06:09.238981,VIN-897561,3370,103,P0300,⚠️ CRITICAL DEVIATION DETECTED,2026-07-31 02:38:45.065018
2026-07-31 05:06:10.238981,VIN-033703,2425,102,P0420,⚠️ CRITICAL DEVIATION DETECTED,2026-07-31 02:38:45.068930
2026-07-31 05:06:11.238981,VIN-076894,2428,95,P0171,⚠️ CRITICAL DEVIATION DETECTED,2026-07-31 02:38:45.071706
2026-07-31 05:06:13.238981,VIN-581659,2380,85,P0171,⚠️ CRITICAL DEVIATION DETECTED,2026-07-31 02:38:45.075757
2026-07-31 05:06:14.238981,VIN-806273,2406,105,P0171,⚠️ CRITICAL DEVIATION DETECTED,2026-07-31 02:38:45.079884
2026-07-31 05:06:15.238981,VIN-115855,0,90,P0171,⚠️ CRITICAL DEVIATION DETECTED,2026-07-31 02:38:45.082336
2026-07-31 05:06:18.238981,VIN-028258,2666,99,P0171,⚠️ CRITICAL DEVIATION DETECTED,2026-07-31 02:38:45.085112
2026-07-31 05:06:22.238981,VIN-107311,3041,86,P0171,⚠️ CRITICAL DEVIATION DETECTED,2026-07-31 02:38:45.088020
2026-07-31 05:06:23.238981,VIN-136382,3497,102,P0171,⚠️ CRITICAL DEVIATION DETECTED,2026-07-31 02:38:45.092141
2026-07-31 05:06:27.238981,VIN-650699,2392,101,P0300,⚠️ CRITICAL DEVIATION DETECTED,2026-07-31 02:38:45.095283
2026-07-31 05:06:28.238981,VIN-090238,2525,95,P0300,⚠️ CRITICAL DEVIATION DETECTED,2026-07-31 02:38:45.098856
2026-07-31 05:06:30.238981,VIN-830270,3060,99,P0300,⚠️ CRITICAL DEVIATION DETECTED,2026-07-31 02:38:45.103752
2026-07-31 05:06:31.238981,VIN-989390,2284,96,P0420,⚠️ CRITICAL DEVIATION DETECTED,2026-07-31 02:38:45.108142
2026-07-31 05:06:38.238981,VIN-389090,2879,103,P0420,⚠️ CRITICAL DEVIATION DETECTED,2026-07-31 02:38:45.112152
2026-07-31 05:06:39.238981,VIN-182354,2085,98,P0171,⚠️ CRITICAL DEVIATION DETECTED,2026-07-31 02:38:45.126023
2026-07-31 05:06:43.238981,VIN-795154,1754,105,P0300,⚠️ CRITICAL DEVIATION DETECTED,2026-07-31 02:38:45.132773
2026-07-31 05:06:44.238981,VIN-831380,2346,86,P0171,⚠️ CRITICAL DEVIATION DETECTED,2026-07-31 02:38:45.148362
2026-07-31 05:06:45.238981,VIN-225787,2290,91,P0420,⚠️ CRITICAL DEVIATION DETECTED,2026-07-31 02:38:45.151895
2026-07-31 05:06:46.238981,VIN-366068,2626,105,P0171,⚠️ CRITICAL DEVIATION DETECTED,2026-07-31 02:38:45.154969
2026-07-31 05:06:47.238981,VIN-200074,1551,96,P0420,⚠️ CRITICAL DEVIATION DETECTED,2026-07-31 02:38:45.157957
2026-07-31 05:06:48.238981,VIN-108673,2966,90,P0300,⚠️ CRITICAL DEVIATION DETECTED,2026-07-31 02:38:45.160694
2026-07-31 05:06:49.238981,VIN-689172,2212,105,P0171,⚠️ CRITICAL DEVIATION DETECTED,2026-07-31 02:38:45.164116
2026-07-31 05:06:52.238981,VIN-446830,1591,90,P0300,⚠️ CRITICAL DEVIATION DETECTED,2026-07-31 02:38:45.174542
2026-07-31 05:06:53.238981,VIN-868640,2417,92,P0300,⚠️ CRITICAL DEVIATION DETECTED,2026-07-31 02:38:45.181791
2026-07-31 05:06:55.238981,VIN-985444,3239,93,P0300,⚠️ CRITICAL DEVIATION DETECTED,2026-07-31 02:38:45.186106
2026-07-31 05:06:56.238981,VIN-268253,3106,96,P0300,⚠️ CRITICAL DEVIATION DETECTED,2026-07-31 02:38:45.190527
2026-07-31 05:06:57.238981,VIN-485232,1634,90,P0300,⚠️ CRITICAL DEVIATION DETECTED,2026-07-31 02:38:45.194209
2026-07-31 05:06:59.238981,VIN-081864,2955,87,P0420,⚠️ CRITICAL DEVIATION DETECTED,2026-07-31 02:38:45.199288
2026-07-31 05:07:00.238981,VIN-861080,3103,88,P0171,⚠️ CRITICAL DEVIATION DETECTED,2026-07-31 02:38:45.207412
2026-07-31 05:07:02.238981,VIN-136404,3229,102,P0420,⚠️ CRITICAL DEVIATION DETECTED,2026-07-31 02:38:45.211457
2026-07-31 05:07:03.238981,VIN-629458,0,94,P0420,⚠️ CRITICAL DEVIATION DETECTED,2026-07-31 02:38:45.216115
2026-07-31 05:07:04.238981,VIN-603392,2533,93,P0300,⚠️ CRITICAL DEVIATION DETECTED,2026-07-31 02:38:45.219429
2026-07-31 05:07:06.238981,VIN-330728,2703,87,P0420,⚠️ CRITICAL DEVIATION DETECTED,2026-07-31 02:38:45.223043
2026-07-31 05:07:11.238981,VIN-590104,3407,104,P0420,⚠️ CRITICAL DEVIATION DETECTED,2026-07-31 02:38:45.225873
2026-07-31 05:07:12.238981,VIN-648186,3241,90,P0420,⚠️ CRITICAL DEVIATION DETECTED,2026-07-31 02:38:45.228858
2026-07-31 05:07:17.238981,VIN-436138,1670,86,P0300,⚠️ CRITICAL DEVIATION DETECTED,2026-07-31 02:38:45.231962
2026-07-31 05:07:18.238981,VIN-287562,2644,96,P0300,⚠️ CRITICAL DEVIATION DETECTED,2026-07-31 02:38:45.235246
2026-07-31 05:07:21.238981,VIN-386487,1891,104,P0420,⚠️ CRITICAL DEVIATION DETECTED,2026-07-31 02:38:45.238420
2026-07-31 05:07:22.238981,VIN-661867,1526,89,P0171,⚠️ CRITICAL DEVIATION DETECTED,2026-07-31 02:38:45.242755
2026-07-31 05:07:23.238981,VIN-901930,1630,87,P0420,⚠️ CRITICAL DEVIATION DETECTED,2026-07-31 02:38:45.245910
2026-07-31 05:07:25.238981,VIN-214156,1986,90,P0420,⚠️ CRITICAL DEVIATION DETECTED,2026-07-31 02:38:45.249339
2026-07-31 05:07:26.238981,VIN-375619,2737,102,P0171,⚠️ CRITICAL DEVIATION DETECTED,2026-07-31 02:38:45.252346
2026-07-31 05:07:28.238981,VIN-438257,3465,90,P0420,⚠️ CRITICAL DEVIATION DETECTED,2026-07-31 02:38:45.255391
2026-07-31 05:07:29.238981,VIN-861310,1818,99,P0171,⚠️ CRITICAL DEVIATION DETECTED,2026-07-31 02:38:45.258356
2026-07-31 05:07:30.238981,VIN-721359,2183,101,P0171,⚠️ CRITICAL DEVIATION DETECTED,2026-07-31 02:38:45.261438
2026-07-31 05:07:31.238981,VIN-644818,1503,104,P0420,⚠️ CRITICAL DEVIATION DETECTED,2026-07-31 02:38:45.264870
2026-07-31 05:07:36.238981,VIN-117253,2848,97,P0420,⚠️ CRITICAL DEVIATION DETECTED,2026-07-31 02:38:45.269910
2026-07-31 05:07:38.238981,VIN-792047,2663,86,P0420,⚠️ CRITICAL DEVIATION DETECTED,2026-07-31 02:38:45.272900
2026-07-31 05:07:40.238981,VIN-837373,2687,93,P0420,⚠️ CRITICAL DEVIATION DETECTED,2026-07-31 02:38:45.276383
2026-07-31 05:07:41.238981,VIN-928782,2433,95,P0420,⚠️ CRITICAL DEVIATION DETECTED,2026-07-31 02:38:45.279772
2026-07-31 05:07:44.238981,VIN-575023,1799,99,P0171,⚠️ CRITICAL DEVIATION DETECTED,2026-07-31 02:38:45.283353
2026-07-31 05:07:45.238981,VIN-192798,1788,99,P0420,⚠️ CRITICAL DEVIATION DETECTED,2026-07-31 02:38:45.285952
2026-07-31 05:07:46.238981,VIN-224569,2824,102,P0171,⚠️ CRITICAL DEVIATION DETECTED,2026-07-31 02:38:45.289012
2026-07-31 05:07:48.238981,VIN-656310,2084,105,P0171,⚠️ CRITICAL DEVIATION DETECTED,2026-07-31 02:38:45.291894
2026-07-31 05:07:50.238981,VIN-996959,3112,104,P0420,⚠️ CRITICAL DEVIATION DETECTED,2026-07-31 02:38:45.294561
2026-07-31 05:07:51.238981,VIN-843791,1764,95,P0171,⚠️ CRITICAL DEVIATION DETECTED,2026-07-31 02:38:45.297400
2026-07-31 05:07:55.238981,VIN-267084,0,99,P0300,⚠️ CRITICAL DEVIATION DETECTED,2026-07-31 02:38:45.301485
2026-07-31 05:08:01.238981,VIN-935674,2351,97,P0420,⚠️ CRITICAL DEVIATION DETECTED,2026-07-31 02:38:45.307917
2026-07-31 05:08:05.238981,VIN-106045,2489,101,P0420,⚠️ CRITICAL DEVIATION DETECTED,2026-07-31 02:38:45.311198
2026-07-31 05:08:07.238981,VIN-826379,3462,89,P0171,⚠️ CRITICAL DEVIATION DETECTED,2026-07-31 02:38:45.315380
2026-07-31 05:08:11.238981,VIN-334059,3267,90,P0171,⚠️ CRITICAL DEVIATION DETECTED,2026-07-31 02:38:45.317892
2026-07-31 05:08:12.238981,VIN-614023,2323,91,P0171,⚠️ CRITICAL DEVIATION DETECTED,2026-07-31 02:38:45.320827
2026-07-31 05:08:13.238981,VIN-703070,0,89,P0171,⚠️ CRITICAL DEVIATION DETECTED,2026-07-31 02:38:45.323485
2026-07-31 05:08:16.238981,VIN-109243,2939,93,P0171,⚠️ CRITICAL DEVIATION DETECTED,2026-07-31 02:38:45.326998
2026-07-31 05:08:19.238981,VIN-852696,2085,101,P0171,⚠️ CRITICAL DEVIATION DETECTED,2026-07-31 02:38:45.330426
2026-07-31 05:08:27.238981,VIN-299721,2890,97,P0300,⚠️ CRITICAL DEVIATION DETECTED,2026-07-31 02:38:45.334110
2026-07-31 05:08:29.238981,VIN-407962,1553,89,P0171,⚠️ CRITICAL DEVIATION DETECTED,2026-07-31 02:38:45.337920
2026-07-31 05:08:30.238981,VIN-206564,3443,86,P0300,⚠️ CRITICAL DEVIATION DETECTED,2026-07-31 02:38:45.342461
2026-07-31 05:08:33.238981,VIN-575124,2848,89,P0171,⚠️ CRITICAL DEVIATION DETECTED,2026-07-31 02:38:45.345963
2026-07-31 05:08:34.238981,VIN-864755,2096,101,P0300,⚠️ CRITICAL DEVIATION DETECTED,2026-07-31 02:38:45.349838
2026-07-31 05:08:36.238981,VIN-756345,2170,85,P0171,⚠️ CRITICAL DEVIATION DETECTED,2026-07-31 02:38:45.354012
2026-07-31 05:08:37.238981,VIN-493805,3415,99,P0300,⚠️ CRITICAL DEVIATION DETECTED,2026-07-31 02:38:45.356972
2026-07-31 05:08:39.238981,VIN-955591,1695,95,P0171,⚠️ CRITICAL DEVIATION DETECTED,2026-07-31 02:38:45.360751
2026-07-31 05:08:40.238981,VIN-686692,2219,88,P0171,⚠️ CRITICAL DEVIATION DETECTED,2026-07-31 02:38:45.364211
2026-07-31 05:08:41.238981,VIN-798001,1695,103,P0420,⚠️ CRITICAL DEVIATION DETECTED,2026-07-31 02:38:45.369430
2026-07-31 05:08:42.238981,VIN-724781,2265,88,P0300,⚠️ CRITICAL DEVIATION DETECTED,2026-07-31 02:38:45.374288
2026-07-31 05:08:46.238981,VIN-316233,2654,90,P0420,⚠️ CRITICAL DEVIATION DETECTED,2026-07-31 02:38:45.379823
2026-07-31 05:08:47.238981,VIN-638379,2788,98,P0420,⚠️ CRITICAL DEVIATION DETECTED,2026-07-31 02:38:45.385030
2026-07-31 05:08:50.238981,VIN-427515,2569,100,P0300,⚠️ CRITICAL DEVIATION DETECTED,2026-07-31 02:38:45.389054
2026-07-31 05:08:51.238981,VIN-112619,2057,97,P0300,⚠️ CRITICAL DEVIATION DETECTED,2026-07-31 02:38:45.393063
2026-07-31 05:08:52.238981,VIN-215617,2507,105,P0300,⚠️ CRITICAL DEVIATION DETECTED,2026-07-31 02:38:45.396874
2026-07-31 05:08:54.238981,VIN-543819,2632,94,P0420,⚠️ CRITICAL DEVIATION DETECTED,2026-07-31 02:38:45.402475
2026-07-31 05:08:55.238981,VIN-412760,3063,87,P0300,⚠️ CRITICAL DEVIATION DETECTED,2026-07-31 02:38:45.421314
2026-07-31 05:08:56.238981,VIN-391630,2823,99,P0300,⚠️ CRITICAL DEVIATION DETECTED,2026-07-31 02:38:45.426585
2026-07-31 05:08:57.238981,VIN-837397,3440,89,P0420,⚠️ CRITICAL DEVIATION DETECTED,2026-07-31 02:38:45.430647
2026-07-31 05:08:59.238981,VIN-627929,3336,95,P0300,⚠️ CRITICAL DEVIATION DETECTED,2026-07-31 02:38:45.436004
2026-07-31 05:09:00.238981,VIN-548904,2034,96,P0300,⚠️ CRITICAL DEVIATION DETECTED,2026-07-31 02:38:45.450874
2026-07-31 05:09:05.238981,VIN-925012,3483,86,P0420,⚠️ CRITICAL DEVIATION DETECTED,2026-07-31 02:38:45.455086
2026-07-31 05:09:07.238981,VIN-387897,1715,101,P0300,⚠️ CRITICAL DEVIATION DETECTED,2026-07-31 02:38:45.458921
2026-07-31 05:09:09.238981,VIN-325090,3350,101,P0420,⚠️ CRITICAL DEVIATION DETECTED,2026-07-31 02:38:45.462205
2026-07-31 05:09:11.238981,VIN-381390,3260,100,P0171,⚠️ CRITICAL DEVIATION DETECTED,2026-07-31 02:38:45.466363
2026-07-31 05:09:12.238981,VIN-611101,2293,104,P0171,⚠️ CRITICAL DEVIATION DETECTED,2026-07-31 02:38:45.471939
2026-07-31 05:09:13.238981,VIN-741585,0,97,P0420,⚠️ CRITICAL DEVIATION DETECTED,2026-07-31 02:38:45.477661
2026-07-31 05:09:14.238981,VIN-636504,2362,87,P0420,⚠️ CRITICAL DEVIATION DETECTED,2026-07-31 02:38:45.481378
2026-07-31 05:09:16.238981,VIN-069444,2779,95,P0420,⚠️ CRITICAL DEVIATION DETECTED,2026-07-31 02:38:45.484819
2026-07-31 05:09:20.238981,VIN-392334,2733,87,P0171,⚠️ CRITICAL DEVIATION DETECTED,2026-07-31 02:38:45.487997
2026-07-31 05:09:23.238981,VIN-618624,2203,86,P0300,⚠️ CRITICAL DEVIATION DETECTED,2026-07-31 02:38:45.490687
2026-07-31 05:09:25.238981,VIN-653006,3280,101,P0300,⚠️ CRITICAL DEVIATION DETECTED,2026-07-31 02:38:45.493208
2026-07-31 05:09:26.238981,VIN-849361,1963,100,P0300,⚠️ CRITICAL DEVIATION DETECTED,2026-07-31 02:38:45.495992
2026-07-31 05:09:29.238981,VIN-806133,2063,104,P0171,⚠️ CRITICAL DEVIATION DETECTED,2026-07-31 02:38:45.499222
2026-07-31 05:09:33.238981,VIN-786341,2147,103,P0300,⚠️ CRITICAL DEVIATION DETECTED,2026-07-31 02:38:45.502208
2026-07-31 05:09:35.238981,VIN-572732,2358,92,P0171,⚠️ CRITICAL DEVIATION DETECTED,2026-07-31 02:38:45.506405
2026-07-31 05:09:41.238981,VIN-564907,2955,101,P0420,⚠️ CRITICAL DEVIATION DETECTED,2026-07-31 02:38:45.509402
2026-07-31 05:09:42.238981,VIN-994085,3067,99,P0420,⚠️ CRITICAL DEVIATION DETECTED,2026-07-31 02:38:45.511755
2026-07-31 05:09:43.238981,VIN-877298,2652,93,P0171,⚠️ CRITICAL DEVIATION DETECTED,2026-07-31 02:38:45.514955
2026-07-31 05:09:44.238981,VIN-584291,2190,101,P0171,⚠️ CRITICAL DEVIATION DETECTED,2026-07-31 02:38:45.518485
2026-07-31 05:09:46.238981,VIN-333802,2016,97,P0420,⚠️ CRITICAL DEVIATION DETECTED,2026-07-31 02:38:45.522323
2026-07-31 05:09:50.238981,VIN-101791,3091,97,P0300,⚠️ CRITICAL DEVIATION DETECTED,2026-07-31 02:38:45.525384
2026-07-31 05:09:51.238981,VIN-031562,3421,98,P0420,⚠️ CRITICAL DEVIATION DETECTED,2026-07-31 02:38:45.528590
2026-07-31 05:09:52.238981,VIN-876705,0,85,P0300,⚠️ CRITICAL DEVIATION DETECTED,2026-07-31 02:38:45.537274
2026-07-31 05:09:53.238981,VIN-470514,1997,93,P0171,⚠️ CRITICAL DEVIATION DETECTED,2026-07-31 02:38:45.541590
2026-07-31 05:09:54.238981,VIN-595306,1769,86,P0300,⚠️ CRITICAL DEVIATION DETECTED,2026-07-31 02:38:45.545422
2026-07-31 05:09:56.238981,VIN-854083,2843,93,P0171,⚠️ CRITICAL DEVIATION DETECTED,2026-07-31 02:38:45.549643
2026-07-31 05:10:02.238981,VIN-426843,1605,92,P0420,⚠️ CRITICAL DEVIATION DETECTED,2026-07-31 02:38:45.552641
2026-07-31 05:10:03.238981,VIN-787287,3241,97,P0420,⚠️ CRITICAL DEVIATION DETECTED,2026-07-31 02:38:45.555675
2026-07-31 05:10:05.238981,VIN-268615,3082,88,P0300,⚠️ CRITICAL DEVIATION DETECTED,2026-07-31 02:38:45.558479
2026-07-31 05:10:06.238981,VIN-276742,2452,92,P0420,⚠️ CRITICAL DEVIATION DETECTED,2026-07-31 02:38:45.560870
2026-07-31 05:10:07.238981,VIN-207717,2472,87,P0171,⚠️ CRITICAL DEVIATION DETECTED,2026-07-31 02:38:45.563361
2026-07-31 05:10:08.238981,VIN-977949,1644,98,P0420,⚠️ CRITICAL DEVIATION DETECTED,2026-07-31 02:38:45.566294
2026-07-31 05:10:11.238981,VIN-799890,3117,99,P0171,⚠️ CRITICAL DEVIATION DETECTED,2026-07-31 02:38:45.571158
2026-07-31 05:10:12.238981,VIN-138466,2870,92,P0300,⚠️ CRITICAL DEVIATION DETECTED,2026-07-31 02:38:45.576128
2026-07-31 05:10:17.238981,VIN-100538,3346,101,P0300,⚠️ CRITICAL DEVIATION DETECTED,2026-07-31 02:38:45.579020
2026-07-31 05:10:24.238981,VIN-327730,3013,100,P0171,⚠️ CRITICAL DEVIATION DETECTED,2026-07-31 02:38:45.581311
2026-07-31 05:10:26.238981,VIN-308580,2106,103,P0300,⚠️ CRITICAL DEVIATION DETECTED,2026-07-31 02:38:45.583826
2026-07-31 05:10:29.238981,VIN-487654,3019,97,P0300,⚠️ CRITICAL DEVIATION DETECTED,2026-07-31 02:38:45.587061
2026-07-31 05:10:33.238981,VIN-077396,2881,105,P0420,⚠️ CRITICAL DEVIATION DETECTED,2026-07-31 02:38:45.589597
2026-07-31 05:10:34.238981,VIN-141690,2289,89,P0420,⚠️ CRITICAL DEVIATION DETECTED,2026-07-31 02:38:45.593130
2026-07-31 05:10:37.238981,VIN-355240,2716,93,P0420,⚠️ CRITICAL DEVIATION DETECTED,2026-07-31 02:38:45.596390
2026-07-31 05:10:38.238981,VIN-305949,2642,102,P0420,⚠️ CRITICAL DEVIATION DETECTED,2026-07-31 02:38:45.599965
2026-07-31 05:10:39.238981,VIN-566667,3442,96,P0420,⚠️ CRITICAL DEVIATION DETECTED,2026-07-31 02:38:45.604121
2026-07-31 05:10:41.238981,VIN-751661,1938,90,P0171,⚠️ CRITICAL DEVIATION DETECTED,2026-07-31 02:38:45.611916
2026-07-31 05:10:43.238981,VIN-369847,1898,90,P0300,⚠️ CRITICAL DEVIATION DETECTED,2026-07-31 02:38:45.614798
2026-07-31 05:10:44.238981,VIN-265561,3202,97,P0420,⚠️ CRITICAL DEVIATION DETECTED,2026-07-31 02:38:45.618084
2026-07-31 05:10:45.238981,VIN-771148,0,85,P0420,⚠️ CRITICAL DEVIATION DETECTED,2026-07-31 02:38:45.621314
2026-07-31 05:10:46.238981,VIN-692533,2828,100,P0420,⚠️ CRITICAL DEVIATION DETECTED,2026-07-31 02:38:45.625305
2026-07-31 05:10:47.238981,VIN-194348,2364,98,P0171,⚠️ CRITICAL DEVIATION DETECTED,2026-07-31 02:38:45.629316
2026-07-31 05:10:48.238981,VIN-301992,1502,99,P0420,⚠️ CRITICAL DEVIATION DETECTED,2026-07-31 02:38:45.633629
2026-07-31 05:10:50.238981,VIN-446014,1971,90,P0171,⚠️ CRITICAL DEVIATION DETECTED,2026-07-31 02:38:45.637624
2026-07-31 05:10:52.238981,VIN-826789,2362,99,P0300,⚠️ CRITICAL DEVIATION DETECTED,2026-07-31 02:38:45.642159
2026-07-31 05:10:56.238981,VIN-194888,2790,92,P0420,⚠️ CRITICAL DEVIATION DETECTED,2026-07-31 02:38:45.645617
2026-07-31 05:10:59.238981,VIN-479806,2521,104,P0420,⚠️ CRITICAL DEVIATION DETECTED,2026-07-31 02:38:45.648674
2026-07-31 05:11:02.238981,VIN-563323,3335,93,P0171,⚠️ CRITICAL DEVIATION DETECTED,2026-07-31 02:38:45.652256
2026-07-31 05:11:03.238981,VIN-876982,2029,94,P0420,⚠️ CRITICAL DEVIATION DETECTED,2026-07-31 02:38:45.656491
2026-07-31 05:11:04.238981,VIN-562626,3057,101,P0171,⚠️ CRITICAL DEVIATION DETECTED,2026-07-31 02:38:45.665138
2026-07-31 05:11:07.238981,VIN-630944,2099,97,P0171,⚠️ CRITICAL DEVIATION DETECTED,2026-07-31 02:38:45.672850
2026-07-31 05:11:08.238981,VIN-764983,1741,91,P0420,⚠️ CRITICAL DEVIATION DETECTED,2026-07-31 02:38:45.677476
2026-07-31 05:11:09.238981,VIN-487198,2268,92,P0171,⚠️ CRITICAL DEVIATION DETECTED,2026-07-31 02:38:45.681045
2026-07-31 05:11:11.238981,VIN-718754,1721,97,P0420,⚠️ CRITICAL DEVIATION DETECTED,2026-07-31 02:38:45.685472
2026-07-31 05:11:13.238981,VIN-487987,0,103,P0171,⚠️ CRITICAL DEVIATION DETECTED,2026-07-31 02:38:45.688309
2026-07-31 05:11:14.238981,VIN-765673,2871,96,P0300,⚠️ CRITICAL DEVIATION DETECTED,2026-07-31 02:38:45.691406
2026-07-31 05:11:16.238981,VIN-849899,2157,92,P0300,⚠️ CRITICAL DEVIATION DETECTED,2026-07-31 02:38:45.695032
2026-07-31 05:11:17.238981,VIN-366448,3167,97,P0300,⚠️ CRITICAL DEVIATION DETECTED,2026-07-31 02:38:45.698425
2026-07-31 05:11:19.238981,VIN-291578,3151,98,P0300,⚠️ CRITICAL DEVIATION DETECTED,2026-07-31 02:38:45.702936
2026-07-31 05:11:21.238981,VIN-298548,1636,89,P0171,⚠️ CRITICAL DEVIATION DETECTED,2026-07-31 02:38:45.707089
2026-07-31 05:11:23.238981,VIN-367166,2076,92,P0300,⚠️ CRITICAL DEVIATION DETECTED,2026-07-31 02:38:45.711019
2026-07-31 05:11:25.238981,VIN-422867,1713,86,P0420,⚠️ CRITICAL DEVIATION DETECTED,2026-07-31 02:38:45.714058
2026-07-31 05:11:26.238981,VIN-521694,2421,87,P0420,⚠️ CRITICAL DEVIATION DETECTED,2026-07-31 02:38:45.717631
2026-07-31 05:11:30.238981,VIN-863571,2479,88,P0171,⚠️ CRITICAL DEVIATION DETECTED,2026-07-31 02:38:45.720767
2026-07-31 05:11:31.238981,VIN-455150,2034,95,P0171,⚠️ CRITICAL DEVIATION DETECTED,2026-07-31 02:38:45.728501
2026-07-31 05:11:33.238981,VIN-884742,2365,86,P0300,⚠️ CRITICAL DEVIATION DETECTED,2026-07-31 02:38:45.736482
2026-07-31 05:11:34.238981,VIN-045478,2065,95,P0171,⚠️ CRITICAL DEVIATION DETECTED,2026-07-31 02:38:45.741117
2026-07-31 05:11:37.238981,VIN-460076,0,101,P0420,⚠️ CRITICAL DEVIATION DETECTED,2026-07-31 02:38:45.744306
2026-07-31 05:11:38.238981,VIN-428611,3094,105,P0420,⚠️ CRITICAL DEVIATION DETECTED,2026-07-31 02:38:45.747061
2026-07-31 05:11:41.238981,VIN-720246,2581,99,P0171,⚠️ CRITICAL DEVIATION DETECTED,2026-07-31 02:38:45.750114
2026-07-31 05:11:44.238981,VIN-723200,2458,85,P0171,⚠️ CRITICAL DEVIATION DETECTED,2026-07-31 02:38:45.753393
2026-07-31 05:11:45.238981,VIN-604060,1868,101,P0300,⚠️ CRITICAL DEVIATION DETECTED,2026-07-31 02:38:45.756322
2026-07-31 05:11:46.238981,VIN-800494,1890,100,P0300,⚠️ CRITICAL DEVIATION DETECTED,2026-07-31 02:38:45.759145
2026-07-31 05:11:48.238981,VIN-020260,2425,87,P0171,⚠️ CRITICAL DEVIATION DETECTED,2026-07-31 02:38:45.761703
2026-07-31 05:11:51.238981,VIN-018534,2276,96,P0300,⚠️ CRITICAL DEVIATION DETECTED,2026-07-31 02:38:45.765049
2026-07-31 05:11:52.238981,VIN-599031,2771,104,P0420,⚠️ CRITICAL DEVIATION DETECTED,2026-07-31 02:38:45.769848
2026-07-31 05:11:54.238981,VIN-149335,3264,104,P0300,⚠️ CRITICAL DEVIATION DETECTED,2026-07-31 02:38:45.774078
2026-07-31 05:12:02.238981,VIN-664111,3193,104,P0420,⚠️ CRITICAL DEVIATION DETECTED,2026-07-31 02:38:45.777156
2026-07-31 05:12:03.238981,VIN-438233,2076,104,P0171,⚠️ CRITICAL DEVIATION DETECTED,2026-07-31 02:38:45.781007
2026-07-31 05:12:14.238981,VIN-990509,0,99,P0171,⚠️ CRITICAL DEVIATION DETECTED,2026-07-31 02:38:45.784173
2026-07-31 05:12:15.238981,VIN-768453,3131,93,P0300,⚠️ CRITICAL DEVIATION DETECTED,2026-07-31 02:38:45.786982
2026-07-31 05:12:18.238981,VIN-069696,2689,94,P0171,⚠️ CRITICAL DEVIATION DETECTED,2026-07-31 02:38:45.789783
2026-07-31 05:12:21.238981,VIN-259420,2668,98,P0420,⚠️ CRITICAL DEVIATION DETECTED,2026-07-31 02:38:45.792960
2026-07-31 05:12:25.238981,VIN-459876,2131,102,P0300,⚠️ CRITICAL DEVIATION DETECTED,2026-07-31 02:38:45.797544
2026-07-31 05:12:26.238981,VIN-301565,3116,103,P0420,⚠️ CRITICAL DEVIATION DETECTED,2026-07-31 02:38:45.802335
2026-07-31 05:12:31.238981,VIN-801573,1912,85,P0171,⚠️ CRITICAL DEVIATION DETECTED,2026-07-31 02:38:45.806688
2026-07-31 05:12:32.238981,VIN-481896,3358,85,P0171,⚠️ CRITICAL DEVIATION DETECTED,2026-07-31 02:38:45.810143
2026-07-31 05:12:33.238981,VIN-331157,3459,94,P0300,⚠️ CRITICAL DEVIATION DETECTED,2026-07-31 02:38:45.813846
2026-07-31 05:12:35.238981,VIN-479160,2171,90,P0300,⚠️ CRITICAL DEVIATION DETECTED,2026-07-31 02:38:45.816784
2026-07-31 05:12:36.238981,VIN-743750,2176,91,P0420,⚠️ CRITICAL DEVIATION DETECTED,2026-07-31 02:38:45.820715
2026-07-31 05:12:37.238981,VIN-353626,2422,90,P0171,⚠️ CRITICAL DEVIATION DETECTED,2026-07-31 02:38:45.824152
2026-07-31 05:12:38.238981,VIN-791872,3040,102,P0420,⚠️ CRITICAL DEVIATION DETECTED,2026-07-31 02:38:45.827097
2026-07-31 05:12:40.238981,VIN-681785,2739,93,P0300,⚠️ CRITICAL DEVIATION DETECTED,2026-07-31 02:38:45.830679
2026-07-31 05:12:41.238981,VIN-130508,2431,92,P0300,⚠️ CRITICAL DEVIATION DETECTED,2026-07-31 02:38:45.835037
2026-07-31 05:12:42.238981,VIN-540614,1682,89,P0171,⚠️ CRITICAL DEVIATION DETECTED,2026-07-31 02:38:45.839632
2026-07-31 05:12:46.238981,VIN-178592,2348,87,P0300,⚠️ CRITICAL DEVIATION DETECTED,2026-07-31 02:38:45.846928
2026-07-31 05:12:50.238981,VIN-826227,1960,87,P0300,⚠️ CRITICAL DEVIATION DETECTED,2026-07-31 02:38:45.850781
2026-07-31 05:12:52.238981,VIN-856107,2136,103,P0171,⚠️ CRITICAL DEVIATION DETECTED,2026-07-31 02:38:45.853509
2026-07-31 05:12:54.238981,VIN-346112,3092,98,P0171,⚠️ CRITICAL DEVIATION DETECTED,2026-07-31 02:38:45.856069
2026-07-31 05:12:58.238981,VIN-295368,2517,89,P0171,⚠️ CRITICAL DEVIATION DETECTED,2026-07-31 02:38:45.859127
2026-07-31 05:13:02.238981,VIN-158783,3413,102,P0300,⚠️ CRITICAL DEVIATION DETECTED,2026-07-31 02:38:45.862215
2026-07-31 05:13:03.238981,VIN-055523,1922,100,P0300,⚠️ CRITICAL DEVIATION DETECTED,2026-07-31 02:38:45.864976
2026-07-31 05:13:08.238981,VIN-410397,1797,87,P0171,⚠️ CRITICAL DEVIATION DETECTED,2026-07-31 02:38:45.869172
2026-07-31 05:13:12.238981,VIN-205381,0,97,P0300,⚠️ CRITICAL DEVIATION DETECTED,2026-07-31 02:38:45.872834
2026-07-31 05:13:14.238981,VIN-704041,1860,98,P0171,⚠️ CRITICAL DEVIATION DETECTED,2026-07-31 02:38:45.878533
2026-07-31 05:13:23.238981,VIN-558283,2406,87,P0420,⚠️ CRITICAL DEVIATION DETECTED,2026-07-31 02:38:45.881699
2026-07-31 05:13:25.238981,VIN-461794,3399,96,P0171,⚠️ CRITICAL DEVIATION DETECTED,2026-07-31 02:38:45.884882
2026-07-31 05:13:26.238981,VIN-612567,1542,88,P0171,⚠️ CRITICAL DEVIATION DETECTED,2026-07-31 02:38:45.888613
2026-07-31 05:13:28.238981,VIN-280029,2248,102,P0171,⚠️ CRITICAL DEVIATION DETECTED,2026-07-31 02:38:45.891417
2026-07-31 05:13:31.238981,VIN-511064,2340,103,P0171,⚠️ CRITICAL DEVIATION DETECTED,2026-07-31 02:38:45.894835
2026-07-31 05:13:32.238981,VIN-368418,1689,100,P0300,⚠️ CRITICAL DEVIATION DETECTED,2026-07-31 02:38:45.898707
2026-07-31 05:13:37.238981,VIN-485027,3422,96,P0300,⚠️ CRITICAL DEVIATION DETECTED,2026-07-31 02:38:45.903876
2026-07-31 05:13:39.238981,VIN-228127,2739,95,P0420,⚠️ CRITICAL DEVIATION DETECTED,2026-07-31 02:38:45.907424
2026-07-31 05:13:41.238981,VIN-142413,2413,85,P0171,⚠️ CRITICAL DEVIATION DETECTED,2026-07-31 02:38:45.911501
2026-07-31 05:13:43.238981,VIN-736237,2265,100,P0300,⚠️ CRITICAL DEVIATION DETECTED,2026-07-31 02:38:45.915644
2026-07-31 05:13:48.238981,VIN-470177,2303,97,P0171,⚠️ CRITICAL DEVIATION DETECTED,2026-07-31 02:38:45.919445
2026-07-31 05:13:49.238981,VIN-275771,3432,99,P0300,⚠️ CRITICAL DEVIATION DETECTED,2026-07-31 02:38:45.922722
2026-07-31 05:13:50.238981,VIN-864451,2674,91,P0420,⚠️ CRITICAL DEVIATION DETECTED,2026-07-31 02:38:45.925753
2026-07-31 05:13:51.238981,VIN-115950,2540,88,P0300,⚠️ CRITICAL DEVIATION DETECTED,2026-07-31 02:38:45.929567
2026-07-31 05:13:52.238981,VIN-681282,0,101,P0420,⚠️ CRITICAL DEVIATION DETECTED,2026-07-31 02:38:45.933928
2026-07-31 05:13:53.238981,VIN-076109,3441,91,P0171,⚠️ CRITICAL DEVIATION DETECTED,2026-07-31 02:38:45.938789
2026-07-31 05:13:56.238981,VIN-375222,2116,99,P0300,⚠️ CRITICAL DEVIATION DETECTED,2026-07-31 02:38:45.947295
2026-07-31 05:13:58.238981,VIN-481293,2577,104,P0420,⚠️ CRITICAL DEVIATION DETECTED,2026-07-31 02:38:45.951822
2026-07-31 05:14:00.238981,VIN-581882,3422,102,P0300,⚠️ CRITICAL DEVIATION DETECTED,2026-07-31 02:38:45.955050
2026-07-31 05:14:01.238981,VIN-090780,3152,102,P0171,⚠️ CRITICAL DEVIATION DETECTED,2026-07-31 02:38:45.957932
2026-07-31 05:14:08.238981,VIN-829570,3375,101,P0420,⚠️ CRITICAL DEVIATION DETECTED,2026-07-31 02:38:45.961547
2026-07-31 05:14:09.238981,VIN-495254,3196,101,P0300,⚠️ CRITICAL DEVIATION DETECTED,2026-07-31 02:38:45.964464
2026-07-31 05:14:10.238981,VIN-674731,3183,99,P0171,⚠️ CRITICAL DEVIATION DETECTED,2026-07-31 02:38:45.968879
2026-07-31 05:14:12.238981,VIN-582381,1588,101,P0300,⚠️ CRITICAL DEVIATION DETECTED,2026-07-31 02:38:45.973276
2026-07-31 05:14:13.238981,VIN-627028,2080,100,P0300,⚠️ CRITICAL DEVIATION DETECTED,2026-07-31 02:38:45.979399
2026-07-31 05:14:14.238981,VIN-285005,1697,101,P0300,⚠️ CRITICAL DEVIATION DETECTED,2026-07-31 02:38:45.983055
2026-07-31 05:14:16.238981,VIN-847180,3232,91,P0171,⚠️ CRITICAL DEVIATION DETECTED,2026-07-31 02:38:45.986707
2026-07-31 05:14:21.238981,VIN-659268,2493,90,P0300,⚠️ CRITICAL DEVIATION DETECTED,2026-07-31 02:38:45.990247
2026-07-31 05:14:23.238981,VIN-068916,2853,97,P0171,⚠️ CRITICAL DEVIATION DETECTED,2026-07-31 02:38:45.994192
2026-07-31 05:14:27.238981,VIN-355023,0,89,P0300,⚠️ CRITICAL DEVIATION DETECTED,2026-07-31 02:38:45.999348
2026-07-31 05:14:28.238981,VIN-656849,2252,104,P0300,⚠️ CRITICAL DEVIATION DETECTED,2026-07-31 02:38:46.010908
2026-07-31 05:14:31.238981,VIN-857528,3244,89,P0300,⚠️ CRITICAL DEVIATION DETECTED,2026-07-31 02:38:46.024386
2026-07-31 05:14:38.238981,VIN-513209,1721,99,P0420,⚠️ CRITICAL DEVIATION DETECTED,2026-07-31 02:38:46.029989
2026-07-31 05:14:44.238981,VIN-572215,1949,89,P0420,⚠️ CRITICAL DEVIATION DETECTED,2026-07-31 02:38:46.039336
2026-07-31 05:14:46.238981,VIN-733093,3118,95,P0171,⚠️ CRITICAL DEVIATION DETECTED,2026-07-31 02:38:46.045852
2026-07-31 05:14:47.238981,VIN-847559,1925,102,P0171,⚠️ CRITICAL DEVIATION DETECTED,2026-07-31 02:38:46.054459
2026-07-31 05:14:50.238981,VIN-474956,2473,87,P0171,⚠️ CRITICAL DEVIATION DETECTED,2026-07-31 02:38:46.058832
2026-07-31 05:14:51.238981,VIN-322268,2507,98,P0300,⚠️ CRITICAL DEVIATION DETECTED,2026-07-31 02:38:46.062790
2026-07-31 05:14:52.238981,VIN-605049,1500,90,P0171,⚠️ CRITICAL DEVIATION DETECTED,2026-07-31 02:38:46.067959
2026-07-31 05:14:53.238981,VIN-337846,1963,103,P0171,⚠️ CRITICAL DEVIATION DETECTED,2026-07-31 02:38:46.072302
2026-07-31 05:14:54.238981,VIN-652862,3167,104,P0171,⚠️ CRITICAL DEVIATION DETECTED,2026-07-31 02:38:46.080778
2026-07-31 05:14:56.238981,VIN-982641,2938,95,P0171,⚠️ CRITICAL DEVIATION DETECTED,2026-07-31 02:38:46.084260
2026-07-31 05:14:58.238981,VIN-815753,2842,105,P0420,⚠️ CRITICAL DEVIATION DETECTED,2026-07-31 02:38:46.088003
2026-07-31 05:15:00.238981,VIN-544393,2911,94,P0420,⚠️ CRITICAL DEVIATION DETECTED,2026-07-31 02:38:46.092557
2026-07-31 05:15:01.238981,VIN-274637,2694,98,P0300,⚠️ CRITICAL DEVIATION DETECTED,2026-07-31 02:38:46.096587
2026-07-31 05:15:02.238981,VIN-461147,2555,101,P0300,⚠️ CRITICAL DEVIATION DETECTED,2026-07-31 02:38:46.103841
2026-07-31 05:15:03.238981,VIN-222948,2049,94,P0171,⚠️ CRITICAL DEVIATION DETECTED,2026-07-31 02:38:46.110981
2026-07-31 05:15:07.238981,VIN-472025,2051,94,P0171,⚠️ CRITICAL DEVIATION DETECTED,2026-07-31 02:38:46.115563
2026-07-31 05:15:10.238981,VIN-860348,2630,99,P0420,⚠️ CRITICAL DEVIATION DETECTED,2026-07-31 02:38:46.120172
2026-07-31 05:15:13.238981,VIN-679008,2030,85,P0171,⚠️ CRITICAL DEVIATION DETECTED,2026-07-31 02:38:46.123745
2026-07-31 05:15:15.238981,VIN-857766,1659,90,P0171,⚠️ CRITICAL DEVIATION DETECTED,2026-07-31 02:38:46.128684
2026-07-31 05:15:17.238981,VIN-570440,2147,88,P0171,⚠️ CRITICAL DEVIATION DETECTED,2026-07-31 02:38:46.133890
2026-07-31 05:15:18.238981,VIN-240662,3302,89,P0420,⚠️ CRITICAL DEVIATION DETECTED,2026-07-31 02:38:46.146743
2026-07-31 05:15:19.238981,VIN-974986,2608,89,P0420,⚠️ CRITICAL DEVIATION DETECTED,2026-07-31 02:38:46.161992
2026-07-31 05:15:21.238981,VIN-568566,2016,102,P0420,⚠️ CRITICAL DEVIATION DETECTED,2026-07-31 02:38:46.169267
2026-07-31 05:15:24.238981,VIN-489080,2164,85,P0300,⚠️ CRITICAL DEVIATION DETECTED,2026-07-31 02:38:46.182793
2026-07-31 05:15:25.238981,VIN-223520,2238,101,P0171,⚠️ CRITICAL DEVIATION DETECTED,2026-07-31 02:38:46.188720
2026-07-31 05:15:28.238981,VIN-997215,1841,96,P0171,⚠️ CRITICAL DEVIATION DETECTED,2026-07-31 02:38:46.196213
2026-07-31 05:15:34.238981,VIN-535321,3286,89,P0300,⚠️ CRITICAL DEVIATION DETECTED,2026-07-31 02:38:46.205851
2026-07-31 05:15:35.238981,VIN-756391,2032,85,P0420,⚠️ CRITICAL DEVIATION DETECTED,2026-07-31 02:38:46.211081
2026-07-31 05:15:36.238981,VIN-498713,1801,92,P0171,⚠️ CRITICAL DEVIATION DETECTED,2026-07-31 02:38:46.216359
2026-07-31 05:15:41.238981,VIN-534032,2445,97,P0420,⚠️ CRITICAL DEVIATION DETECTED,2026-07-31 02:38:46.221645
2026-07-31 05:15:42.238981,VIN-774830,3422,85,P0171,⚠️ CRITICAL DEVIATION DETECTED,2026-07-31 02:38:46.225386
2026-07-31 05:15:43.238981,VIN-620274,2290,92,P0300,⚠️ CRITICAL DEVIATION DETECTED,2026-07-31 02:38:46.228984
2026-07-31 05:15:48.238981,VIN-841116,2959,103,P0171,⚠️ CRITICAL DEVIATION DETECTED,2026-07-31 02:38:46.235574
2026-07-31 05:15:49.238981,VIN-950645,1930,93,P0300,⚠️ CRITICAL DEVIATION DETECTED,2026-07-31 02:38:46.242449
2026-07-31 05:15:55.238981,VIN-399539,2437,104,P0420,⚠️ CRITICAL DEVIATION DETECTED,2026-07-31 02:38:46.246855
2026-07-31 05:15:56.238981,VIN-732810,2150,93,P0300,⚠️ CRITICAL DEVIATION DETECTED,2026-07-31 02:38:46.250164
2026-07-31 05:15:58.238981,VIN-050706,2329,101,P0300,⚠️ CRITICAL DEVIATION DETECTED,2026-07-31 02:38:46.253767
2026-07-31 05:15:59.238981,VIN-188024,1547,105,P0171,⚠️ CRITICAL DEVIATION DETECTED,2026-07-31 02:38:46.257164
2026-07-31 05:16:01.238981,VIN-859981,1672,98,P0171,⚠️ CRITICAL DEVIATION DETECTED,2026-07-31 02:38:46.260274
2026-07-31 05:16:03.238981,VIN-049078,3004,100,P0300,⚠️ CRITICAL DEVIATION DETECTED,2026-07-31 02:38:46.264081
2026-07-31 05:16:04.238981,VIN-908539,3032,103,P0300,⚠️ CRITICAL DEVIATION DETECTED,2026-07-31 02:38:46.268105
2026-07-31 05:16:05.238981,VIN-971083,2384,99,P0300,⚠️ CRITICAL DEVIATION DETECTED,2026-07-31 02:38:46.271886
2026-07-31 05:16:06.238981,VIN-931253,2281,95,P0300,⚠️ CRITICAL DEVIATION DETECTED,2026-07-31 02:38:46.276882
2026-07-31 05:16:07.238981,VIN-982462,1686,95,P0171,⚠️ CRITICAL DEVIATION DETECTED,2026-07-31 02:38:46.282013
2026-07-31 05:16:08.238981,VIN-971387,2978,100,P0171,⚠️ CRITICAL DEVIATION DETECTED,2026-07-31 02:38:46.291390
2026-07-31 05:16:09.238981,VIN-971268,1701,105,P0171,⚠️ CRITICAL DEVIATION DETECTED,2026-07-31 02:38:46.295380
2026-07-31 05:16:10.238981,VIN-827044,1731,99,P0171,⚠️ CRITICAL DEVIATION DETECTED,2026-07-31 02:38:46.298617
2026-07-31 05:16:12.238981,VIN-393325,2657,102,P0420,⚠️ CRITICAL DEVIATION DETECTED,2026-07-31 02:38:46.302541
2026-07-31 05:16:13.238981,VIN-476762,2243,94,P0420,⚠️ CRITICAL DEVIATION DETECTED,2026-07-31 02:38:46.318095
2026-07-31 05:16:15.238981,VIN-279075,0,103,P0420,⚠️ CRITICAL DEVIATION DETECTED,2026-07-31 02:38:46.336399
2026-07-31 05:16:17.238981,VIN-473086,3168,92,P0420,⚠️ CRITICAL DEVIATION DETECTED,2026-07-31 02:38:46.345970
2026-07-31 05:16:18.238981,VIN-302114,1868,95,P0300,⚠️ CRITICAL DEVIATION DETECTED,2026-07-31 02:38:46.350589
2026-07-31 05:16:19.238981,VIN-900950,1855,96,P0300,⚠️ CRITICAL DEVIATION DETECTED,2026-07-31 02:38:46.354492
2026-07-31 05:16:26.238981,VIN-709818,2766,97,P0171,⚠️ CRITICAL DEVIATION DETECTED,2026-07-31 02:38:46.357394
2026-07-31 05:16:27.238981,VIN-037205,2689,103,P0171,⚠️ CRITICAL DEVIATION DETECTED,2026-07-31 02:38:46.360531
2026-07-31 05:16:28.238981,VIN-718776,2306,89,P0300,⚠️ CRITICAL DEVIATION DETECTED,2026-07-31 02:38:46.364168
2026-07-31 05:16:29.238981,VIN-737620,2272,103,P0300,⚠️ CRITICAL DEVIATION DETECTED,2026-07-31 02:38:46.367973
2026-07-31 05:16:34.238981,VIN-013135,2604,88,P0420,⚠️ CRITICAL DEVIATION DETECTED,2026-07-31 02:38:46.374279
2026-07-31 05:16:35.238981,VIN-237265,2129,94,P0171,⚠️ CRITICAL DEVIATION DETECTED,2026-07-31 02:38:46.386054
2026-07-31 05:16:37.238981,VIN-184631,2004,93,P0420,⚠️ CRITICAL DEVIATION DETECTED,2026-07-31 02:38:46.389915
2026-07-31 05:16:39.238981,VIN-580380,1912,97,P0171,⚠️ CRITICAL DEVIATION DETECTED,2026-07-31 02:38:46.394070
2026-07-31 05:16:45.238981,VIN-082606,0,95,P0420,⚠️ CRITICAL DEVIATION DETECTED,2026-07-31 02:38:46.401863
2026-07-31 05:16:51.238981,VIN-327353,3452,95,P0300,⚠️ CRITICAL DEVIATION DETECTED,2026-07-31 02:38:46.406118
2026-07-31 05:16:53.238981,VIN-148275,2105,92,P0420,⚠️ CRITICAL DEVIATION DETECTED,2026-07-31 02:38:46.419744
2026-07-31 05:16:54.238981,VIN-922396,3337,92,P0300,⚠️ CRITICAL DEVIATION DETECTED,2026-07-31 02:38:46.422789
2026-07-31 05:16:56.238981,VIN-312129,2027,91,P0300,⚠️ CRITICAL DEVIATION DETECTED,2026-07-31 02:38:46.426033
2026-07-31 05:16:58.238981,VIN-641106,2100,88,P0300,⚠️ CRITICAL DEVIATION DETECTED,2026-07-31 02:38:46.428872
2026-07-31 05:17:04.238981,VIN-177662,1528,101,P0300,⚠️ CRITICAL DEVIATION DETECTED,2026-07-31 02:38:46.431603
2026-07-31 05:17:05.238981,VIN-303959,2492,87,P0171,⚠️ CRITICAL DEVIATION DETECTED,2026-07-31 02:38:46.438438
2026-07-31 05:17:06.238981,VIN-323184,2768,105,P0420,⚠️ CRITICAL DEVIATION DETECTED,2026-07-31 02:38:46.443095
2026-07-31 05:17:08.238981,VIN-184672,1609,103,P0300,⚠️ CRITICAL DEVIATION DETECTED,2026-07-31 02:38:46.449877
2026-07-31 05:17:10.238981,VIN-862255,2536,89,P0300,⚠️ CRITICAL DEVIATION DETECTED,2026-07-31 02:38:46.452337
2026-07-31 05:17:11.238981,VIN-404486,1719,88,P0300,⚠️ CRITICAL DEVIATION DETECTED,2026-07-31 02:38:46.455046
2026-07-31 05:17:13.238981,VIN-771870,3290,101,P0420,⚠️ CRITICAL DEVIATION DETECTED,2026-07-31 02:38:46.458149
2026-07-31 05:17:14.238981,VIN-654356,3496,87,P0300,⚠️ CRITICAL DEVIATION DETECTED,2026-07-31 02:38:46.460668
2026-07-31 05:17:15.238981,VIN-307922,3454,99,P0300,⚠️ CRITICAL DEVIATION DETECTED,2026-07-31 02:38:46.463397
2026-07-31 05:17:17.238981,VIN-462284,0,86,P0300,⚠️ CRITICAL DEVIATION DETECTED,2026-07-31 02:38:46.467394
2026-07-31 05:17:18.238981,VIN-504152,2529,90,P0171,⚠️ CRITICAL DEVIATION DETECTED,2026-07-31 02:38:46.477932
2026-07-31 05:17:22.238981,VIN-412463,3457,98,P0300,⚠️ CRITICAL DEVIATION DETECTED,2026-07-31 02:38:46.481691
2026-07-31 05:17:27.238981,VIN-186722,2681,89,P0300,⚠️ CRITICAL DEVIATION DETECTED,2026-07-31 02:38:46.484361
2026-07-31 05:17:29.238981,VIN-803135,2092,87,P0300,⚠️ CRITICAL DEVIATION DETECTED,2026-07-31 02:38:46.487453
2026-07-31 05:17:31.238981,VIN-256752,2345,101,P0300,⚠️ CRITICAL DEVIATION DETECTED,2026-07-31 02:38:46.490101
2026-07-31 05:17:32.238981,VIN-533845,1590,86,P0171,⚠️ CRITICAL DEVIATION DETECTED,2026-07-31 02:38:46.492955
2026-07-31 05:17:37.238981,VIN-913827,2608,86,P0300,⚠️ CRITICAL DEVIATION DETECTED,2026-07-31 02:38:46.495638
2026-07-31 05:17:38.238981,VIN-970971,0,100,P0171,⚠️ CRITICAL DEVIATION DETECTED,2026-07-31 02:38:46.498154
2026-07-31 05:17:39.238981,VIN-653061,1851,105,P0300,⚠️ CRITICAL DEVIATION DETECTED,2026-07-31 02:38:46.500999
2026-07-31 05:17:40.238981,VIN-588058,3047,88,P0420,⚠️ CRITICAL DEVIATION DETECTED,2026-07-31 02:38:46.519928
2026-07-31 05:17:42.238981,VIN-300405,0,90,P0171,⚠️ CRITICAL DEVIATION DETECTED,2026-07-31 02:38:46.522676
2026-07-31 05:17:44.238981,VIN-420080,1625,91,P0420,⚠️ CRITICAL DEVIATION DETECTED,2026-07-31 02:38:46.525092
2026-07-31 05:17:45.238981,VIN-161664,2862,100,P0420,⚠️ CRITICAL DEVIATION DETECTED,2026-07-31 02:38:46.527692
2026-07-31 05:17:47.238981,VIN-067259,0,90,P0420,⚠️ CRITICAL DEVIATION DETECTED,2026-07-31 02:38:46.530245
2026-07-31 05:17:48.238981,VIN-698492,2250,97,P0171,⚠️ CRITICAL DEVIATION DETECTED,2026-07-31 02:38:46.534023
2026-07-31 05:17:49.238981,VIN-184996,2085,85,P0300,⚠️ CRITICAL DEVIATION DETECTED,2026-07-31 02:38:46.537876
2026-07-31 05:17:50.238981,VIN-164820,2168,99,P0171,⚠️ CRITICAL DEVIATION DETECTED,2026-07-31 02:38:46.542457
2026-07-31 05:17:51.238981,VIN-760549,2651,100,P0171,⚠️ CRITICAL DEVIATION DETECTED,2026-07-31 02:38:46.547670
2026-07-31 05:17:52.238981,VIN-900678,3118,93,P0171,⚠️ CRITICAL DEVIATION DETECTED,2026-07-31 02:38:46.551263
2026-07-31 05:17:55.238981,VIN-014803,2917,85,P0300,⚠️ CRITICAL DEVIATION DETECTED,2026-07-31 02:38:46.554986
2026-07-31 05:18:02.238981,VIN-443703,3458,91,P0171,⚠️ CRITICAL DEVIATION DETECTED,2026-07-31 02:38:46.558479
2026-07-31 05:18:06.238981,VIN-552304,2725,94,P0420,⚠️ CRITICAL DEVIATION DETECTED,2026-07-31 02:38:46.561803
2026-07-31 05:18:07.238981,VIN-125187,2929,92,P0300,⚠️ CRITICAL DEVIATION DETECTED,2026-07-31 02:38:46.564289
2026-07-31 05:18:09.238981,VIN-726524,2298,97,P0171,⚠️ CRITICAL DEVIATION DETECTED,2026-07-31 02:38:46.567921
2026-07-31 05:18:10.238981,VIN-076765,2779,100,P0171,⚠️ CRITICAL DEVIATION DETECTED,2026-07-31 02:38:46.572104
2026-07-31 05:18:13.238981,VIN-096203,2770,104,P0300,⚠️ CRITICAL DEVIATION DETECTED,2026-07-31 02:38:46.575756
2026-07-31 05:18:14.238981,VIN-532324,2460,91,P0420,⚠️ CRITICAL DEVIATION DETECTED,2026-07-31 02:38:46.579789
2026-07-31 05:18:15.238981,VIN-512283,2027,95,P0420,⚠️ CRITICAL DEVIATION DETECTED,2026-07-31 02:38:46.583601
2026-07-31 05:18:16.238981,VIN-099425,1524,102,P0171,⚠️ CRITICAL DEVIATION DETECTED,2026-07-31 02:38:46.586665
2026-07-31 05:18:17.238981,VIN-737684,2067,91,P0171,⚠️ CRITICAL DEVIATION DETECTED,2026-07-31 02:38:46.591042
2026-07-31 05:18:19.238981,VIN-010389,3308,86,P0171,⚠️ CRITICAL DEVIATION DETECTED,2026-07-31 02:38:46.593911
2026-07-31 05:18:21.238981,VIN-757481,1883,103,P0300,⚠️ CRITICAL DEVIATION DETECTED,2026-07-31 02:38:46.596895
2026-07-31 05:18:22.238981,VIN-475391,2480,88,P0300,⚠️ CRITICAL DEVIATION DETECTED,2026-07-31 02:38:46.599637
2026-07-31 05:18:24.238981,VIN-561991,2659,91,P0420,⚠️ CRITICAL DEVIATION DETECTED,2026-07-31 02:38:46.604083
2026-07-31 05:18:27.238981,VIN-849698,1922,92,P0300,⚠️ CRITICAL DEVIATION DETECTED,2026-07-31 02:38:46.611833
2026-07-31 05:18:30.238981,VIN-907824,2393,91,P0300,⚠️ CRITICAL DEVIATION DETECTED,2026-07-31 02:38:46.615402
2026-07-31 05:18:31.238981,VIN-154051,2525,95,P0300,⚠️ CRITICAL DEVIATION DETECTED,2026-07-31 02:38:46.618429
2026-07-31 05:18:33.238981,VIN-460734,2195,105,P0420,⚠️ CRITICAL DEVIATION DETECTED,2026-07-31 02:38:46.622710
2026-07-31 05:18:36.238981,VIN-513117,1731,105,P0420,⚠️ CRITICAL DEVIATION DETECTED,2026-07-31 02:38:46.625363
2026-07-31 05:18:40.238981,VIN-458630,1599,92,P0171,⚠️ CRITICAL DEVIATION DETECTED,2026-07-31 02:38:46.628841
2026-07-31 05:18:41.238981,VIN-701255,2955,87,P0420,⚠️ CRITICAL DEVIATION DETECTED,2026-07-31 02:38:46.632019
2026-07-31 05:18:46.238981,VIN-933983,2017,100,P0171,⚠️ CRITICAL DEVIATION DETECTED,2026-07-31 02:38:46.636580
2026-07-31 05:18:47.238981,VIN-237749,2142,104,P0300,⚠️ CRITICAL DEVIATION DETECTED,2026-07-31 02:38:46.642138
2026-07-31 05:18:51.238981,VIN-959077,3006,104,P0420,⚠️ CRITICAL DEVIATION DETECTED,2026-07-31 02:38:46.645382
2026-07-31 05:18:53.238981,VIN-849356,2349,97,P0420,⚠️ CRITICAL DEVIATION DETECTED,2026-07-31 02:38:46.648643
2026-07-31 05:19:05.238981,VIN-509831,3371,95,P0420,⚠️ CRITICAL DEVIATION DETECTED,2026-07-31 02:38:46.651472
2026-07-31 05:19:07.238981,VIN-542587,3494,105,P0171,⚠️ CRITICAL DEVIATION DETECTED,2026-07-31 02:38:46.654702
2026-07-31 05:19:09.238981,VIN-085594,2995,92,P0420,⚠️ CRITICAL DEVIATION DETECTED,2026-07-31 02:38:46.657739
2026-07-31 05:19:10.238981,VIN-511590,1558,105,P0300,⚠️ CRITICAL DEVIATION DETECTED,2026-07-31 02:38:46.663240
2026-07-31 05:19:14.238981,VIN-257350,2305,90,P0420,⚠️ CRITICAL DEVIATION DETECTED,2026-07-31 02:38:46.671433
2026-07-31 05:19:19.238981,VIN-050144,0,104,P0171,⚠️ CRITICAL DEVIATION DETECTED,2026-07-31 02:38:46.675292
2026-07-31 05:19:20.238981,VIN-179917,1998,104,P0171,⚠️ CRITICAL DEVIATION DETECTED,2026-07-31 02:38:46.678635
2026-07-31 05:19:24.238981,VIN-695595,1861,86,P0171,⚠️ CRITICAL DEVIATION DETECTED,2026-07-31 02:38:46.682917
2026-07-31 05:19:25.238981,VIN-876143,1957,98,P0300,⚠️ CRITICAL DEVIATION DETECTED,2026-07-31 02:38:46.686897
2026-07-31 05:19:28.238981,VIN-073680,2226,104,P0420,⚠️ CRITICAL DEVIATION DETECTED,2026-07-31 02:38:46.690440
2026-07-31 05:19:31.238981,VIN-132953,2194,95,P0300,⚠️ CRITICAL DEVIATION DETECTED,2026-07-31 02:38:46.695081
2026-07-31 05:19:35.238981,VIN-335663,2066,85,P0420,⚠️ CRITICAL DEVIATION DETECTED,2026-07-31 02:38:46.698278
2026-07-31 05:19:38.238981,VIN-628555,3494,90,P0300,⚠️ CRITICAL DEVIATION DETECTED,2026-07-31 02:38:46.703439
2026-07-31 05:19:40.238981,VIN-167729,3409,86,P0420,⚠️ CRITICAL DEVIATION DETECTED,2026-07-31 02:38:46.707092
2026-07-31 05:19:41.238981,VIN-333915,2814,89,P0420,⚠️ CRITICAL DEVIATION DETECTED,2026-07-31 02:38:46.715137
2026-07-31 05:19:42.238981,VIN-421313,1655,104,P0171,⚠️ CRITICAL DEVIATION DETECTED,2026-07-31 02:38:46.718154
2026-07-31 05:19:44.238981,VIN-453752,2859,96,P0171,⚠️ CRITICAL DEVIATION DETECTED,2026-07-31 02:38:46.721391
2026-07-31 05:19:45.238981,VIN-724624,2187,101,P0420,⚠️ CRITICAL DEVIATION DETECTED,2026-07-31 02:38:46.724584
2026-07-31 05:19:49.238981,VIN-416100,1585,95,P0300,⚠️ CRITICAL DEVIATION DETECTED,2026-07-31 02:38:46.727670
2026-07-31 05:19:52.238981,VIN-393742,3165,92,P0420,⚠️ CRITICAL DEVIATION DETECTED,2026-07-31 02:38:46.730841
2026-07-31 05:19:54.238981,VIN-947606,3338,92,P0300,⚠️ CRITICAL DEVIATION DETECTED,2026-07-31 02:38:46.734684
2026-07-31 05:19:55.238981,VIN-219577,1810,104,P0420,⚠️ CRITICAL DEVIATION DETECTED,2026-07-31 02:38:46.737394
2026-07-31 05:19:58.238981,VIN-973804,2071,91,P0300,⚠️ CRITICAL DEVIATION DETECTED,2026-07-31 02:38:46.740793
2026-07-31 05:20:00.238981,VIN-894101,2937,91,P0420,⚠️ CRITICAL DEVIATION DETECTED,2026-07-31 02:38:46.744623
2026-07-31 05:20:02.238981,VIN-459278,2956,86,P0300,⚠️ CRITICAL DEVIATION DETECTED,2026-07-31 02:38:46.747010
2026-07-31 05:20:03.238981,VIN-227352,3313,105,P0420,⚠️ CRITICAL DEVIATION DETECTED,2026-07-31 02:38:46.748956
2026-07-31 05:20:05.238981,VIN-477972,3294,86,P0420,⚠️ CRITICAL DEVIATION DETECTED,2026-07-31 02:38:46.751530
2026-07-31 05:20:06.238981,VIN-658068,3378,92,P0300,⚠️ CRITICAL DEVIATION DETECTED,2026-07-31 02:38:46.755593
2026-07-31 05:20:08.238981,VIN-718823,2267,93,P0420,⚠️ CRITICAL DEVIATION DETECTED,2026-07-31 02:38:46.758296
2026-07-31 05:20:10.238981,VIN-249841,3496,88,P0420,⚠️ CRITICAL DEVIATION DETECTED,2026-07-31 02:38:46.760935
2026-07-31 05:20:12.238981,VIN-903499,1709,97,P0171,⚠️ CRITICAL DEVIATION DETECTED,2026-07-31 02:38:46.763362
2026-07-31 05:20:13.238981,VIN-641874,2761,89,P0420,⚠️ CRITICAL DEVIATION DETECTED,2026-07-31 02:38:46.766094
2026-07-31 05:20:16.238981,VIN-397801,2514,103,P0420,⚠️ CRITICAL DEVIATION DETECTED,2026-07-31 02:38:46.768669
2026-07-31 05:20:18.238981,VIN-673258,3460,93,P0420,⚠️ CRITICAL DEVIATION DETECTED,2026-07-31 02:38:46.771417
2026-07-31 05:20:19.238981,VIN-748901,2632,102,P0420,⚠️ CRITICAL DEVIATION DETECTED,2026-07-31 02:38:46.776510
2026-07-31 05:20:21.238981,VIN-584473,3166,93,P0420,⚠️ CRITICAL DEVIATION DETECTED,2026-07-31 02:38:46.779992
2026-07-31 05:20:22.238981,VIN-278526,1770,86,P0171,⚠️ CRITICAL DEVIATION DETECTED,2026-07-31 02:38:46.783727
2026-07-31 05:20:23.238981,VIN-169548,3048,88,P0171,⚠️ CRITICAL DEVIATION DETECTED,2026-07-31 02:38:46.786693
2026-07-31 05:20:24.238981,VIN-391600,0,100,P0300,⚠️ CRITICAL DEVIATION DETECTED,2026-07-31 02:38:46.789411
2026-07-31 05:20:26.238981,VIN-329729,3041,101,P0300,⚠️ CRITICAL DEVIATION DETECTED,2026-07-31 02:38:46.792402
2026-07-31 05:20:27.238981,VIN-623385,0,95,P0300,⚠️ CRITICAL DEVIATION DETECTED,2026-07-31 02:38:46.795138
2026-07-31 05:20:28.238981,VIN-866831,1645,102,P0300,⚠️ CRITICAL DEVIATION DETECTED,2026-07-31 02:38:46.797228
2026-07-31 05:20:31.238981,VIN-226575,2159,86,P0300,⚠️ CRITICAL DEVIATION DETECTED,2026-07-31 02:38:46.799406
2026-07-31 05:20:36.238981,VIN-870525,1824,105,P0171,⚠️ CRITICAL DEVIATION DETECTED,2026-07-31 02:38:46.802976
2026-07-31 05:20:39.238981,VIN-428892,3499,103,P0300,⚠️ CRITICAL DEVIATION DETECTED,2026-07-31 02:38:46.808082
2026-07-31 05:20:40.238981,VIN-727236,2762,104,P0171,⚠️ CRITICAL DEVIATION DETECTED,2026-07-31 02:38:46.810588
2026-07-31 05:20:41.238981,VIN-833084,1721,101,P0420,⚠️ CRITICAL DEVIATION DETECTED,2026-07-31 02:38:46.814448
2026-07-31 05:20:43.238981,VIN-663378,0,105,P0300,⚠️ CRITICAL DEVIATION DETECTED,2026-07-31 02:38:46.817404
2026-07-31 05:20:44.238981,VIN-274710,3302,90,P0420,⚠️ CRITICAL DEVIATION DETECTED,2026-07-31 02:38:46.820412
2026-07-31 05:20:46.238981,VIN-608154,2801,89,P0300,⚠️ CRITICAL DEVIATION DETECTED,2026-07-31 02:38:46.823278
2026-07-31 05:20:48.238981,VIN-409386,2960,92,P0171,⚠️ CRITICAL DEVIATION DETECTED,2026-07-31 02:38:46.825959
2026-07-31 05:20:49.238981,VIN-977941,2117,89,P0171,⚠️ CRITICAL DEVIATION DETECTED,2026-07-31 02:38:46.828954
2026-07-31 05:20:54.238981,VIN-462377,2173,92,P0171,⚠️ CRITICAL DEVIATION DETECTED,2026-07-31 02:38:46.831358
2026-07-31 05:20:55.238981,VIN-632218,2019,97,P0171,⚠️ CRITICAL DEVIATION DETECTED,2026-07-31 02:38:46.834161
2026-07-31 05:20:57.238981,VIN-921969,1911,103,P0171,⚠️ CRITICAL DEVIATION DETECTED,2026-07-31 02:38:46.836402
2026-07-31 05:21:00.238981,VIN-065821,2366,102,P0171,⚠️ CRITICAL DEVIATION DETECTED,2026-07-31 02:38:46.840097
2026-07-31 05:21:01.238981,VIN-775542,2281,87,P0171,⚠️ CRITICAL DEVIATION DETECTED,2026-07-31 02:38:46.844702
2026-07-31 05:21:02.238981,VIN-776781,2312,97,P0300,⚠️ CRITICAL DEVIATION DETECTED,2026-07-31 02:38:46.848902
2026-07-31 05:21:04.238981,VIN-745754,2895,96,P0171,⚠️ CRITICAL DEVIATION DETECTED,2026-07-31 02:38:46.853074
2026-07-31 05:21:07.238981,VIN-655545,1890,92,P0171,⚠️ CRITICAL DEVIATION DETECTED,2026-07-31 02:38:46.857221
2026-07-31 05:21:08.238981,VIN-322908,3456,99,P0300,⚠️ CRITICAL DEVIATION DETECTED,2026-07-31 02:38:46.860018
2026-07-31 05:21:09.238981,VIN-613638,2487,90,P0420,⚠️ CRITICAL DEVIATION DETECTED,2026-07-31 02:38:46.862959
2026-07-31 05:21:10.238981,VIN-090416,1927,87,P0300,⚠️ CRITICAL DEVIATION DETECTED,2026-07-31 02:38:46.865977
2026-07-31 05:21:16.238981,VIN-491918,2225,86,P0171,⚠️ CRITICAL DEVIATION DETECTED,2026-07-31 02:38:46.869608
2026-07-31 05:21:17.238981,VIN-798661,1637,94,P0171,⚠️ CRITICAL DEVIATION DETECTED,2026-07-31 02:38:46.875023
2026-07-31 05:21:19.238981,VIN-435689,1684,87,P0171,⚠️ CRITICAL DEVIATION DETECTED,2026-07-31 02:38:46.878344
2026-07-31 05:21:22.238981,VIN-537153,2764,92,P0420,⚠️ CRITICAL DEVIATION DETECTED,2026-07-31 02:38:46.880858
2026-07-31 05:21:26.238981,VIN-763653,2011,102,P0420,⚠️ CRITICAL DEVIATION DETECTED,2026-07-31 02:38:46.883960
2026-07-31 05:21:31.238981,VIN-054598,2840,86,P0171,⚠️ CRITICAL DEVIATION DETECTED,2026-07-31 02:38:46.887773
2026-07-31 05:21:35.238981,VIN-272853,2388,89,P0420,⚠️ CRITICAL DEVIATION DETECTED,2026-07-31 02:38:46.890746
2026-07-31 05:21:36.238981,VIN-442212,1723,96,P0300,⚠️ CRITICAL DEVIATION DETECTED,2026-07-31 02:38:46.893724
2026-07-31 05:21:38.238981,VIN-247855,2493,88,P0300,⚠️ CRITICAL DEVIATION DETECTED,2026-07-31 02:38:46.897097
2026-07-31 05:21:41.238981,VIN-445963,2436,88,P0420,⚠️ CRITICAL DEVIATION DETECTED,2026-07-31 02:38:46.900081
2026-07-31 05:21:42.238981,VIN-467114,2717,98,P0300,⚠️ CRITICAL DEVIATION DETECTED,2026-07-31 02:38:46.904009
2026-07-31 05:21:43.238981,VIN-727985,3072,105,P0420,⚠️ CRITICAL DEVIATION DETECTED,2026-07-31 02:38:46.907063
2026-07-31 05:21:50.238981,VIN-608600,2198,89,P0420,⚠️ CRITICAL DEVIATION DETECTED,2026-07-31 02:38:46.912424
2026-07-31 05:21:54.238981,VIN-919861,2746,86,P0300,⚠️ CRITICAL DEVIATION DETECTED,2026-07-31 02:38:46.917087
2026-07-31 05:21:57.238981,VIN-026278,1843,95,P0171,⚠️ CRITICAL DEVIATION DETECTED,2026-07-31 02:38:46.919775
2026-07-31 05:21:59.238981,VIN-425402,1628,85,P0420,⚠️ CRITICAL DEVIATION DETECTED,2026-07-31 02:38:46.922916
2026-07-31 05:22:00.238981,VIN-467041,2764,99,P0300,⚠️ CRITICAL DEVIATION DETECTED,2026-07-31 02:38:46.926360
2026-07-31 05:22:01.238981,VIN-477634,1798,104,P0171,⚠️ CRITICAL DEVIATION DETECTED,2026-07-31 02:38:46.929297
2026-07-31 05:22:04.238981,VIN-200166,2779,90,P0420,⚠️ CRITICAL DEVIATION DETECTED,2026-07-31 02:38:46.932814
2026-07-31 05:22:05.238981,VIN-753042,3076,105,P0420,⚠️ CRITICAL DEVIATION DETECTED,2026-07-31 02:38:46.937216
2026-07-31 05:22:07.238981,VIN-814079,2033,91,P0300,⚠️ CRITICAL DEVIATION DETECTED,2026-07-31 02:38:46.941769
2026-07-31 05:22:08.238981,VIN-345383,3404,103,P0420,⚠️ CRITICAL DEVIATION DETECTED,2026-07-31 02:38:46.947160
2026-07-31 05:22:09.238981,VIN-873225,3369,91,P0171,⚠️ CRITICAL DEVIATION DETECTED,2026-07-31 02:38:46.951040
2026-07-31 05:22:11.238981,VIN-428598,1997,98,P0300,⚠️ CRITICAL DEVIATION DETECTED,2026-07-31 02:38:46.955862
2026-07-31 05:22:12.238981,VIN-605645,1928,101,P0171,⚠️ CRITICAL DEVIATION DETECTED,2026-07-31 02:38:46.959410
2026-07-31 05:22:13.238981,VIN-075539,2442,92,P0420,⚠️ CRITICAL DEVIATION DETECTED,2026-07-31 02:38:46.962354
2026-07-31 05:22:15.238981,VIN-932444,2591,102,P0171,⚠️ CRITICAL DEVIATION DETECTED,2026-07-31 02:38:46.966165
2026-07-31 05:22:16.238981,VIN-030123,2348,96,P0420,⚠️ CRITICAL DEVIATION DETECTED,2026-07-31 02:38:46.969381
2026-07-31 05:22:17.238981,VIN-253161,2920,92,P0171,⚠️ CRITICAL DEVIATION DETECTED,2026-07-31 02:38:46.982463
2026-07-31 05:22:18.238981,VIN-468649,3082,89,P0171,⚠️ CRITICAL DEVIATION DETECTED,2026-07-31 02:38:46.985472
2026-07-31 05:22:24.238981,VIN-933044,2333,99,P0171,⚠️ CRITICAL DEVIATION DETECTED,2026-07-31 02:38:46.987829
2026-07-31 05:22:26.238981,VIN-378080,2699,103,P0300,⚠️ CRITICAL DEVIATION DETECTED,2026-07-31 02:38:46.990272
2026-07-31 05:22:27.238981,VIN-398392,2505,90,P0171,⚠️ CRITICAL DEVIATION DETECTED,2026-07-31 02:38:46.993084
2026-07-31 05:22:29.238981,VIN-113711,2062,103,P0171,⚠️ CRITICAL DEVIATION DETECTED,2026-07-31 02:38:46.995503
2026-07-31 05:22:32.238981,VIN-322794,0,96,P0300,⚠️ CRITICAL DEVIATION DETECTED,2026-07-31 02:38:46.998126
2026-07-31 05:22:33.238981,VIN-506306,3006,91,P0300,⚠️ CRITICAL DEVIATION DETECTED,2026-07-31 02:38:47.000315
2026-07-31 05:22:34.238981,VIN-003804,2730,100,P0420,⚠️ CRITICAL DEVIATION DETECTED,2026-07-31 02:38:47.003833
2026-07-31 05:22:35.238981,VIN-093883,0,94,P0171,⚠️ CRITICAL DEVIATION DETECTED,2026-07-31 02:38:47.009272
2026-07-31 05:22:44.238981,VIN-916366,3403,90,P0420,⚠️ CRITICAL DEVIATION DETECTED,2026-07-31 02:38:47.012226
2026-07-31 05:22:45.238981,VIN-458054,1783,88,P0171,⚠️ CRITICAL DEVIATION DETECTED,2026-07-31 02:38:47.015857
2026-07-31 05:22:46.238981,VIN-657503,2841,104,P0171,⚠️ CRITICAL DEVIATION DETECTED,2026-07-31 02:38:47.019351
2026-07-31 05:22:47.238981,VIN-609750,2095,92,P0420,⚠️ CRITICAL DEVIATION DETECTED,2026-07-31 02:38:47.023000
2026-07-31 05:22:49.238981,VIN-198839,2734,100,P0300,⚠️ CRITICAL DEVIATION DETECTED,2026-07-31 02:38:47.031714
2026-07-31 05:22:51.238981,VIN-543152,2218,91,P0171,⚠️ CRITICAL DEVIATION DETECTED,2026-07-31 02:38:47.037804
2026-07-31 05:22:52.238981,VIN-897504,2385,94,P0171,⚠️ CRITICAL DEVIATION DETECTED,2026-07-31 02:38:47.041781
2026-07-31 05:22:54.238981,VIN-684973,3071,92,P0171,⚠️ CRITICAL DEVIATION DETECTED,2026-07-31 02:38:47.044932
2026-07-31 05:22:55.238981,VIN-465840,2608,105,P0171,⚠️ CRITICAL DEVIATION DETECTED,2026-07-31 02:38:47.048618
2026-07-31 05:22:59.238981,VIN-110522,2046,88,P0420,⚠️ CRITICAL DEVIATION DETECTED,2026-07-31 02:38:47.052412
2026-07-31 05:23:00.238981,VIN-022634,2853,99,P0420,⚠️ CRITICAL DEVIATION DETECTED,2026-07-31 02:38:47.055812
2026-07-31 05:23:03.238981,VIN-367228,1584,93,P0300,⚠️ CRITICAL DEVIATION DETECTED,2026-07-31 02:38:47.058659
2026-07-31 05:23:06.238981,VIN-159908,2749,100,P0420,⚠️ CRITICAL DEVIATION DETECTED,2026-07-31 02:38:47.061979
2026-07-31 05:23:08.238981,VIN-351166,3382,95,P0171,⚠️ CRITICAL DEVIATION DETECTED,2026-07-31 02:38:47.065143
2026-07-31 05:23:09.238981,VIN-929336,2192,104,P0171,⚠️ CRITICAL DEVIATION DETECTED,2026-07-31 02:38:47.067817
2026-07-31 05:23:10.238981,VIN-595693,2675,87,P0420,⚠️ CRITICAL DEVIATION DETECTED,2026-07-31 02:38:47.072833
2026-07-31 05:23:12.238981,VIN-981098,2445,96,P0420,⚠️ CRITICAL DEVIATION DETECTED,2026-07-31 02:38:47.076776
2026-07-31 05:23:13.238981,VIN-712340,2539,102,P0300,⚠️ CRITICAL DEVIATION DETECTED,2026-07-31 02:38:47.080864
2026-07-31 05:23:14.238981,VIN-729065,2131,93,P0171,⚠️ CRITICAL DEVIATION DETECTED,2026-07-31 02:38:47.083453
2026-07-31 05:23:16.238981,VIN-508365,2459,88,P0300,⚠️ CRITICAL DEVIATION DETECTED,2026-07-31 02:38:47.086951
2026-07-31 05:23:19.238981,VIN-904751,3427,105,P0420,⚠️ CRITICAL DEVIATION DETECTED,2026-07-31 02:38:47.089752
2026-07-31 05:23:20.238981,VIN-444482,1919,91,P0300,⚠️ CRITICAL DEVIATION DETECTED,2026-07-31 02:38:47.093008
2026-07-31 05:23:21.238981,VIN-810380,2534,92,P0300,⚠️ CRITICAL DEVIATION DETECTED,2026-07-31 02:38:47.096275
2026-07-31 05:23:23.238981,VIN-325956,2594,94,P0300,⚠️ CRITICAL DEVIATION DETECTED,2026-07-31 02:38:47.099404
2026-07-31 05:23:24.238981,VIN-074468,1989,89,P0171,⚠️ CRITICAL DEVIATION DETECTED,2026-07-31 02:38:47.102853
2026-07-31 05:23:25.238981,VIN-069742,1507,97,P0420,⚠️ CRITICAL DEVIATION DETECTED,2026-07-31 02:38:47.106888
2026-07-31 05:23:27.238981,VIN-771933,2059,102,P0171,⚠️ CRITICAL DEVIATION DETECTED,2026-07-31 02:38:47.111473
2026-07-31 05:23:31.238981,VIN-132102,2734,100,P0300,⚠️ CRITICAL DEVIATION DETECTED,2026-07-31 02:38:47.115566
2026-07-31 05:23:32.238981,VIN-379240,3074,93,P0300,⚠️ CRITICAL DEVIATION DETECTED,2026-07-31 02:38:47.118852
2026-07-31 05:23:34.238981,VIN-516456,2814,94,P0420,⚠️ CRITICAL DEVIATION DETECTED,2026-07-31 02:38:47.122404
2026-07-31 05:23:40.238981,VIN-585747,2637,89,P0171,⚠️ CRITICAL DEVIATION DETECTED,2026-07-31 02:38:47.126148
2026-07-31 05:23:43.238981,VIN-951868,2580,102,P0300,⚠️ CRITICAL DEVIATION DETECTED,2026-07-31 02:38:47.129002
2026-07-31 05:23:45.238981,VIN-602502,2418,101,P0420,⚠️ CRITICAL DEVIATION DETECTED,2026-07-31 02:38:47.131666
2026-07-31 05:23:49.238981,VIN-147087,1705,89,P0171,⚠️ CRITICAL DEVIATION DETECTED,2026-07-31 02:38:47.135989
2026-07-31 05:23:50.238981,VIN-105116,2760,85,P0420,⚠️ CRITICAL DEVIATION DETECTED,2026-07-31 02:38:47.139786
2026-07-31 05:23:52.238981,VIN-971512,3464,103,P0171,⚠️ CRITICAL DEVIATION DETECTED,2026-07-31 02:38:47.144638
2026-07-31 05:23:53.238981,VIN-342860,2149,95,P0171,⚠️ CRITICAL DEVIATION DETECTED,2026-07-31 02:38:47.147563
2026-07-31 05:23:56.238981,VIN-477952,2495,87,P0300,⚠️ CRITICAL DEVIATION DETECTED,2026-07-31 02:38:47.151661
2026-07-31 05:23:58.238981,VIN-354659,1638,97,P0420,⚠️ CRITICAL DEVIATION DETECTED,2026-07-31 02:38:47.154542
2026-07-31 05:24:00.238981,VIN-068278,2273,99,P0171,⚠️ CRITICAL DEVIATION DETECTED,2026-07-31 02:38:47.157653
2026-07-31 05:24:03.238981,VIN-138179,3500,98,P0171,⚠️ CRITICAL DEVIATION DETECTED,2026-07-31 02:38:47.160331
2026-07-31 05:24:04.238981,VIN-789093,2171,97,P0171,⚠️ CRITICAL DEVIATION DETECTED,2026-07-31 02:38:47.163404
2026-07-31 05:24:05.238981,VIN-303059,2365,97,P0300,⚠️ CRITICAL DEVIATION DETECTED,2026-07-31 02:38:47.166569
2026-07-31 05:24:07.238981,VIN-537419,2072,88,P0171,⚠️ CRITICAL DEVIATION DETECTED,2026-07-31 02:38:47.169849
2026-07-31 05:24:08.238981,VIN-794104,1574,91,P0171,⚠️ CRITICAL DEVIATION DETECTED,2026-07-31 02:38:47.174121
2026-07-31 05:24:09.238981,VIN-425798,2256,85,P0420,⚠️ CRITICAL DEVIATION DETECTED,2026-07-31 02:38:47.177179
2026-07-31 05:24:10.238981,VIN-174077,3311,92,P0300,⚠️ CRITICAL DEVIATION DETECTED,2026-07-31 02:38:47.180264
2026-07-31 05:24:16.238981,VIN-523133,2020,88,P0171,⚠️ CRITICAL DEVIATION DETECTED,2026-07-31 02:38:47.183779
2026-07-31 05:24:17.238981,VIN-995917,0,92,P0171,⚠️ CRITICAL DEVIATION DETECTED,2026-07-31 02:38:47.186843
2026-07-31 05:24:19.238981,VIN-879151,2573,89,P0420,⚠️ CRITICAL DEVIATION DETECTED,2026-07-31 02:38:47.189947
2026-07-31 05:24:22.238981,VIN-177293,2544,91,P0300,⚠️ CRITICAL DEVIATION DETECTED,2026-07-31 02:38:47.193700
2026-07-31 05:24:24.238981,VIN-473051,3115,99,P0171,⚠️ CRITICAL DEVIATION DETECTED,2026-07-31 02:38:47.197100
2026-07-31 05:24:27.238981,VIN-558996,2521,87,P0420,⚠️ CRITICAL DEVIATION DETECTED,2026-07-31 02:38:47.201658
2026-07-31 05:24:29.238981,VIN-550399,3342,97,P0300,⚠️ CRITICAL DEVIATION DETECTED,2026-07-31 02:38:47.206582
2026-07-31 05:24:31.238981,VIN-137487,2568,88,P0420,⚠️ CRITICAL DEVIATION DETECTED,2026-07-31 02:38:47.217866
2026-07-31 05:24:32.238981,VIN-139642,2450,91,P0300,⚠️ CRITICAL DEVIATION DETECTED,2026-07-31 02:38:47.221341
2026-07-31 05:24:33.238981,VIN-705645,3024,97,P0420,⚠️ CRITICAL DEVIATION DETECTED,2026-07-31 02:38:47.238010
2026-07-31 05:24:39.238981,VIN-564454,2304,85,P0420,⚠️ CRITICAL DEVIATION DETECTED,2026-07-31 02:38:47.241352
2026-07-31 05:24:40.238981,VIN-718849,1809,100,P0171,⚠️ CRITICAL DEVIATION DETECTED,2026-07-31 02:38:47.246014
2026-07-31 05:24:52.238981,VIN-839333,3435,93,P0171,⚠️ CRITICAL DEVIATION DETECTED,2026-07-31 02:38:47.249171
2026-07-31 05:24:54.238981,VIN-129744,1885,102,P0171,⚠️ CRITICAL DEVIATION DETECTED,2026-07-31 02:38:47.251971
2026-07-31 05:24:57.238981,VIN-881187,2574,104,P0420,⚠️ CRITICAL DEVIATION DETECTED,2026-07-31 02:38:47.254574
2026-07-31 05:25:00.238981,VIN-820594,3141,91,P0420,⚠️ CRITICAL DEVIATION DETECTED,2026-07-31 02:38:47.256993
2026-07-31 05:25:02.238981,VIN-650217,2327,100,P0420,⚠️ CRITICAL DEVIATION DETECTED,2026-07-31 02:38:47.260060
2026-07-31 05:25:03.238981,VIN-447490,3176,105,P0300,⚠️ CRITICAL DEVIATION DETECTED,2026-07-31 02:38:47.263332
